
[2026-09-20 22:15:22.457042] Failed: https://youtu.be/3_mFgnF9Fok
Traceback (most recent call last):
  File "C:\Users\n\Documents\hotshort\local_worker.py", line 2274, in _process_job
    consumer.start()
    ^^^^^^^^^^^^^^^
  File "C:\Program Files\Python311\Lib\threading.py", line 1119, in join
    self._wait_for_tstate_lock()
  File "C:\Program Files\Python311\Lib\threading.py", line 1139, in _wait_for_tstate_lock
    if lock.acquire(block, timeout):
       ^^^^^^^^^^^^^^^^^^^^^^^^^^^^
KeyboardInterrupt

During handling of the above exception, another exception occurred:

Traceback (most recent call last):
  File "C:\Program Files\Python311\Lib\shutil.py", line 632, in _rmtree_unsafe
    os.unlink(fullname)
PermissionError: [WinError 32] The process cannot access the file because it is being used by another process: 'C:\\Users\\n\\AppData\\Local\\Temp\\tmpbil9mmth\\video.mp4'

During handling of the above exception, another exception occurred:

Traceback (most recent call last):
  File "C:\Users\n\Documents\hotshort\Overnight_Factory\auto_factory.py", line 142, in run_factory
    _process_job(job_dict, cloudinary_ok=False)
  File "C:\Users\n\Documents\hotshort\local_worker.py", line 1788, in _process_job
    with tempfile.TemporaryDirectory() as tmp:
  File "C:\Program Files\Python311\Lib\tempfile.py", line 943, in __exit__
    self.cleanup()
  File "C:\Program Files\Python311\Lib\tempfile.py", line 947, in cleanup
    self._rmtree(self.name, ignore_errors=self._ignore_cleanup_errors)
  File "C:\Program Files\Python311\Lib\tempfile.py", line 929, in _rmtree
    _shutil.rmtree(name, onerror=onerror)
  File "C:\Program Files\Python311\Lib\shutil.py", line 787, in rmtree
    return _rmtree_unsafe(path, onerror)
           ^^^^^^^^^^^^^^^^^^^^^^^^^^^^^
  File "C:\Program Files\Python311\Lib\shutil.py", line 634, in _rmtree_unsafe
    onerror(os.unlink, fullname, sys.exc_info())
  File "C:\Program Files\Python311\Lib\tempfile.py", line 893, in onerror
    _os.unlink(path)
PermissionError: [WinError 32] The process cannot access the file because it is being used by another process: 'C:\\Users\\n\\AppData\\Local\\Temp\\tmpbil9mmth\\video.mp4'


[2026-09-21 13:03:17.406939] Failed: https://youtu.be/aobHuNcI1QM
Traceback (most recent call last):
  File "C:\Users\n\Documents\hotshort\local_worker.py", line 1934, in run_orchestrator
    with ThreadPoolExecutor(max_workers=_classify_workers) as _pool:
         ^^^^^^^^^^^^^^^^^^^^^^^^^^^^^^^^^^^^^^^^^^^^^^^^^
  File "C:\Program Files\Python311\Lib\concurrent\futures\thread.py", line 144, in __init__
    raise ValueError("max_workers must be greater than 0")
ValueError: max_workers must be greater than 0

The above exception was the direct cause of the following exception:

Traceback (most recent call last):
  File "C:\Users\n\Documents\hotshort\Overnight_Factory\auto_factory.py", line 142, in run_factory
    _process_job(job_dict, cloudinary_ok=False)
  File "C:\Users\n\Documents\hotshort\local_worker.py", line 2286, in _process_job
    raise RuntimeError(f"Orchestrator failed before producing clips: {orch_state['error']}") from orch_state["error"]
RuntimeError: Orchestrator failed before producing clips: max_workers must be greater than 0


[2026-09-24 11:05:03.097972] Failed: https://youtu.be/tTpr_-DWvek
Traceback (most recent call last):
  File "C:\Users\n\Documents\hotshort\Overnight_Factory\auto_factory.py", line 241, in run_factory
    for clip_file in Path(campaign_dir).rglob("*.mp4"):
                     ^^^^
NameError: name 'Path' is not defined


[2026-09-24 12:16:32.426129] Failed: https://youtu.be/JdtyQDvriso
Traceback (most recent call last):
  File "C:\Users\n\Documents\hotshort\Overnight_Factory\auto_factory.py", line 241, in run_factory
    for clip_file in Path(campaign_dir).rglob("*.mp4"):
                     ^^^^
NameError: name 'Path' is not defined


[2026-09-27 16:18:31.461844] Failed: https://youtu.be/eriWimHSMwE?si=Nd5Y9QKMJPBRDZR5
Traceback (most recent call last):
  File "C:\Users\n\Documents\hotshort\local_worker.py", line 2285, in _process_job
    producer.join()
  File "C:\Program Files\Python311\Lib\threading.py", line 1119, in join
    self._wait_for_tstate_lock()
  File "C:\Program Files\Python311\Lib\threading.py", line 1139, in _wait_for_tstate_lock
    if lock.acquire(block, timeout):
       ^^^^^^^^^^^^^^^^^^^^^^^^^^^^
KeyboardInterrupt

During handling of the above exception, another exception occurred:

Traceback (most recent call last):
  File "C:\Program Files\Python311\Lib\shutil.py", line 632, in _rmtree_unsafe
    os.unlink(fullname)
PermissionError: [WinError 32] The process cannot access the file because it is being used by another process: 'C:\\Users\\n\\AppData\\Local\\Temp\\tmp1w0xiase\\clip_13_3267_3338.mp4'

During handling of the above exception, another exception occurred:

Traceback (most recent call last):
  File "C:\Users\n\Documents\hotshort\Overnight_Factory\auto_factory.py", line 249, in run_factory
    _process_job(job_dict, cloudinary_ok=False)
  File "C:\Users\n\Documents\hotshort\local_worker.py", line 1788, in _process_job
    with tempfile.TemporaryDirectory() as tmp:
  File "C:\Program Files\Python311\Lib\tempfile.py", line 943, in __exit__
    self.cleanup()
  File "C:\Program Files\Python311\Lib\tempfile.py", line 947, in cleanup
    self._rmtree(self.name, ignore_errors=self._ignore_cleanup_errors)
  File "C:\Program Files\Python311\Lib\tempfile.py", line 929, in _rmtree
    _shutil.rmtree(name, onerror=onerror)
  File "C:\Program Files\Python311\Lib\shutil.py", line 787, in rmtree
    return _rmtree_unsafe(path, onerror)
           ^^^^^^^^^^^^^^^^^^^^^^^^^^^^^
  File "C:\Program Files\Python311\Lib\shutil.py", line 634, in _rmtree_unsafe
    onerror(os.unlink, fullname, sys.exc_info())
  File "C:\Program Files\Python311\Lib\tempfile.py", line 893, in onerror
    _os.unlink(path)
PermissionError: [WinError 32] The process cannot access the file because it is being used by another process: 'C:\\Users\\n\\AppData\\Local\\Temp\\tmp1w0xiase\\clip_13_3267_3338.mp4'


[2026-09-29 11:45:21.572497] Failed: https://youtu.be/VdLKK1EQ92A?si=1wrbPM6RHL9KnipC
Traceback (most recent call last):
  File "C:\Users\n\Documents\hotshort\Overnight_Factory\auto_factory.py", line 249, in run_factory
    _process_job(job_dict, cloudinary_ok=False)
  File "C:\Users\n\Documents\hotshort\local_worker.py", line 2303, in _process_job
    raise RuntimeError(f"All {len(failed)} clip(s) failed during editing → {summary}")
RuntimeError: All 18 clip(s) failed during editing → [586.15-656.75]: FFmpeg failed with exit code 4294967274:
ffmpeg version N-125674-g9bc73ba344-20260719 Copyright (c) 2000-2026 the FFmpeg developers
  built with gcc 15.2.0 (crosstool-NG 1.28.0.23_185f348)
  configuration: --prefix=/ffbuild/prefix --pkg-config-flags=--static --pkg-config=pkg-config --cross-prefix=x86_64-w64-mingw32- --arch=x86_64 --target-os=mingw32 --enable-gpl --enable-version3 --disable-debug --disable-w32threads --enable-pthreads --enable-iconv --enable-zlib --enable-libxml2 --enable-libvmaf --enable-fontconfig --enable-libharfbuzz --enable-libfreetype --enable-libfribidi --enable-vulkan --enable-libvorbis --disable-libxcb --disable-xlib --disable-libpulse --enable-gmp --enable-lzma --enable-liblcevc-dec --enable-opencl --enable-amf --enable-libaom --enable-libaribb24 --enable-avisynth --enable-chromaprint --enable-libdav1d --enable-libdavs2 --enable-libdvdread --enable-libdvdnav --disable-libfdk-aac --enable-ffnvcodec --enable-cuda-llvm --enable-frei0r --enable-libgme --enable-libkvazaar --enable-libaribcaption --enable-libass --enable-libbluray --enable-libjxl --enable-libmp3lame --enable-libopus --enable-libplacebo --enable-librist --enable-libssh --enable-libtheora --enable-libvpx --enable-libwebp --enable-libzmq --enable-lv2 --enable-libvpl --enable-openal --enable-liboapv --enable-libopencore-amrnb --enable-libopencore-amrwb --enable-libopenh264 --enable-libopenjpeg --enable-libopenmpt --enable-librav1e --enable-librubberband --enable-schannel --enable-sdl2 --enable-libsnappy --enable-libsoxr --enable-libsrt --enable-libsvtav1 --enable-libtwolame --enable-libuavs3d --disable-libdrm --enable-vaapi --enable-libvidstab --enable-libvvenc --disable-whisper --enable-libx264 --enable-libx265 --enable-libxavs2 --enable-libxvid --enable-libzimg --enable-libzvbi --extra-cflags=-DLIBTWOLAME_STATIC --extra-cxxflags= --extra-libs=-lgomp --extra-ldflags=-pthread --extra-ldexeflags= --cc=x86_64-w64-mingw32-gcc --cxx=x86_64-w64-mingw32-g++ --ar=x86_64-w64-mingw32-gcc-ar --ranlib=x86_64-w64-mingw32-gcc-ranlib --nm=x86_64-w64-mingw32-gcc-nm --extra-version=20260719
  libavutil      61.  5.100 / 61.  5.100
  libavcodec     63.  6.101 / 63.  6.101
  libavformat    63.  5.101 / 63.  5.101
  libavdevice    63.  2.100 / 63.  2.100
  libavfilter    12.  3.101 / 12.  3.101
  libswscale     10.  2.100 / 10.  2.100
  libswresample   7.  2.100 /  7.  2.100
[Parsed_subtitles_6 @ 0000024ec8c32580] libass API version: 0x1705000
[Parsed_subtitles_6 @ 0000024ec8c32580] libass source: meson, commit: 4a05d8127f525943ebf45fdc6497c9e665947f0d
[Parsed_subtitles_6 @ 0000024ec8c32580] Shaper: FriBidi 1.0.16 (SIMPLE) HarfBuzz-ng 14.2.1 (COMPLEX)
[Parsed_subtitles_6 @ 0000024ec8c32580] Loading font file 'C:/Windows/Fonts\8514fix.fon'
[Parsed_subtitles_6 @ 0000024ec8c32580] Loading font file 'C:/Windows/Fonts\8514fixe.fon'
[Parsed_subtitles_6 @ 0000024ec8c32580] Loading font file 'C:/Windows/Fonts\8514fixg.fon'
[Parsed_subtitles_6 @ 0000024ec8c32580] Loading font file 'C:/Windows/Fonts\8514fixr.fon'
[Parsed_subtitles_6 @ 0000024ec8c32580] Loading font file 'C:/Windows/Fonts\8514fixt.fon'
[Parsed_subtitles_6 @ 0000024ec8c32580] Loading font file 'C:/Windows/Fonts\8514oem.fon'
[Parsed_subtitles_6 @ 0000024ec8c32580] Loading font file 'C:/Windows/Fonts\8514oeme.fon'
[Parsed_subtitles_6 @ 0000024ec8c32580] Loading font file 'C:/Windows/Fonts\8514oemg.fon'
[Parsed_subtitles_6 @ 0000024ec8c32580] Loading font file 'C:/Windows/Fonts\8514oemr.fon'
[Parsed_subtitles_6 @ 0000024ec8c32580] Loading font file 'C:/Windows/Fonts\8514oemt.fon'
[Parsed_subtitles_6 @ 0000024ec8c32580] Loading font file 'C:/Windows/Fonts\8514sys.fon'
[Parsed_subtitles_6 @ 0000024ec8c32580] Loading font file 'C:/Windows/Fonts\8514syse.fon'
[Parsed_subtitles_6 @ 0000024ec8c32580] Loading font file 'C:/Windows/Fonts\8514sysg.fon'
[Parsed_subtitles_6 @ 0000024ec8c32580] Loading font file 'C:/Windows/Fonts\8514sysr.fon'
[Parsed_subtitles_6 @ 0000024ec8c32580] Loading font file 'C:/Windows/Fonts\8514syst.fon'
[Parsed_subtitles_6 @ 0000024ec8c32580] Loading font file 'C:/Windows/Fonts\85775.fon'
[Parsed_subtitles_6 @ 0000024ec8c32580] Loading font file 'C:/Windows/Fonts\85855.fon'
[Parsed_subtitles_6 @ 0000024ec8c32580] Loading font file 'C:/Windows/Fonts\85f1255.fon'
[Parsed_subtitles_6 @ 0000024ec8c32580] Loading font file 'C:/Windows/Fonts\85f1256.fon'
[Parsed_subtitles_6 @ 0000024ec8c32580] Loading font file 'C:/Windows/Fonts\85f1257.fon'
[Parsed_subtitles_6 @ 0000024ec8c32580] Loading font file 'C:/Windows/Fonts\85f874.fon'
[Parsed_subtitles_6 @ 0000024ec8c32580] Loading font file 'C:/Windows/Fonts\85s1255.fon'
[Parsed_subtitles_6 @ 0000024ec8c32580] Loading font file 'C:/Windows/Fonts\85s1256.fon'
[Parsed_subtitles_6 @ 0000024ec8c32580] Loading font file 'C:/Windows/Fonts\85s1257.fon'
[Parsed_subtitles_6 @ 0000024ec8c32580] Loading font file 'C:/Windows/Fonts\85s874.fon'
[Parsed_subtitles_6 @ 0000024ec8c32580] Loading font file 'C:/Windows/Fonts\AGENCYB.TTF'
[Parsed_subtitles_6 @ 0000024ec8c32580] Loading font file 'C:/Windows/Fonts\AGENCYR.TTF'
[Parsed_subtitles_6 @ 0000024ec8c32580] Loading font file 'C:/Windows/Fonts\ALGER.TTF'
[Parsed_subtitles_6 @ 0000024ec8c32580] Loading font file 'C:/Windows/Fonts\ANTQUAB.TTF'
[Parsed_subtitles_6 @ 0000024ec8c32580] Loading font file 'C:/Windows/Fonts\ANTQUABI.TTF'
[Parsed_subtitles_6 @ 0000024ec8c32580] Loading font file 'C:/Windows/Fonts\ANTQUAI.TTF'
[Parsed_subtitles_6 @ 0000024ec8c32580] Loading font file 'C:/Windows/Fonts\app775.fon'
[Parsed_subtitles_6 @ 0000024ec8c32580] Loading font file 'C:/Windows/Fonts\app850.fon'
[Parsed_subtitles_6 @ 0000024ec8c32580] Loading font file 'C:/Windows/Fonts\app852.fon'
[Parsed_subtitles_6 @ 0000024ec8c32580] Loading font file 'C:/Windows/Fonts\app855.fon'
[Parsed_subtitles_6 @ 0000024ec8c32580] Loading font file 'C:/Windows/Fonts\app857.fon'
[Parsed_subtitles_6 @ 0000024ec8c32580] Loading font file 'C:/Windows/Fonts\app866.fon'
[Parsed_subtitles_6 @ 0000024ec8c32580] Loading font file 'C:/Windows/Fonts\app932.fon'
[Parsed_subtitles_6 @ 0000024ec8c32580] Loading font file 'C:/Windows/Fonts\app936.fon'
[Parsed_subtitles_6 @ 0000024ec8c32580] Loading font file 'C:/Windows/Fonts\app949.fon'
[Parsed_subtitles_6 @ 0000024ec8c32580] Loading font file 'C:/Windows/Fonts\app950.fon'
[Parsed_subtitles_6 @ 0000024ec8c32580] Loading font file 'C:/Windows/Fonts\arial.ttf'
[Parsed_subtitles_6 @ 0000024ec8c32580] Loading font file 'C:/Windows/Fonts\arialbd.ttf'
[Parsed_subtitles_6 @ 0000024ec8c32580] Loading font file 'C:/Windows/Fonts\arialbi.ttf'
[Parsed_subtitles_6 @ 0000024ec8c32580] Loading font file 'C:/Windows/Fonts\ariali.ttf'
[Parsed_subtitles_6 @ 0000024ec8c32580] Loading font file 'C:/Windows/Fonts\ARIALN.TTF'
[Parsed_subtitles_6 @ 0000024ec8c32580] Loading font file 'C:/Windows/Fonts\ARIALNB.TTF'
[Parsed_subtitles_6 @ 0000024ec8c32580] Loading font file 'C:/Windows/Fonts\ARIALNBI.TTF'
[Parsed_subtitles_6 @ 0000024ec8c32580] Loading font file 'C:/Windows/Fonts\ARIALNI.TTF'
[Parsed_subtitles_6 @ 0000024ec8c32580] Loading font file 'C:/Windows/Fonts\ariblk.ttf'
[Parsed_subtitles_6 @ 0000024ec8c32580] Loading font file 'C:/Windows/Fonts\ARLRDBD.TTF'
[Parsed_subtitles_6 @ 0000024ec8c32580] Loading font file 'C:/Windows/Fonts\bahnschrift.ttf'
[Parsed_subtitles_6 @ 0000024ec8c32580] Loading font file 'C:/Windows/Fonts\BASKVILL.TTF'
[Parsed_subtitles_6 @ 0000024ec8c32580] Loading font file 'C:/Windows/Fonts\BAUHS93.TTF'
[Parsed_subtitles_6 @ 0000024ec8c32580] Loading font file 'C:/Windows/Fonts\BELL.TTF'
[Parsed_subtitles_6 @ 0000024ec8c32580] Loading font file 'C:/Windows/Fonts\BELLB.TTF'
[Parsed_subtitles_6 @ 0000024ec8c32580] Loading font file 'C:/Windows/Fonts\BELLI.TTF'
[Parsed_subtitles_6 @ 0000024ec8c32580] Loading font file 'C:/Windows/Fonts\BERNHC.TTF'
[Parsed_subtitles_6 @ 0000024ec8c32580] Loading font file 'C:/Windows/Fonts\BKANT.TTF'
[Parsed_subtitles_6 @ 0000024ec8c32580] Loading font file 'C:/Windows/Fonts\BOD_B.TTF'
[Parsed_subtitles_6 @ 0000024ec8c32580] Loading font file 'C:/Windows/Fonts\BOD_BI.TTF'
[Parsed_subtitles_6 @ 0000024ec8c32580] Loading font file 'C:/Windows/Fonts\BOD_BLAI.TTF'
[Parsed_subtitles_6 @ 0000024ec8c32580] Loading font file 'C:/Windows/Fonts\BOD_BLAR.TTF'
[Parsed_subtitles_6 @ 0000024ec8c32580] Loading font file 'C:/Windows/Fonts\BOD_CB.TTF'
[Parsed_subtitles_6 @ 0000024ec8c32580] Loading font file 'C:/Windows/Fonts\BOD_CBI.TTF'
[Parsed_subtitles_6 @ 0000024ec8c32580] Loading font file 'C:/Windows/Fonts\BOD_CI.TTF'
[Parsed_subtitles_6 @ 0000024ec8c32580] Loading font file 'C:/Windows/Fonts\BOD_CR.TTF'
[Parsed_subtitles_6 @ 0000024ec8c32580] Loading font file 'C:/Windows/Fonts\BOD_I.TTF'
[Parsed_subtitles_6 @ 0000024ec8c32580] Loading font file 'C:/Windows/Fonts\BOD_PSTC.TTF'
[Parsed_subtitles_6 @ 0000024ec8c32580] Loading font file 'C:/Windows/Fonts\BOD_R.TTF'
[Parsed_subtitles_6 @ 0000024ec8c32580] Loading font file 'C:/Windows/Fonts\BOOKOS.TTF'
[Parsed_subtitles_6 @ 0000024ec8c32580] Loading font file 'C:/Windows/Fonts\BOOKOSB.TTF'
[Parsed_subtitles_6 @ 0000024ec8c32580] Loading font file 'C:/Windows/Fonts\BOOKOSBI.TTF'
[Parsed_subtitles_6 @ 0000024ec8c32580] Loading font file 'C:/Windows/Fonts\BOOKOSI.TTF'
[Parsed_subtitles_6 @ 0000024ec8c32580] Loading font file 'C:/Windows/Fonts\BRADHITC.TTF'
[Parsed_subtitles_6 @ 0000024ec8c32580] Loading font file 'C:/Windows/Fonts\BRITANIC.TTF'
[Parsed_subtitles_6 @ 0000024ec8c32580] Loading font file 'C:/Windows/Fonts\BRLNSB.TTF'
[Parsed_subtitles_6 @ 0000024ec8c32580] Loading font file 'C:/Windows/Fonts\BRLNSDB.TTF'
[Parsed_subtitles_6 @ 0000024ec8c32580] Loading font file 'C:/Windows/Fonts\BRLNSR.TTF'
[Parsed_subtitles_6 @ 0000024ec8c32580] Loading font file 'C:/Windows/Fonts\BROADW.TTF'
[Parsed_subtitles_6 @ 0000024ec8c32580] Loading font file 'C:/Windows/Fonts\BRUSHSCI.TTF'
[Parsed_subtitles_6 @ 0000024ec8c32580] Loading font file 'C:/Windows/Fonts\BSSYM7.TTF'
[Parsed_subtitles_6 @ 0000024ec8c32580] Loading font file 'C:/Windows/Fonts\c8514fix.fon'
[Parsed_subtitles_6 @ 0000024ec8c32580] Loading font file 'C:/Windows/Fonts\c8514oem.fon'
[Parsed_subtitles_6 @ 0000024ec8c32580] Loading font file 'C:/Windows/Fonts\c8514sys.fon'
[Parsed_subtitles_6 @ 0000024ec8c32580] Loading font file 'C:/Windows/Fonts\calibri.ttf'
[Parsed_subtitles_6 @ 0000024ec8c32580] Loading font file 'C:/Windows/Fonts\calibrib.ttf'
[Parsed_subtitles_6 @ 0000024ec8c32580] Loading font file 'C:/Windows/Fonts\calibrii.ttf'
[Parsed_subtitles_6 @ 0000024ec8c32580] Loading font file 'C:/Windows/Fonts\calibril.ttf'
[Parsed_subtitles_6 @ 0000024ec8c32580] Loading font file 'C:/Windows/Fonts\calibrili.ttf'
[Parsed_subtitles_6 @ 0000024ec8c32580] Loading font file 'C:/Windows/Fonts\calibriz.ttf'
[Parsed_subtitles_6 @ 0000024ec8c32580] Loading font file 'C:/Windows/Fonts\CALIFB.TTF'
[Parsed_subtitles_6 @ 0000024ec8c32580] Loading font file 'C:/Windows/Fonts\CALIFI.TTF'
[Parsed_subtitles_6 @ 0000024ec8c32580] Loading font file 'C:/Windows/Fonts\CALIFR.TTF'
[Parsed_subtitles_6 @ 0000024ec8c32580] Loading font file 'C:/Windows/Fonts\CALIST.TTF'
[Parsed_subtitles_6 @ 0000024ec8c32580] Loading font file 'C:/Windows/Fonts\CALISTB.TTF'
[Parsed_subtitles_6 @ 0000024ec8c32580] Loading font file 'C:/Windows/Fonts\CALISTBI.TTF'
[Parsed_subtitles_6 @ 0000024ec8c32580] Loading font file 'C:/Windows/Fonts\CALISTI.TTF'
[Parsed_subtitles_6 @ 0000024ec8c32580] Loading font file 'C:/Windows/Fonts\cambria.ttc'
[Parsed_subtitles_6 @ 0000024ec8c32580] Loading font file 'C:/Windows/Fonts\cambriab.ttf'
[Parsed_subtitles_6 @ 0000024ec8c32580] Loading font file 'C:/Windows/Fonts\cambriai.ttf'
[Parsed_subtitles_6 @ 0000024ec8c32580] Loading font file 'C:/Windows/Fonts\cambriaz.ttf'
[Parsed_subtitles_6 @ 0000024ec8c32580] Loading font file 'C:/Windows/Fonts\Candara.ttf'
[Parsed_subtitles_6 @ 0000024ec8c32580] Loading font file 'C:/Windows/Fonts\Candarab.ttf'
[Parsed_subtitles_6 @ 0000024ec8c32580] Loading font file 'C:/Windows/Fonts\Candarai.ttf'
[Parsed_subtitles_6 @ 0000024ec8c32580] Loading font file 'C:/Windows/Fonts\Candaral.ttf'
[Parsed_subtitles_6 @ 0000024ec8c32580] Loading font file 'C:/Windows/Fonts\Candarali.ttf'
[Parsed_subtitles_6 @ 0000024ec8c32580] Loading font file 'C:/Windows/Fonts\Candaraz.ttf'
[Parsed_subtitles_6 @ 0000024ec8c32580] Loading font file 'C:/Windows/Fonts\CascadiaCode.ttf'
[Parsed_subtitles_6 @ 0000024ec8c32580] Loading font file 'C:/Windows/Fonts\CascadiaMono.ttf'
[Parsed_subtitles_6 @ 0000024ec8c32580] Loading font file 'C:/Windows/Fonts\CASTELAR.TTF'
[Parsed_subtitles_6 @ 0000024ec8c32580] Loading font file 'C:/Windows/Fonts\CENSCBK.TTF'
[Parsed_subtitles_6 @ 0000024ec8c32580] Loading font file 'C:/Windows/Fonts\CENTAUR.TTF'
[Parsed_subtitles_6 @ 0000024ec8c32580] Loading font file 'C:/Windows/Fonts\CENTURY.TTF'
[Parsed_subtitles_6 @ 0000024ec8c32580] Loading font file 'C:/Windows/Fonts\cga40737.fon'
[Parsed_subtitles_6 @ 0000024ec8c32580] Loading font file 'C:/Windows/Fonts\cga40850.fon'
[Parsed_subtitles_6 @ 0000024ec8c32580] Loading font file 'C:/Windows/Fonts\cga40852.fon'
[Parsed_subtitles_6 @ 0000024ec8c32580] Loading font file 'C:/Windows/Fonts\cga40857.fon'
[Parsed_subtitles_6 @ 0000024ec8c32580] Loading font file 'C:/Windows/Fonts\cga40866.fon'
[Parsed_subtitles_6 @ 0000024ec8c32580] Loading font file 'C:/Windows/Fonts\cga40869.fon'
[Parsed_subtitles_6 @ 0000024ec8c32580] Loading font file 'C:/Windows/Fonts\cga40woa.fon'
[Parsed_subtitles_6 @ 0000024ec8c32580] Loading font file 'C:/Windows/Fonts\cga80737.fon'
[Parsed_subtitles_6 @ 0000024ec8c32580] Loading font file 'C:/Windows/Fonts\cga80850.fon'
[Parsed_subtitles_6 @ 0000024ec8c32580] Loading font file 'C:/Windows/Fonts\cga80852.fon'
[Parsed_subtitles_6 @ 0000024ec8c32580] Loading font file 'C:/Windows/Fonts\cga80857.fon'
[Parsed_subtitles_6 @ 0000024ec8c32580] Loading font file 'C:/Windows/Fonts\cga80866.fon'
[Parsed_subtitles_6 @ 0000024ec8c32580] Loading font file 'C:/Windows/Fonts\cga80869.fon'
[Parsed_subtitles_6 @ 0000024ec8c32580] Loading font file 'C:/Windows/Fonts\cga80woa.fon'
[Parsed_subtitles_6 @ 0000024ec8c32580] Loading font file 'C:/Windows/Fonts\CHILLER.TTF'
[Parsed_subtitles_6 @ 0000024ec8c32580] Loading font file 'C:/Windows/Fonts\COLONNA.TTF'
[Parsed_subtitles_6 @ 0000024ec8c32580] Loading font file 'C:/Windows/Fonts\comic.ttf'
[Parsed_subtitles_6 @ 0000024ec8c32580] Loading font file 'C:/Windows/Fonts\comicbd.ttf'
[Parsed_subtitles_6 @ 0000024ec8c32580] Loading font file 'C:/Windows/Fonts\comici.ttf'
[Parsed_subtitles_6 @ 0000024ec8c32580] Loading font file 'C:/Windows/Fonts\comicz.ttf'
[Parsed_subtitles_6 @ 0000024ec8c32580] Loading font file 'C:/Windows/Fonts\consola.ttf'
[Parsed_subtitles_6 @ 0000024ec8c32580] Loading font file 'C:/Windows/Fonts\consolab.ttf'
[Parsed_subtitles_6 @ 0000024ec8c32580] Loading font file 'C:/Windows/Fonts\consolai.ttf'
[Parsed_subtitles_6 @ 0000024ec8c32580] Loading font file 'C:/Windows/Fonts\consolaz.ttf'
[Parsed_subtitles_6 @ 0000024ec8c32580] Loading font file 'C:/Windows/Fonts\constan.ttf'
[Parsed_subtitles_6 @ 0000024ec8c32580] Loading font file 'C:/Windows/Fonts\constanb.ttf'
[Parsed_subtitles_6 @ 0000024ec8c32580] Loading font file 'C:/Windows/Fonts\constani.ttf'
[Parsed_subtitles_6 @ 0000024ec8c32580] Loading font file 'C:/Windows/Fonts\constanz.ttf'
[Parsed_subtitles_6 @ 0000024ec8c32580] Loading font file 'C:/Windows/Fonts\COOPBL.TTF'
[Parsed_subtitles_6 @ 0000024ec8c32580] Loading font file 'C:/Windows/Fonts\COPRGTB.TTF'
[Parsed_subtitles_6 @ 0000024ec8c32580] Loading font file 'C:/Windows/Fonts\COPRGTL.TTF'
[Parsed_subtitles_6 @ 0000024ec8c32580] Loading font file 'C:/Windows/Fonts\corbel.ttf'
[Parsed_subtitles_6 @ 0000024ec8c32580] Loading font file 'C:/Windows/Fonts\corbelb.ttf'
[Parsed_subtitles_6 @ 0000024ec8c32580] Loading font file 'C:/Windows/Fonts\corbeli.ttf'
[Parsed_subtitles_6 @ 0000024ec8c32580] Loading font file 'C:/Windows/Fonts\corbell.ttf'
[Parsed_subtitles_6 @ 0000024ec8c32580] Loading font file 'C:/Windows/Fonts\corbelli.ttf'
[Parsed_subtitles_6 @ 0000024ec8c32580] Loading font file 'C:/Windows/Fonts\corbelz.ttf'
[Parsed_subtitles_6 @ 0000024ec8c32580] Loading font file 'C:/Windows/Fonts\coue1255.fon'
[Parsed_subtitles_6 @ 0000024ec8c32580] Loading font file 'C:/Windows/Fonts\coue1256.fon'
[Parsed_subtitles_6 @ 0000024ec8c32580] Loading font file 'C:/Windows/Fonts\coue1257.fon'
[Parsed_subtitles_6 @ 0000024ec8c32580] Loading font file 'C:/Windows/Fonts\couf1255.fon'
[Parsed_subtitles_6 @ 0000024ec8c32580] Loading font file 'C:/Windows/Fonts\couf1256.fon'
[Parsed_subtitles_6 @ 0000024ec8c32580] Loading font file 'C:/Windows/Fonts\couf1257.fon'
[Parsed_subtitles_6 @ 0000024ec8c32580] Loading font file 'C:/Windows/Fonts\cour.ttf'
[Parsed_subtitles_6 @ 0000024ec8c32580] Loading font file 'C:/Windows/Fonts\courbd.ttf'
[Parsed_subtitles_6 @ 0000024ec8c32580] Loading font file 'C:/Windows/Fonts\courbi.ttf'
[Parsed_subtitles_6 @ 0000024ec8c32580] Loading font file 'C:/Windows/Fonts\coure.fon'
[Parsed_subtitles_6 @ 0000024ec8c32580] Loading font file 'C:/Windows/Fonts\couree.fon'
[Parsed_subtitles_6 @ 0000024ec8c32580] Loading font file 'C:/Windows/Fonts\coureg.fon'
[Parsed_subtitles_6 @ 0000024ec8c32580] Loading font file 'C:/Windows/Fonts\courer.fon'
[Parsed_subtitles_6 @ 0000024ec8c32580] Loading font file 'C:/Windows/Fonts\couret.fon'
[Parsed_subtitles_6 @ 0000024ec8c32580] Loading font file 'C:/Windows/Fonts\courf.fon'
[Parsed_subtitles_6 @ 0000024ec8c32580] Loading font file 'C:/Windows/Fonts\courfe.fon'
[Parsed_subtitles_6 @ 0000024ec8c32580] Loading font file 'C:/Windows/Fonts\courfg.fon'
[Parsed_subtitles_6 @ 0000024ec8c32580] Loading font file 'C:/Windows/Fonts\courfr.fon'
[Parsed_subtitles_6 @ 0000024ec8c32580] Loading font file 'C:/Windows/Fonts\courft.fon'
[Parsed_subtitles_6 @ 0000024ec8c32580] Loading font file 'C:/Windows/Fonts\couri.ttf'
[Parsed_subtitles_6 @ 0000024ec8c32580] Loading font file 'C:/Windows/Fonts\CURLZ___.TTF'
[Parsed_subtitles_6 @ 0000024ec8c32580] Loading font file 'C:/Windows/Fonts\cvgafix.fon'
[Parsed_subtitles_6 @ 0000024ec8c32580] Loading font file 'C:/Windows/Fonts\cvgasys.fon'
[Parsed_subtitles_6 @ 0000024ec8c32580] Loading font file 'C:/Windows/Fonts\desktop.ini'
[Parsed_subtitles_6 @ 0000024ec8c32580] Loading font file 'C:/Windows/Fonts\dos737.fon'
[Parsed_subtitles_6 @ 0000024ec8c32580] Loading font file 'C:/Windows/Fonts\dos869.fon'
[Parsed_subtitles_6 @ 0000024ec8c32580] Loading font file 'C:/Windows/Fonts\dosapp.fon'
[Parsed_subtitles_6 @ 0000024ec8c32580] Loading font file 'C:/Windows/Fonts\DUBAI-BOLD.TTF'
[Parsed_subtitles_6 @ 0000024ec8c32580] Loading font file 'C:/Windows/Fonts\DUBAI-LIGHT.TTF'
[Parsed_subtitles_6 @ 0000024ec8c32580] Loading font file 'C:/Windows/Fonts\DUBAI-MEDIUM.TTF'
[Parsed_subtitles_6 @ 0000024ec8c32580] Loading font file 'C:/Windows/Fonts\DUBAI-REGULAR.TTF'
[Parsed_subtitles_6 @ 0000024ec8c32580] Loading font file 'C:/Windows/Fonts\ebrima.ttf'
[Parsed_subtitles_6 @ 0000024ec8c32580] Loading font file 'C:/Windows/Fonts\ebrimabd.ttf'
[Parsed_subtitles_6 @ 0000024ec8c32580] Loading font file 'C:/Windows/Fonts\ega40737.fon'
[Parsed_subtitles_6 @ 0000024ec8c32580] Loading font file 'C:/Windows/Fonts\ega40850.fon'
[Parsed_subtitles_6 @ 0000024ec8c32580] Loading font file 'C:/Windows/Fonts\ega40852.fon'
[Parsed_subtitles_6 @ 0000024ec8c32580] Loading font file 'C:/Windows/Fonts\ega40857.fon'
[Parsed_subtitles_6 @ 0000024ec8c32580] Loading font file 'C:/Windows/Fonts\ega40866.fon'
[Parsed_subtitles_6 @ 0000024ec8c32580] Loading font file 'C:/Windows/Fonts\ega40869.fon'
[Parsed_subtitles_6 @ 0000024ec8c32580] Loading font file 'C:/Windows/Fonts\ega40woa.fon'
[Parsed_subtitles_6 @ 0000024ec8c32580] Loading font file 'C:/Windows/Fonts\ega80737.fon'
[Parsed_subtitles_6 @ 0000024ec8c32580] Loading font file 'C:/Windows/Fonts\ega80850.fon'
[Parsed_subtitles_6 @ 0000024ec8c32580] Loading font file 'C:/Windows/Fonts\ega80852.fon'
[Parsed_subtitles_6 @ 0000024ec8c32580] Loading font file 'C:/Windows/Fonts\ega80857.fon'
[Parsed_subtitles_6 @ 0000024ec8c32580] Loading font file 'C:/Windows/Fonts\ega80866.fon'
[Parsed_subtitles_6 @ 0000024ec8c32580] Loading font file 'C:/Windows/Fonts\ega80869.fon'
[Parsed_subtitles_6 @ 0000024ec8c32580] Loading font file 'C:/Windows/Fonts\ega80woa.fon'
[Parsed_subtitles_6 @ 0000024ec8c32580] Loading font file 'C:/Windows/Fonts\ELEPHNT.TTF'
[Parsed_subtitles_6 @ 0000024ec8c32580] Loading font file 'C:/Windows/Fonts\ELEPHNTI.TTF'
[Parsed_subtitles_6 @ 0000024ec8c32580] Loading font file 'C:/Windows/Fonts\ENGR.TTF'
[Parsed_subtitles_6 @ 0000024ec8c32580] Loading font file 'C:/Windows/Fonts\ERASBD.TTF'
[Parsed_subtitles_6 @ 0000024ec8c32580] Loading font file 'C:/Windows/Fonts\ERASDEMI.TTF'
[Parsed_subtitles_6 @ 0000024ec8c32580] Loading font file 'C:/Windows/Fonts\ERASLGHT.TTF'
[Parsed_subtitles_6 @ 0000024ec8c32580] Loading font file 'C:/Windows/Fonts\ERASMD.TTF'
[Parsed_subtitles_6 @ 0000024ec8c32580] Loading font file 'C:/Windows/Fonts\FELIXTI.TTF'
[Parsed_subtitles_6 @ 0000024ec8c32580] Loading font file 'C:/Windows/Fonts\fms_metadata.xml'
[Parsed_subtitles_6 @ 0000024ec8c32580] Loading font file 'C:/Windows/Fonts\FORTE.TTF'
[Parsed_subtitles_6 @ 0000024ec8c32580] Loading font file 'C:/Windows/Fonts\FRABK.TTF'
[Parsed_subtitles_6 @ 0000024ec8c32580] Loading font file 'C:/Windows/Fonts\FRABKIT.TTF'
[Parsed_subtitles_6 @ 0000024ec8c32580] Loading font file 'C:/Windows/Fonts\FRADM.TTF'
[Parsed_subtitles_6 @ 0000024ec8c32580] Loading font file 'C:/Windows/Fonts\FRADMCN.TTF'
[Parsed_subtitles_6 @ 0000024ec8c32580] Loading font file 'C:/Windows/Fonts\FRADMIT.TTF'
[Parsed_subtitles_6 @ 0000024ec8c32580] Loading font file 'C:/Windows/Fonts\FRAHV.TTF'
[Parsed_subtitles_6 @ 0000024ec8c32580] Loading font file 'C:/Windows/Fonts\FRAHVIT.TTF'
[Parsed_subtitles_6 @ 0000024ec8c32580] Loading font file 'C:/Windows/Fonts\framd.ttf'
[Parsed_subtitles_6 @ 0000024ec8c32580] Loading font file 'C:/Windows/Fonts\FRAMDCN.TTF'
[Parsed_subtitles_6 @ 0000024ec8c32580] Loading font file 'C:/Windows/Fonts\framdit.ttf'
[Parsed_subtitles_6 @ 0000024ec8c32580] Loading font file 'C:/Windows/Fonts\FREESCPT.TTF'
[Parsed_subtitles_6 @ 0000024ec8c32580] Loading font file 'C:/Windows/Fonts\FRSCRIPT.TTF'
[Parsed_subtitles_6 @ 0000024ec8c32580] Loading font file 'C:/Windows/Fonts\FTLTLT.TTF'
[Parsed_subtitles_6 @ 0000024ec8c32580] Loading font file 'C:/Windows/Fonts\Gabriola.ttf'
[Parsed_subtitles_6 @ 0000024ec8c32580] Loading font file 'C:/Windows/Fonts\gadugi.ttf'
[Parsed_subtitles_6 @ 0000024ec8c32580] Loading font file 'C:/Windows/Fonts\gadugib.ttf'
[Parsed_subtitles_6 @ 0000024ec8c32580] Loading font file 'C:/Windows/Fonts\GARA.TTF'
[Parsed_subtitles_6 @ 0000024ec8c32580] Loading font file 'C:/Windows/Fonts\GARABD.TTF'
[Parsed_subtitles_6 @ 0000024ec8c32580] Loading font file 'C:/Windows/Fonts\GARAIT.TTF'
[Parsed_subtitles_6 @ 0000024ec8c32580] Loading font file 'C:/Windows/Fonts\georgia.ttf'
[Parsed_subtitles_6 @ 0000024ec8c32580] Loading font file 'C:/Windows/Fonts\georgiab.ttf'
[Parsed_subtitles_6 @ 0000024ec8c32580] Loading font file 'C:/Windows/Fonts\georgiai.ttf'
[Parsed_subtitles_6 @ 0000024ec8c32580] Loading font file 'C:/Windows/Fonts\georgiaz.ttf'
[Parsed_subtitles_6 @ 0000024ec8c32580] Loading font file 'C:/Windows/Fonts\GIGI.TTF'
[Parsed_subtitles_6 @ 0000024ec8c32580] Loading font file 'C:/Windows/Fonts\GILBI___.TTF'
[Parsed_subtitles_6 @ 0000024ec8c32580] Loading font file 'C:/Windows/Fonts\GILB____.TTF'
[Parsed_subtitles_6 @ 0000024ec8c32580] Loading font file 'C:/Windows/Fonts\GILC____.TTF'
[Parsed_subtitles_6 @ 0000024ec8c32580] Loading font file 'C:/Windows/Fonts\GILI____.TTF'
[Parsed_subtitles_6 @ 0000024ec8c32580] Loading font file 'C:/Windows/Fonts\GILLUBCD.TTF'
[Parsed_subtitles_6 @ 0000024ec8c32580] Loading font file 'C:/Windows/Fonts\GILSANUB.TTF'
[Parsed_subtitles_6 @ 0000024ec8c32580] Loading font file 'C:/Windows/Fonts\GIL_____.TTF'
[Parsed_subtitles_6 @ 0000024ec8c32580] Loading font file 'C:/Windows/Fonts\GLECB.TTF'
[Parsed_subtitles_6 @ 0000024ec8c32580] Loading font file 'C:/Windows/Fonts\GlobalMonospace.CompositeFont'
[Parsed_subtitles_6 @ 0000024ec8c32580] Loading font file 'C:/Windows/Fonts\GlobalSansSerif.CompositeFont'
[Parsed_subtitles_6 @ 0000024ec8c32580] Loading font file 'C:/Windows/Fonts\GlobalSerif.CompositeFont'
[Parsed_subtitles_6 @ 0000024ec8c32580] Loading font file 'C:/Windows/Fonts\GlobalUserInterface.CompositeFont'
[Parsed_subtitles_6 @ 0000024ec8c32580] Loading font file 'C:/Windows/Fonts\GLSNECB.TTF'
[Parsed_subtitles_6 @ 0000024ec8c32580] Loading font file 'C:/Windows/Fonts\GOTHIC.TTF'
[Parsed_subtitles_6 @ 0000024ec8c32580] Loading font file 'C:/Windows/Fonts\GOTHICB.TTF'
[Parsed_subtitles_6 @ 0000024ec8c32580] Loading font file 'C:/Windows/Fonts\GOTHICBI.TTF'
[Parsed_subtitles_6 @ 0000024ec8c32580] Loading font file 'C:/Windows/Fonts\GOTHICI.TTF'
[Parsed_subtitles_6 @ 0000024ec8c32580] Loading font file 'C:/Windows/Fonts\GOUDOS.TTF'
[Parsed_subtitles_6 @ 0000024ec8c32580] Loading font file 'C:/Windows/Fonts\GOUDOSB.TTF'
[Parsed_subtitles_6 @ 0000024ec8c32580] Loading font file 'C:/Windows/Fonts\GOUDOSI.TTF'
[Parsed_subtitles_6 @ 0000024ec8c32580] Loading font file 'C:/Windows/Fonts\GOUDYSTO.TTF'
[Parsed_subtitles_6 @ 0000024ec8c32580] Loading font file 'C:/Windows/Fonts\h8514fix.fon'
[Parsed_subtitles_6 @ 0000024ec8c32580] Loading font file 'C:/Windows/Fonts\h8514oem.fon'
[Parsed_subtitles_6 @ 0000024ec8c32580] Loading font file 'C:/Windows/Fonts\h8514sys.fon'
[Parsed_subtitles_6 @ 0000024ec8c32580] Loading font file 'C:/Windows/Fonts\HARLOWSI.TTF'
[Parsed_subtitles_6 @ 0000024ec8c32580] Loading font file 'C:/Windows/Fonts\HARNGTON.TTF'
[Parsed_subtitles_6 @ 0000024ec8c32580] Loading font file 'C:/Windows/Fonts\HATTEN.TTF'
[Parsed_subtitles_6 @ 0000024ec8c32580] Loading font file 'C:/Windows/Fonts\himalaya.ttf'
[Parsed_subtitles_6 @ 0000024ec8c32580] Loading font file 'C:/Windows/Fonts\HTOWERT.TTF'
[Parsed_subtitles_6 @ 0000024ec8c32580] Loading font file 'C:/Windows/Fonts\HTOWERTI.TTF'
[Parsed_subtitles_6 @ 0000024ec8c32580] Loading font file 'C:/Windows/Fonts\hvgafix.fon'
[Parsed_subtitles_6 @ 0000024ec8c32580] Loading font file 'C:/Windows/Fonts\hvgasys.fon'
[Parsed_subtitles_6 @ 0000024ec8c32580] Loading font file 'C:/Windows/Fonts\impact.ttf'
[Parsed_subtitles_6 @ 0000024ec8c32580] Loading font file 'C:/Windows/Fonts\IMPRISHA.TTF'
[Parsed_subtitles_6 @ 0000024ec8c32580] Loading font file 'C:/Windows/Fonts\INFROMAN.TTF'
[Parsed_subtitles_6 @ 0000024ec8c32580] Loading font file 'C:/Windows/Fonts\Inkfree.ttf'
[Parsed_subtitles_6 @ 0000024ec8c32580] Loading font file 'C:/Windows/Fonts\ITCBLKAD.TTF'
[Parsed_subtitles_6 @ 0000024ec8c32580] Loading font file 'C:/Windows/Fonts\ITCEDSCR.TTF'
[Parsed_subtitles_6 @ 0000024ec8c32580] Loading font file 'C:/Windows/Fonts\ITCKRIST.TTF'
[Parsed_subtitles_6 @ 0000024ec8c32580] Loading font file 'C:/Windows/Fonts\j8514fix.fon'
[Parsed_subtitles_6 @ 0000024ec8c32580] Loading font file 'C:/Windows/Fonts\j8514oem.fon'
[Parsed_subtitles_6 @ 0000024ec8c32580] Loading font file 'C:/Windows/Fonts\j8514sys.fon'
[Parsed_subtitles_6 @ 0000024ec8c32580] Loading font file 'C:/Windows/Fonts\javatext.ttf'
[Parsed_subtitles_6 @ 0000024ec8c32580] Loading font file 'C:/Windows/Fonts\JOKERMAN.TTF'
[Parsed_subtitles_6 @ 0000024ec8c32580] Loading font file 'C:/Windows/Fonts\jsmalle.fon'
[Parsed_subtitles_6 @ 0000024ec8c32580] Loading font file 'C:/Windows/Fonts\jsmallf.fon'
[Parsed_subtitles_6 @ 0000024ec8c32580] Loading font file 'C:/Windows/Fonts\JUICE___.TTF'
[Parsed_subtitles_6 @ 0000024ec8c32580] Loading font file 'C:/Windows/Fonts\jvgafix.fon'
[Parsed_subtitles_6 @ 0000024ec8c32580] Loading font file 'C:/Windows/Fonts\jvgasys.fon'
[Parsed_subtitles_6 @ 0000024ec8c32580] Loading font file 'C:/Windows/Fonts\KUNSTLER.TTF'
[Parsed_subtitles_6 @ 0000024ec8c32580] Loading font file 'C:/Windows/Fonts\LATINWD.TTF'
[Parsed_subtitles_6 @ 0000024ec8c32580] Loading font file 'C:/Windows/Fonts\LBRITE.TTF'
[Parsed_subtitles_6 @ 0000024ec8c32580] Loading font file 'C:/Windows/Fonts\LBRITED.TTF'
[Parsed_subtitles_6 @ 0000024ec8c32580] Loading font file 'C:/Windows/Fonts\LBRITEDI.TTF'
[Parsed_subtitles_6 @ 0000024ec8c32580] Loading font file 'C:/Windows/Fonts\LBRITEI.TTF'
[Parsed_subtitles_6 @ 0000024ec8c32580] Loading font file 'C:/Windows/Fonts\LCALLIG.TTF'
[Parsed_subtitles_6 @ 0000024ec8c32580] Loading font file 'C:/Windows/Fonts\LeelaUIb.ttf'
[Parsed_subtitles_6 @ 0000024ec8c32580] Loading font file 'C:/Windows/Fonts\LEELAWAD.TTF'
[Parsed_subtitles_6 @ 0000024ec8c32580] Loading font file 'C:/Windows/Fonts\LEELAWDB.TTF'
[Parsed_subtitles_6 @ 0000024ec8c32580] Loading font file 'C:/Windows/Fonts\LeelawUI.ttf'
[Parsed_subtitles_6 @ 0000024ec8c32580] Loading font file 'C:/Windows/Fonts\LeelUIsl.ttf'
[Parsed_subtitles_6 @ 0000024ec8c32580] Loading font file 'C:/Windows/Fonts\LFAX.TTF'
[Parsed_subtitles_6 @ 0000024ec8c32580] Loading font file 'C:/Windows/Fonts\LFAXD.TTF'
[Parsed_subtitles_6 @ 0000024ec8c32580] Loading font file 'C:/Windows/Fonts\LFAXDI.TTF'
[Parsed_subtitles_6 @ 0000024ec8c32580] Loading font file 'C:/Windows/Fonts\LFAXI.TTF'
[Parsed_subtitles_6 @ 0000024ec8c32580] Loading font file 'C:/Windows/Fonts\LHANDW.TTF'
[Parsed_subtitles_6 @ 0000024ec8c32580] Loading font file 'C:/Windows/Fonts\LSANS.TTF'
[Parsed_subtitles_6 @ 0000024ec8c32580] Loading font file 'C:/Windows/Fonts\LSANSD.TTF'
[Parsed_subtitles_6 @ 0000024ec8c32580] Loading font file 'C:/Windows/Fonts\LSANSDI.TTF'
[Parsed_subtitles_6 @ 0000024ec8c32580] Loading font file 'C:/Windows/Fonts\LSANSI.TTF'
[Parsed_subtitles_6 @ 0000024ec8c32580] Loading font file 'C:/Windows/Fonts\LTYPE.TTF'
[Parsed_subtitles_6 @ 0000024ec8c32580] Loading font file 'C:/Windows/Fonts\LTYPEB.TTF'
[Parsed_subtitles_6 @ 0000024ec8c32580] Loading font file 'C:/Windows/Fonts\LTYPEBO.TTF'
[Parsed_subtitles_6 @ 0000024ec8c32580] Loading font file 'C:/Windows/Fonts\LTYPEO.TTF'
[Parsed_subtitles_6 @ 0000024ec8c32580] Loading font file 'C:/Windows/Fonts\lucon.ttf'
[Parsed_subtitles_6 @ 0000024ec8c32580] Loading font file 'C:/Windows/Fonts\l_10646.ttf'
[Parsed_subtitles_6 @ 0000024ec8c32580] Loading font file 'C:/Windows/Fonts\MAGNETOB.TTF'
[Parsed_subtitles_6 @ 0000024ec8c32580] Loading font file 'C:/Windows/Fonts\MAIAN.TTF'
[Parsed_subtitles_6 @ 0000024ec8c32580] Loading font file 'C:/Windows/Fonts\malgun.ttf'
[Parsed_subtitles_6 @ 0000024ec8c32580] Loading font file 'C:/Windows/Fonts\malgunbd.ttf'
[Parsed_subtitles_6 @ 0000024ec8c32580] Loading font file 'C:/Windows/Fonts\malgunsl.ttf'
[Parsed_subtitles_6 @ 0000024ec8c32580] Loading font file 'C:/Windows/Fonts\marlett.ttf'
[Parsed_subtitles_6 @ 0000024ec8c32580] Loading font file 'C:/Windows/Fonts\MATURASC.TTF'
[Parsed_subtitles_6 @ 0000024ec8c32580] Loading font file 'C:/Windows/Fonts\micross.ttf'
[Parsed_subtitles_6 @ 0000024ec8c32580] Loading font file 'C:/Windows/Fonts\mingliub.ttc'
[Parsed_subtitles_6 @ 0000024ec8c32580] Loading font file 'C:/Windows/Fonts\MISTRAL.TTF'
[Parsed_subtitles_6 @ 0000024ec8c32580] Loading font file 'C:/Windows/Fonts\mmrtext.ttf'
[Parsed_subtitles_6 @ 0000024ec8c32580] Loading font file 'C:/Windows/Fonts\mmrtextb.ttf'
[Parsed_subtitles_6 @ 0000024ec8c32580] Loading font file 'C:/Windows/Fonts\MOD20.TTF'
[Parsed_subtitles_6 @ 0000024ec8c32580] Loading font file 'C:/Windows/Fonts\modern.fon'
[Parsed_subtitles_6 @ 0000024ec8c32580] Loading font file 'C:/Windows/Fonts\monbaiti.ttf'
[Parsed_subtitles_6 @ 0000024ec8c32580] Loading font file 'C:/Windows/Fonts\msgothic.ttc'
[Parsed_subtitles_6 @ 0000024ec8c32580] Loading font file 'C:/Windows/Fonts\msjh.ttc'
[Parsed_subtitles_6 @ 0000024ec8c32580] Loading font file 'C:/Windows/Fonts\msjhbd.ttc'
[Parsed_subtitles_6 @ 0000024ec8c32580] Loading font file 'C:/Windows/Fonts\msjhl.ttc'
[Parsed_subtitles_6 @ 0000024ec8c32580] Loading font file 'C:/Windows/Fonts\MSUIGHUB.TTF'
[Parsed_subtitles_6 @ 0000024ec8c32580] Loading font file 'C:/Windows/Fonts\MSUIGHUR.TTF'
[Parsed_subtitles_6 @ 0000024ec8c32580] Loading font file 'C:/Windows/Fonts\msyh.ttc'
[Parsed_subtitles_6 @ 0000024ec8c32580] Loading font file 'C:/Windows/Fonts\msyhbd.ttc'
[Parsed_subtitles_6 @ 0000024ec8c32580] Loading font file 'C:/Windows/Fonts\msyhl.ttc'
[Parsed_subtitles_6 @ 0000024ec8c32580] Loading font file 'C:/Windows/Fonts\msyi.ttf'
[Parsed_subtitles_6 @ 0000024ec8c32580] Loading font file 'C:/Windows/Fonts\MTCORSVA.TTF'
[Parsed_subtitles_6 @ 0000024ec8c32580] Loading font file 'C:/Windows/Fonts\MTEXTRA.TTF'
[Parsed_subtitles_6 @ 0000024ec8c32580] Loading font file 'C:/Windows/Fonts\mvboli.ttf'
[Parsed_subtitles_6 @ 0000024ec8c32580] Loading font file 'C:/Windows/Fonts\NIAGENG.TTF'
[Parsed_subtitles_6 @ 0000024ec8c32580] Loading font file 'C:/Windows/Fonts\NIAGSOL.TTF'
[Parsed_subtitles_6 @ 0000024ec8c32580] Loading font file 'C:/Windows/Fonts\Nirmala.ttc'
[Parsed_subtitles_6 @ 0000024ec8c32580] Loading font file 'C:/Windows/Fonts\ntailu.ttf'
[Parsed_subtitles_6 @ 0000024ec8c32580] Loading font file 'C:/Windows/Fonts\ntailub.ttf'
[Parsed_subtitles_6 @ 0000024ec8c32580] Loading font file 'C:/Windows/Fonts\OCRAEXT.TTF'
[Parsed_subtitles_6 @ 0000024ec8c32580] Loading font file 'C:/Windows/Fonts\OLDENGL.TTF'
[Parsed_subtitles_6 @ 0000024ec8c32580] Loading font file 'C:/Windows/Fonts\ONYX.TTF'
[Parsed_subtitles_6 @ 0000024ec8c32580] Loading font file 'C:/Windows/Fonts\OUTLOOK.TTF'
[Parsed_subtitles_6 @ 0000024ec8c32580] Loading font file 'C:/Windows/Fonts\pala.ttf'
[Parsed_subtitles_6 @ 0000024ec8c32580] Loading font file 'C:/Windows/Fonts\palab.ttf'
[Parsed_subtitles_6 @ 0000024ec8c32580] Loading font file 'C:/Windows/Fonts\palabi.ttf'
[Parsed_subtitles_6 @ 0000024ec8c32580] Loading font file 'C:/Windows/Fonts\palai.ttf'
[Parsed_subtitles_6 @ 0000024ec8c32580] Loading font file 'C:/Windows/Fonts\PALSCRI.TTF'
[Parsed_subtitles_6 @ 0000024ec8c32580] Loading font file 'C:/Windows/Fonts\PAPYRUS.TTF'
[Parsed_subtitles_6 @ 0000024ec8c32580] Loading font file 'C:/Windows/Fonts\PARCHM.TTF'
[Parsed_subtitles_6 @ 0000024ec8c32580] Loading font file 'C:/Windows/Fonts\PERBI___.TTF'
[Parsed_subtitles_6 @ 0000024ec8c32580] Loading font file 'C:/Windows/Fonts\PERB____.TTF'
[Parsed_subtitles_6 @ 0000024ec8c32580] Loading font file 'C:/Windows/Fonts\PERI____.TTF'
[Parsed_subtitles_6 @ 0000024ec8c32580] Loading font file 'C:/Windows/Fonts\PERTIBD.TTF'
[Parsed_subtitles_6 @ 0000024ec8c32580] Loading font file 'C:/Windows/Fonts\PERTILI.TTF'
[Parsed_subtitles_6 @ 0000024ec8c32580] Loading font file 'C:/Windows/Fonts\PER_____.TTF'
[Parsed_subtitles_6 @ 0000024ec8c32580] Loading font file 'C:/Windows/Fonts\phagspa.ttf'
[Parsed_subtitles_6 @ 0000024ec8c32580] Loading font file 'C:/Windows/Fonts\phagspab.ttf'
[Parsed_subtitles_6 @ 0000024ec8c32580] Loading font file 'C:/Windows/Fonts\PLAYBILL.TTF'
[Parsed_subtitles_6 @ 0000024ec8c32580] Loading font file 'C:/Windows/Fonts\POORICH.TTF'
[Parsed_subtitles_6 @ 0000024ec8c32580] Loading font file 'C:/Windows/Fonts\PRISTINA.TTF'
[Parsed_subtitles_6 @ 0000024ec8c32580] Loading font file 'C:/Windows/Fonts\RAGE.TTF'
[Parsed_subtitles_6 @ 0000024ec8c32580] Loading font file 'C:/Windows/Fonts\RAVIE.TTF'
[Parsed_subtitles_6 @ 0000024ec8c32580] Loading font file 'C:/Windows/Fonts\REFSAN.TTF'
[Parsed_subtitles_6 @ 0000024ec8c32580] Loading font file 'C:/Windows/Fonts\REFSPCL.TTF'
[Parsed_subtitles_6 @ 0000024ec8c32580] Loading font file 'C:/Windows/Fonts\ROCCB___.TTF'
[Parsed_subtitles_6 @ 0000024ec8c32580] Loading font file 'C:/Windows/Fonts\ROCC____.TTF'
[Parsed_subtitles_6 @ 0000024ec8c32580] Loading font file 'C:/Windows/Fonts\ROCK.TTF'
[Parsed_subtitles_6 @ 0000024ec8c32580] Loading font file 'C:/Windows/Fonts\ROCKB.TTF'
[Parsed_subtitles_6 @ 0000024ec8c32580] Loading font file 'C:/Windows/Fonts\ROCKBI.TTF'
[Parsed_subtitles_6 @ 0000024ec8c32580] Loading font file 'C:/Windows/Fonts\ROCKEB.TTF'
[Parsed_subtitles_6 @ 0000024ec8c32580] Loading font file 'C:/Windows/Fonts\ROCKI.TTF'
[Parsed_subtitles_6 @ 0000024ec8c32580] Loading font file 'C:/Windows/Fonts\roman.fon'
[Parsed_subtitles_6 @ 0000024ec8c32580] Loading font file 'C:/Windows/Fonts\s8514fix.fon'
[Parsed_subtitles_6 @ 0000024ec8c32580] Loading font file 'C:/Windows/Fonts\s8514oem.fon'
[Parsed_subtitles_6 @ 0000024ec8c32580] Loading font file 'C:/Windows/Fonts\s8514sys.fon'
[Parsed_subtitles_6 @ 0000024ec8c32580] Loading font file 'C:/Windows/Fonts\SansSerifCollection.ttf'
[Parsed_subtitles_6 @ 0000024ec8c32580] Loading font file 'C:/Windows/Fonts\SCHLBKB.TTF'
[Parsed_subtitles_6 @ 0000024ec8c32580] Loading font file 'C:/Windows/Fonts\SCHLBKBI.TTF'
[Parsed_subtitles_6 @ 0000024ec8c32580] Loading font file 'C:/Windows/Fonts\SCHLBKI.TTF'
[Parsed_subtitles_6 @ 0000024ec8c32580] Loading font file 'C:/Windows/Fonts\script.fon'
[Parsed_subtitles_6 @ 0000024ec8c32580] Loading font file 'C:/Windows/Fonts\SCRIPTBL.TTF'
[Parsed_subtitles_6 @ 0000024ec8c32580] Loading font file 'C:/Windows/Fonts\segmdl2.ttf'
[Parsed_subtitles_6 @ 0000024ec8c32580] Loading font file 'C:/Windows/Fonts\SegoeIcons.ttf'
[Parsed_subtitles_6 @ 0000024ec8c32580] Loading font file 'C:/Windows/Fonts\segoepr.ttf'
[Parsed_subtitles_6 @ 0000024ec8c32580] Loading font file 'C:/Windows/Fonts\segoeprb.ttf'
[Parsed_subtitles_6 @ 0000024ec8c32580] Loading font file 'C:/Windows/Fonts\segoesc.ttf'
[Parsed_subtitles_6 @ 0000024ec8c32580] Loading font file 'C:/Windows/Fonts\segoescb.ttf'
[Parsed_subtitles_6 @ 0000024ec8c32580] Loading font file 'C:/Windows/Fonts\segoeui.ttf'
[Parsed_subtitles_6 @ 0000024ec8c32580] Loading font file 'C:/Windows/Fonts\segoeuib.ttf'
[Parsed_subtitles_6 @ 0000024ec8c32580] Loading font file 'C:/Windows/Fonts\segoeuii.ttf'
[Parsed_subtitles_6 @ 0000024ec8c32580] Loading font file 'C:/Windows/Fonts\segoeuil.ttf'
[Parsed_subtitles_6 @ 0000024ec8c32580] Loading font file 'C:/Windows/Fonts\segoeuisl.ttf'
[Parsed_subtitles_6 @ 0000024ec8c32580] Loading font file 'C:/Windows/Fonts\segoeuiz.ttf'
[Parsed_subtitles_6 @ 0000024ec8c32580] Loading font file 'C:/Windows/Fonts\seguibl.ttf'
[Parsed_subtitles_6 @ 0000024ec8c32580] Loading font file 'C:/Windows/Fonts\seguibli.ttf'
[Parsed_subtitles_6 @ 0000024ec8c32580] Loading font file 'C:/Windows/Fonts\seguiemj.ttf'
[Parsed_subtitles_6 @ 0000024ec8c32580] Loading font file 'C:/Windows/Fonts\seguihis.ttf'
[Parsed_subtitles_6 @ 0000024ec8c32580] Loading font file 'C:/Windows/Fonts\seguili.ttf'
[Parsed_subtitles_6 @ 0000024ec8c32580] Loading font file 'C:/Windows/Fonts\seguisb.ttf'
[Parsed_subtitles_6 @ 0000024ec8c32580] Loading font file 'C:/Windows/Fonts\seguisbi.ttf'
[Parsed_subtitles_6 @ 0000024ec8c32580] Loading font file 'C:/Windows/Fonts\seguisli.ttf'
[Parsed_subtitles_6 @ 0000024ec8c32580] Loading font file 'C:/Windows/Fonts\seguisym.ttf'
[Parsed_subtitles_6 @ 0000024ec8c32580] Loading font file 'C:/Windows/Fonts\SegUIVar.ttf'
[Parsed_subtitles_6 @ 0000024ec8c32580] Loading font file 'C:/Windows/Fonts\sere1255.fon'
[Parsed_subtitles_6 @ 0000024ec8c32580] Loading font file 'C:/Windows/Fonts\sere1256.fon'
[Parsed_subtitles_6 @ 0000024ec8c32580] Loading font file 'C:/Windows/Fonts\sere1257.fon'
[Parsed_subtitles_6 @ 0000024ec8c32580] Loading font file 'C:/Windows/Fonts\serf1255.fon'
[Parsed_subtitles_6 @ 0000024ec8c32580] Loading font file 'C:/Windows/Fonts\serf1256.fon'
[Parsed_subtitles_6 @ 0000024ec8c32580] Loading font file 'C:/Windows/Fonts\serf1257.fon'
[Parsed_subtitles_6 @ 0000024ec8c32580] Loading font file 'C:/Windows/Fonts\serife.fon'
[Parsed_subtitles_6 @ 0000024ec8c32580] Loading font file 'C:/Windows/Fonts\serifee.fon'
[Parsed_subtitles_6 @ 0000024ec8c32580] Loading font file 'C:/Windows/Fonts\serifeg.fon'
[Parsed_subtitles_6 @ 0000024ec8c32580] Loading font file 'C:/Windows/Fonts\serifer.fon'
[Parsed_subtitles_6 @ 0000024ec8c32580] Loading font file 'C:/Windows/Fonts\serifet.fon'
[Parsed_subtitles_6 @ 0000024ec8c32580] Loading font file 'C:/Windows/Fonts\seriff.fon'
[Parsed_subtitles_6 @ 0000024ec8c32580] Loading font file 'C:/Windows/Fonts\seriffe.fon'
[Parsed_subtitles_6 @ 0000024ec8c32580] Loading font file 'C:/Windows/Fonts\seriffg.fon'
[Parsed_subtitles_6 @ 0000024ec8c32580] Loading font file 'C:/Windows/Fonts\seriffr.fon'
[Parsed_subtitles_6 @ 0000024ec8c32580] Loading font file 'C:/Windows/Fonts\serifft.fon'
[Parsed_subtitles_6 @ 0000024ec8c32580] Loading font file 'C:/Windows/Fonts\SHOWG.TTF'
[Parsed_subtitles_6 @ 0000024ec8c32580] Loading font file 'C:/Windows/Fonts\simsun.ttc'
[Parsed_subtitles_6 @ 0000024ec8c32580] Loading font file 'C:/Windows/Fonts\simsunb.ttf'
[Parsed_subtitles_6 @ 0000024ec8c32580] Loading font file 'C:/Windows/Fonts\SimsunExtG.ttf'
[Parsed_subtitles_6 @ 0000024ec8c32580] Loading font file 'C:/Windows/Fonts\SitkaVF-Italic.ttf'
[Parsed_subtitles_6 @ 0000024ec8c32580] Loading font file 'C:/Windows/Fonts\SitkaVF.ttf'
[Parsed_subtitles_6 @ 0000024ec8c32580] Loading font file 'C:/Windows/Fonts\smae1255.fon'
[Parsed_subtitles_6 @ 0000024ec8c32580] Loading font file 'C:/Windows/Fonts\smae1256.fon'
[Parsed_subtitles_6 @ 0000024ec8c32580] Loading font file 'C:/Windows/Fonts\smae1257.fon'
[Parsed_subtitles_6 @ 0000024ec8c32580] Loading font file 'C:/Windows/Fonts\smaf1255.fon'
[Parsed_subtitles_6 @ 0000024ec8c32580] Loading font file 'C:/Windows/Fonts\smaf1256.fon'
[Parsed_subtitles_6 @ 0000024ec8c32580] Loading font file 'C:/Windows/Fonts\smaf1257.fon'
[Parsed_subtitles_6 @ 0000024ec8c32580] Loading font file 'C:/Windows/Fonts\smalle.fon'
[Parsed_subtitles_6 @ 0000024ec8c32580] Loading font file 'C:/Windows/Fonts\smallee.fon'
[Parsed_subtitles_6 @ 0000024ec8c32580] Loading font file 'C:/Windows/Fonts\smalleg.fon'
[Parsed_subtitles_6 @ 0000024ec8c32580] Loading font file 'C:/Windows/Fonts\smaller.fon'
[Parsed_subtitles_6 @ 0000024ec8c32580] Loading font file 'C:/Windows/Fonts\smallet.fon'
[Parsed_subtitles_6 @ 0000024ec8c32580] Loading font file 'C:/Windows/Fonts\smallf.fon'
[Parsed_subtitles_6 @ 0000024ec8c32580] Loading font file 'C:/Windows/Fonts\smallfe.fon'
[Parsed_subtitles_6 @ 0000024ec8c32580] Loading font file 'C:/Windows/Fonts\smallfg.fon'
[Parsed_subtitles_6 @ 0000024ec8c32580] Loading font file 'C:/Windows/Fonts\smallfr.fon'
[Parsed_subtitles_6 @ 0000024ec8c32580] Loading font file 'C:/Windows/Fonts\smallft.fon'
[Parsed_subtitles_6 @ 0000024ec8c32580] Loading font file 'C:/Windows/Fonts\SNAP____.TTF'
[Parsed_subtitles_6 @ 0000024ec8c32580] Loading font file 'C:/Windows/Fonts\ssee1255.fon'
[Parsed_subtitles_6 @ 0000024ec8c32580] Loading font file 'C:/Windows/Fonts\ssee1256.fon'
[Parsed_subtitles_6 @ 0000024ec8c32580] Loading font file 'C:/Windows/Fonts\ssee1257.fon'
[Parsed_subtitles_6 @ 0000024ec8c32580] Loading font file 'C:/Windows/Fonts\ssee874.fon'
[Parsed_subtitles_6 @ 0000024ec8c32580] Loading font file 'C:/Windows/Fonts\ssef1255.fon'
[Parsed_subtitles_6 @ 0000024ec8c32580] Loading font file 'C:/Windows/Fonts\ssef1256.fon'
[Parsed_subtitles_6 @ 0000024ec8c32580] Loading font file 'C:/Windows/Fonts\ssef1257.fon'
[Parsed_subtitles_6 @ 0000024ec8c32580] Loading font file 'C:/Windows/Fonts\ssef874.fon'
[Parsed_subtitles_6 @ 0000024ec8c32580] Loading font file 'C:/Windows/Fonts\sserife.fon'
[Parsed_subtitles_6 @ 0000024ec8c32580] Loading font file 'C:/Windows/Fonts\sserifee.fon'
[Parsed_subtitles_6 @ 0000024ec8c32580] Loading font file 'C:/Windows/Fonts\sserifeg.fon'
[Parsed_subtitles_6 @ 0000024ec8c32580] Loading font file 'C:/Windows/Fonts\sserifer.fon'
[Parsed_subtitles_6 @ 0000024ec8c32580] Loading font file 'C:/Windows/Fonts\sserifet.fon'
[Parsed_subtitles_6 @ 0000024ec8c32580] Loading font file 'C:/Windows/Fonts\sseriff.fon'
[Parsed_subtitles_6 @ 0000024ec8c32580] Loading font file 'C:/Windows/Fonts\sseriffe.fon'
[Parsed_subtitles_6 @ 0000024ec8c32580] Loading font file 'C:/Windows/Fonts\sseriffg.fon'
[Parsed_subtitles_6 @ 0000024ec8c32580] Loading font file 'C:/Windows/Fonts\sseriffr.fon'
[Parsed_subtitles_6 @ 0000024ec8c32580] Loading font file 'C:/Windows/Fonts\sserifft.fon'
[Parsed_subtitles_6 @ 0000024ec8c32580] Loading font file 'C:/Windows/Fonts\StaticCache.dat'
[Parsed_subtitles_6 @ 0000024ec8c32580] Loading font file 'C:/Windows/Fonts\STENCIL.TTF'
[Parsed_subtitles_6 @ 0000024ec8c32580] Loading font file 'C:/Windows/Fonts\svgafix.fon'
[Parsed_subtitles_6 @ 0000024ec8c32580] Loading font file 'C:/Windows/Fonts\svgasys.fon'
[Parsed_subtitles_6 @ 0000024ec8c32580] Loading font file 'C:/Windows/Fonts\sylfaen.ttf'
[Parsed_subtitles_6 @ 0000024ec8c32580] Loading font file 'C:/Windows/Fonts\symbol.ttf'
[Parsed_subtitles_6 @ 0000024ec8c32580] Loading font file 'C:/Windows/Fonts\tahoma.ttf'
[Parsed_subtitles_6 @ 0000024ec8c32580] Loading font file 'C:/Windows/Fonts\tahomabd.ttf'
[Parsed_subtitles_6 @ 0000024ec8c32580] Loading font file 'C:/Windows/Fonts\taile.ttf'
[Parsed_subtitles_6 @ 0000024ec8c32580] Loading font file 'C:/Windows/Fonts\taileb.ttf'
[Parsed_subtitles_6 @ 0000024ec8c32580] Loading font file 'C:/Windows/Fonts\TCBI____.TTF'
[Parsed_subtitles_6 @ 0000024ec8c32580] Loading font file 'C:/Windows/Fonts\TCB_____.TTF'
[Parsed_subtitles_6 @ 0000024ec8c32580] Loading font file 'C:/Windows/Fonts\TCCB____.TTF'
[Parsed_subtitles_6 @ 0000024ec8c32580] Loading font file 'C:/Windows/Fonts\TCCEB.TTF'
[Parsed_subtitles_6 @ 0000024ec8c32580] Loading font file 'C:/Windows/Fonts\TCCM____.TTF'
[Parsed_subtitles_6 @ 0000024ec8c32580] Loading font file 'C:/Windows/Fonts\TCMI____.TTF'
[Parsed_subtitles_6 @ 0000024ec8c32580] Loading font file 'C:/Windows/Fonts\TCM_____.TTF'
[Parsed_subtitles_6 @ 0000024ec8c32580] Loading font file 'C:/Windows/Fonts\TEMPSITC.TTF'
[Parsed_subtitles_6 @ 0000024ec8c32580] Loading font file 'C:/Windows/Fonts\times.ttf'
[Parsed_subtitles_6 @ 0000024ec8c32580] Loading font file 'C:/Windows/Fonts\timesbd.ttf'
[Parsed_subtitles_6 @ 0000024ec8c32580] Loading font file 'C:/Windows/Fonts\timesbi.ttf'
[Parsed_subtitles_6 @ 0000024ec8c32580] Loading font file 'C:/Windows/Fonts\timesi.ttf'
[Parsed_subtitles_6 @ 0000024ec8c32580] Loading font file 'C:/Windows/Fonts\trebuc.ttf'
[Parsed_subtitles_6 @ 0000024ec8c32580] Loading font file 'C:/Windows/Fonts\trebucbd.ttf'
[Parsed_subtitles_6 @ 0000024ec8c32580] Loading font file 'C:/Windows/Fonts\trebucbi.ttf'
[Parsed_subtitles_6 @ 0000024ec8c32580] Loading font file 'C:/Windows/Fonts\trebucit.ttf'
[Parsed_subtitles_6 @ 0000024ec8c32580] Loading font file 'C:/Windows/Fonts\verdana.ttf'
[Parsed_subtitles_6 @ 0000024ec8c32580] Loading font file 'C:/Windows/Fonts\verdanab.ttf'
[Parsed_subtitles_6 @ 0000024ec8c32580] Loading font file 'C:/Windows/Fonts\verdanai.ttf'
[Parsed_subtitles_6 @ 0000024ec8c32580] Loading font file 'C:/Windows/Fonts\verdanaz.ttf'
[Parsed_subtitles_6 @ 0000024ec8c32580] Loading font file 'C:/Windows/Fonts\vga737.fon'
[Parsed_subtitles_6 @ 0000024ec8c32580] Loading font file 'C:/Windows/Fonts\vga775.fon'
[Parsed_subtitles_6 @ 0000024ec8c32580] Loading font file 'C:/Windows/Fonts\vga850.fon'
[Parsed_subtitles_6 @ 0000024ec8c32580] Loading font file 'C:/Windows/Fonts\vga852.fon'
[Parsed_subtitles_6 @ 0000024ec8c32580] Loading font file 'C:/Windows/Fonts\vga855.fon'
[Parsed_subtitles_6 @ 0000024ec8c32580] Loading font file 'C:/Windows/Fonts\vga857.fon'
[Parsed_subtitles_6 @ 0000024ec8c32580] Loading font file 'C:/Windows/Fonts\vga860.fon'
[Parsed_subtitles_6 @ 0000024ec8c32580] Loading font file 'C:/Windows/Fonts\vga861.fon'
[Parsed_subtitles_6 @ 0000024ec8c32580] Loading font file 'C:/Windows/Fonts\vga863.fon'
[Parsed_subtitles_6 @ 0000024ec8c32580] Loading font file 'C:/Windows/Fonts\vga865.fon'
[Parsed_subtitles_6 @ 0000024ec8c32580] Loading font file 'C:/Windows/Fonts\vga866.fon'
[Parsed_subtitles_6 @ 0000024ec8c32580] Loading font file 'C:/Windows/Fonts\vga869.fon'
[Parsed_subtitles_6 @ 0000024ec8c32580] Loading font file 'C:/Windows/Fonts\vga932.fon'
[Parsed_subtitles_6 @ 0000024ec8c32580] Loading font file 'C:/Windows/Fonts\vga936.fon'
[Parsed_subtitles_6 @ 0000024ec8c32580] Loading font file 'C:/Windows/Fonts\vga949.fon'
[Parsed_subtitles_6 @ 0000024ec8c32580] Loading font file 'C:/Windows/Fonts\vga950.fon'
[Parsed_subtitles_6 @ 0000024ec8c32580] Loading font file 'C:/Windows/Fonts\vgaf1255.fon'
[Parsed_subtitles_6 @ 0000024ec8c32580] Loading font file 'C:/Windows/Fonts\vgaf1256.fon'
[Parsed_subtitles_6 @ 0000024ec8c32580] Loading font file 'C:/Windows/Fonts\vgaf1257.fon'
[Parsed_subtitles_6 @ 0000024ec8c32580] Loading font file 'C:/Windows/Fonts\vgaf874.fon'
[Parsed_subtitles_6 @ 0000024ec8c32580] Loading font file 'C:/Windows/Fonts\vgafix.fon'
[Parsed_subtitles_6 @ 0000024ec8c32580] Loading font file 'C:/Windows/Fonts\vgafixe.fon'
[Parsed_subtitles_6 @ 0000024ec8c32580] Loading font file 'C:/Windows/Fonts\vgafixg.fon'
[Parsed_subtitles_6 @ 0000024ec8c32580] Loading font file 'C:/Windows/Fonts\vgafixr.fon'
[Parsed_subtitles_6 @ 0000024ec8c32580] Loading font file 'C:/Windows/Fonts\vgafixt.fon'
[Parsed_subtitles_6 @ 0000024ec8c32580] Loading font file 'C:/Windows/Fonts\vgaoem.fon'
[Parsed_subtitles_6 @ 0000024ec8c32580] Loading font file 'C:/Windows/Fonts\vgas1255.fon'
[Parsed_subtitles_6 @ 0000024ec8c32580] Loading font file 'C:/Windows/Fonts\vgas1256.fon'
[Parsed_subtitles_6 @ 0000024ec8c32580] Loading font file 'C:/Windows/Fonts\vgas1257.fon'
[Parsed_subtitles_6 @ 0000024ec8c32580] Loading font file 'C:/Windows/Fonts\vgas874.fon'
[Parsed_subtitles_6 @ 0000024ec8c32580] Loading font file 'C:/Windows/Fonts\vgasys.fon'
[Parsed_subtitles_6 @ 0000024ec8c32580] Loading font file 'C:/Windows/Fonts\vgasyse.fon'
[Parsed_subtitles_6 @ 0000024ec8c32580] Loading font file 'C:/Windows/Fonts\vgasysg.fon'
[Parsed_subtitles_6 @ 0000024ec8c32580] Loading font file 'C:/Windows/Fonts\vgasysr.fon'
[Parsed_subtitles_6 @ 0000024ec8c32580] Loading font file 'C:/Windows/Fonts\vgasyst.fon'
[Parsed_subtitles_6 @ 0000024ec8c32580] Loading font file 'C:/Windows/Fonts\VINERITC.TTF'
[Parsed_subtitles_6 @ 0000024ec8c32580] Loading font file 'C:/Windows/Fonts\VIVALDII.TTF'
[Parsed_subtitles_6 @ 0000024ec8c32580] Loading font file 'C:/Windows/Fonts\VLADIMIR.TTF'
[Parsed_subtitles_6 @ 0000024ec8c32580] Loading font file 'C:/Windows/Fonts\webdings.ttf'
[Parsed_subtitles_6 @ 0000024ec8c32580] Loading font file 'C:/Windows/Fonts\wingding.ttf'
[Parsed_subtitles_6 @ 0000024ec8c32580] Loading font file 'C:/Windows/Fonts\WINGDNG2.TTF'
[Parsed_subtitles_6 @ 0000024ec8c32580] Loading font file 'C:/Windows/Fonts\WINGDNG3.TTF'
[Parsed_subtitles_6 @ 0000024ec8c32580] Loading font file 'C:/Windows/Fonts\YuGothB.ttc'
[Parsed_subtitles_6 @ 0000024ec8c32580] Loading font file 'C:/Windows/Fonts\YuGothL.ttc'
[Parsed_subtitles_6 @ 0000024ec8c32580] Loading font file 'C:/Windows/Fonts\YuGothM.ttc'
[Parsed_subtitles_6 @ 0000024ec8c32580] Loading font file 'C:/Windows/Fonts\YuGothR.ttc'
[Parsed_subtitles_6 @ 0000024ec8c32580] No charmap autodetected, trying the first one
[Parsed_subtitles_6 @ 0000024ec8c32580] Error getting metadata for embedded font '8514fix.fon'
[Parsed_subtitles_6 @ 0000024ec8c32580] No charmap autodetected, trying the first one
[Parsed_subtitles_6 @ 0000024ec8c32580] Error getting metadata for embedded font '8514fixe.fon'
[Parsed_subtitles_6 @ 0000024ec8c32580] No charmap autodetected, trying the first one
[Parsed_subtitles_6 @ 0000024ec8c32580] Error getting metadata for embedded font '8514fixg.fon'
[Parsed_subtitles_6 @ 0000024ec8c32580] No charmap autodetected, trying the first one
[Parsed_subtitles_6 @ 0000024ec8c32580] Error getting metadata for embedded font '8514fixr.fon'
[Parsed_subtitles_6 @ 0000024ec8c32580] No charmap autodetected, trying the first one
[Parsed_subtitles_6 @ 0000024ec8c32580] Error getting metadata for embedded font '8514fixt.fon'
[Parsed_subtitles_6 @ 0000024ec8c32580] No charmap autodetected, trying the first one
[Parsed_subtitles_6 @ 0000024ec8c32580] Error getting metadata for embedded font '8514oem.fon'
[Parsed_subtitles_6 @ 0000024ec8c32580] No charmap autodetected, trying the first one
[Parsed_subtitles_6 @ 0000024ec8c32580] Error getting metadata for embedded font '8514oeme.fon'
[Parsed_subtitles_6 @ 0000024ec8c32580] No charmap autodetected, trying the first one
[Parsed_subtitles_6 @ 0000024ec8c32580] Error getting metadata for embedded font '8514oemg.fon'
[Parsed_subtitles_6 @ 0000024ec8c32580] No charmap autodetected, trying the first one
[Parsed_subtitles_6 @ 0000024ec8c32580] Error getting metadata for embedded font '8514oemr.fon'
[Parsed_subtitles_6 @ 0000024ec8c32580] No charmap autodetected, trying the first one
[Parsed_subtitles_6 @ 0000024ec8c32580] Error getting metadata for embedded font '8514oemt.fon'
[Parsed_subtitles_6 @ 0000024ec8c32580] No charmap autodetected, trying the first one
[Parsed_subtitles_6 @ 0000024ec8c32580] Error getting metadata for embedded font '8514sys.fon'
[Parsed_subtitles_6 @ 0000024ec8c32580] No charmap autodetected, trying the first one
[Parsed_subtitles_6 @ 0000024ec8c32580] Error getting metadata for embedded font '8514syse.fon'
[Parsed_subtitles_6 @ 0000024ec8c32580] No charmap autodetected, trying the first one
[Parsed_subtitles_6 @ 0000024ec8c32580] Error getting metadata for embedded font '8514sysg.fon'
[Parsed_subtitles_6 @ 0000024ec8c32580] No charmap autodetected, trying the first one
[Parsed_subtitles_6 @ 0000024ec8c32580] Error getting metadata for embedded font '8514sysr.fon'
[Parsed_subtitles_6 @ 0000024ec8c32580] No charmap autodetected, trying the first one
[Parsed_subtitles_6 @ 0000024ec8c32580] Error getting metadata for embedded font '8514syst.fon'
[Parsed_subtitles_6 @ 0000024ec8c32580] No charmap autodetected, trying the first one
[Parsed_subtitles_6 @ 0000024ec8c32580] Error getting metadata for embedded font '85775.fon'
[Parsed_subtitles_6 @ 0000024ec8c32580] No charmap autodetected, trying the first one
[Parsed_subtitles_6 @ 0000024ec8c32580] Error getting metadata for embedded font '85855.fon'
[Parsed_subtitles_6 @ 0000024ec8c32580] No charmap autodetected, trying the first one
[Parsed_subtitles_6 @ 0000024ec8c32580] Error getting metadata for embedded font '85f1255.fon'
[Parsed_subtitles_6 @ 0000024ec8c32580] No charmap autodetected, trying the first one
[Parsed_subtitles_6 @ 0000024ec8c32580] Error getting metadata for embedded font '85f1256.fon'
[Parsed_subtitles_6 @ 0000024ec8c32580] No charmap autodetected, trying the first one
[Parsed_subtitles_6 @ 0000024ec8c32580] Error getting metadata for embedded font '85f1257.fon'
[Parsed_subtitles_6 @ 0000024ec8c32580] No charmap autodetected, trying the first one
[Parsed_subtitles_6 @ 0000024ec8c32580] Error getting metadata for embedded font '85f874.fon'
[Parsed_subtitles_6 @ 0000024ec8c32580] No charmap autodetected, trying the first one
[Parsed_subtitles_6 @ 0000024ec8c32580] Error getting metadata for embedded font '85s1255.fon'
[Parsed_subtitles_6 @ 0000024ec8c32580] No charmap autodetected, trying the first one
[Parsed_subtitles_6 @ 0000024ec8c32580] Error getting metadata for embedded font '85s1256.fon'
[Parsed_subtitles_6 @ 0000024ec8c32580] No charmap autodetected, trying the first one
[Parsed_subtitles_6 @ 0000024ec8c32580] Error getting metadata for embedded font '85s1257.fon'
[Parsed_subtitles_6 @ 0000024ec8c32580] No charmap autodetected, trying the first one
[Parsed_subtitles_6 @ 0000024ec8c32580] Error getting metadata for embedded font '85s874.fon'
[Parsed_subtitles_6 @ 0000024ec8c32580] No charmap autodetected, trying the first one
[Parsed_subtitles_6 @ 0000024ec8c32580] Error getting metadata for embedded font 'app775.fon'
[Parsed_subtitles_6 @ 0000024ec8c32580] No charmap autodetected, trying the first one
[Parsed_subtitles_6 @ 0000024ec8c32580] Error getting metadata for embedded font 'app775.fon'
[Parsed_subtitles_6 @ 0000024ec8c32580] No charmap autodetected, trying the first one
[Parsed_subtitles_6 @ 0000024ec8c32580] Error getting metadata for embedded font 'app775.fon'
[Parsed_subtitles_6 @ 0000024ec8c32580] No charmap autodetected, trying the first one
[Parsed_subtitles_6 @ 0000024ec8c32580] Error getting metadata for embedded font 'app775.fon'
[Parsed_subtitles_6 @ 0000024ec8c32580] No charmap autodetected, trying the first one
[Parsed_subtitles_6 @ 0000024ec8c32580] Error getting metadata for embedded font 'app775.fon'
[Parsed_subtitles_6 @ 0000024ec8c32580] No charmap autodetected, trying the first one
[Parsed_subtitles_6 @ 0000024ec8c32580] Error getting metadata for embedded font 'app775.fon'
[Parsed_subtitles_6 @ 0000024ec8c32580] No charmap autodetected, trying the first one
[Parsed_subtitles_6 @ 0000024ec8c32580] Error getting metadata for embedded font 'app850.fon'
[Parsed_subtitles_6 @ 0000024ec8c32580] No charmap autodetected, trying the first one
[Parsed_subtitles_6 @ 0000024ec8c32580] Error getting metadata for embedded font 'app850.fon'
[Parsed_subtitles_6 @ 0000024ec8c32580] No charmap autodetected, trying the first one
[Parsed_subtitles_6 @ 0000024ec8c32580] Error getting metadata for embedded font 'app850.fon'
[Parsed_subtitles_6 @ 0000024ec8c32580] No charmap autodetected, trying the first one
[Parsed_subtitles_6 @ 0000024ec8c32580] Error getting metadata for embedded font 'app850.fon'
[Parsed_subtitles_6 @ 0000024ec8c32580] No charmap autodetected, trying the first one
[Parsed_subtitles_6 @ 0000024ec8c32580] Error getting metadata for embedded font 'app850.fon'
[Parsed_subtitles_6 @ 0000024ec8c32580] No charmap autodetected, trying the first one
[Parsed_subtitles_6 @ 0000024ec8c32580] Error getting metadata for embedded font 'app850.fon'
[Parsed_subtitles_6 @ 0000024ec8c32580] No charmap autodetected, trying the first one
[Parsed_subtitles_6 @ 0000024ec8c32580] Error getting metadata for embedded font 'app852.fon'
[Parsed_subtitles_6 @ 0000024ec8c32580] No charmap autodetected, trying the first one
[Parsed_subtitles_6 @ 0000024ec8c32580] Error getting metadata for embedded font 'app852.fon'
[Parsed_subtitles_6 @ 0000024ec8c32580] No charmap autodetected, trying the first one
[Parsed_subtitles_6 @ 0000024ec8c32580] Error getting metadata for embedded font 'app852.fon'
[Parsed_subtitles_6 @ 0000024ec8c32580] No charmap autodetected, trying the first one
[Parsed_subtitles_6 @ 0000024ec8c32580] Error getting metadata for embedded font 'app852.fon'
[Parsed_subtitles_6 @ 0000024ec8c32580] No charmap autodetected, trying the first one
[Parsed_subtitles_6 @ 0000024ec8c32580] Error getting metadata for embedded font 'app852.fon'
[Parsed_subtitles_6 @ 0000024ec8c32580] No charmap autodetected, trying the first one
[Parsed_subtitles_6 @ 0000024ec8c32580] Error getting metadata for embedded font 'app852.fon'
[Parsed_subtitles_6 @ 0000024ec8c32580] No charmap autodetected, trying the first one
[Parsed_subtitles_6 @ 0000024ec8c32580] Error getting metadata for embedded font 'app855.fon'
[Parsed_subtitles_6 @ 0000024ec8c32580] No charmap autodetected, trying the first one
[Parsed_subtitles_6 @ 0000024ec8c32580] Error getting metadata for embedded font 'app855.fon'
[Parsed_subtitles_6 @ 0000024ec8c32580] No charmap autodetected, trying the first one
[Parsed_subtitles_6 @ 0000024ec8c32580] Error getting metadata for embedded font 'app855.fon'
[Parsed_subtitles_6 @ 0000024ec8c32580] No charmap autodetected, trying the first one
[Parsed_subtitles_6 @ 0000024ec8c32580] Error getting metadata for embedded font 'app855.fon'
[Parsed_subtitles_6 @ 0000024ec8c32580] No charmap autodetected, trying the first one
[Parsed_subtitles_6 @ 0000024ec8c32580] Error getting metadata for embedded font 'app855.fon'
[Parsed_subtitles_6 @ 0000024ec8c32580] No charmap autodetected, trying the first one
[Parsed_subtitles_6 @ 0000024ec8c32580] Error getting metadata for embedded font 'app855.fon'
[Parsed_subtitles_6 @ 0000024ec8c32580] No charmap autodetected, trying the first one
[Parsed_subtitles_6 @ 0000024ec8c32580] Error getting metadata for embedded font 'app857.fon'
[Parsed_subtitles_6 @ 0000024ec8c32580] No charmap autodetected, trying the first one
[Parsed_subtitles_6 @ 0000024ec8c32580] Error getting metadata for embedded font 'app857.fon'
[Parsed_subtitles_6 @ 0000024ec8c32580] No charmap autodetected, trying the first one
[Parsed_subtitles_6 @ 0000024ec8c32580] Error getting metadata for embedded font 'app857.fon'
[Parsed_subtitles_6 @ 0000024ec8c32580] No charmap autodetected, trying the first one
[Parsed_subtitles_6 @ 0000024ec8c32580] Error getting metadata for embedded font 'app857.fon'
[Parsed_subtitles_6 @ 0000024ec8c32580] No charmap autodetected, trying the first one
[Parsed_subtitles_6 @ 0000024ec8c32580] Error getting metadata for embedded font 'app857.fon'
[Parsed_subtitles_6 @ 0000024ec8c32580] No charmap autodetected, trying the first one
[Parsed_subtitles_6 @ 0000024ec8c32580] Error getting metadata for embedded font 'app857.fon'
[Parsed_subtitles_6 @ 0000024ec8c32580] No charmap autodetected, trying the first one
[Parsed_subtitles_6 @ 0000024ec8c32580] Error getting metadata for embedded font 'app866.fon'
[Parsed_subtitles_6 @ 0000024ec8c32580] No charmap autodetected, trying the first one
[Parsed_subtitles_6 @ 0000024ec8c32580] Error getting metadata for embedded font 'app866.fon'
[Parsed_subtitles_6 @ 0000024ec8c32580] No charmap autodetected, trying the first one
[Parsed_subtitles_6 @ 0000024ec8c32580] Error getting metadata for embedded font 'app866.fon'
[Parsed_subtitles_6 @ 0000024ec8c32580] No charmap autodetected, trying the first one
[Parsed_subtitles_6 @ 0000024ec8c32580] Error getting metadata for embedded font 'app866.fon'
[Parsed_subtitles_6 @ 0000024ec8c32580] No charmap autodetected, trying the first one
[Parsed_subtitles_6 @ 0000024ec8c32580] Error getting metadata for embedded font 'app866.fon'
[Parsed_subtitles_6 @ 0000024ec8c32580] No charmap autodetected, trying the first one
[Parsed_subtitles_6 @ 0000024ec8c32580] Error getting metadata for embedded font 'app866.fon'
[Parsed_subtitles_6 @ 0000024ec8c32580] No charmap autodetected, trying the first one
[Parsed_subtitles_6 @ 0000024ec8c32580] Error getting metadata for embedded font 'app932.fon'
[Parsed_subtitles_6 @ 0000024ec8c32580] No charmap autodetected, trying the first one
[Parsed_subtitles_6 @ 0000024ec8c32580] Error getting metadata for embedded font 'app932.fon'
[Parsed_subtitles_6 @ 0000024ec8c32580] No charmap autodetected, trying the first one
[Parsed_subtitles_6 @ 0000024ec8c32580] Error getting metadata for embedded font 'app932.fon'
[Parsed_subtitles_6 @ 0000024ec8c32580] No charmap autodetected, trying the first one
[Parsed_subtitles_6 @ 0000024ec8c32580] Error getting metadata for embedded font 'app932.fon'
[Parsed_subtitles_6 @ 0000024ec8c32580] No charmap autodetected, trying the first one
[Parsed_subtitles_6 @ 0000024ec8c32580] Error getting metadata for embedded font 'app932.fon'
[Parsed_subtitles_6 @ 0000024ec8c32580] No charmap autodetected, trying the first one
[Parsed_subtitles_6 @ 0000024ec8c32580] Error getting metadata for embedded font 'app932.fon'
[Parsed_subtitles_6 @ 0000024ec8c32580] No charmap autodetected, trying the first one
[Parsed_subtitles_6 @ 0000024ec8c32580] Error getting metadata for embedded font 'app932.fon'
[Parsed_subtitles_6 @ 0000024ec8c32580] No charmap autodetected, trying the first one
[Parsed_subtitles_6 @ 0000024ec8c32580] Error getting metadata for embedded font 'app932.fon'
[Parsed_subtitles_6 @ 0000024ec8c32580] No charmap autodetected, trying the first one
[Parsed_subtitles_6 @ 0000024ec8c32580] Error getting metadata for embedded font 'app932.fon'
[Parsed_subtitles_6 @ 0000024ec8c32580] No charmap autodetected, trying the first one
[Parsed_subtitles_6 @ 0000024ec8c32580] Error getting metadata for embedded font 'app932.fon'
[Parsed_subtitles_6 @ 0000024ec8c32580] No charmap autodetected, trying the first one
[Parsed_subtitles_6 @ 0000024ec8c32580] Error getting metadata for embedded font 'app932.fon'
[Parsed_subtitles_6 @ 0000024ec8c32580] No charmap autodetected, trying the first one
[Parsed_subtitles_6 @ 0000024ec8c32580] Error getting metadata for embedded font 'app932.fon'
[Parsed_subtitles_6 @ 0000024ec8c32580] No charmap autodetected, trying the first one
[Parsed_subtitles_6 @ 0000024ec8c32580] Error getting metadata for embedded font 'app936.fon'
[Parsed_subtitles_6 @ 0000024ec8c32580] No charmap autodetected, trying the first one
[Parsed_subtitles_6 @ 0000024ec8c32580] Error getting metadata for embedded font 'app936.fon'
[Parsed_subtitles_6 @ 0000024ec8c32580] No charmap autodetected, trying the first one
[Parsed_subtitles_6 @ 0000024ec8c32580] Error getting metadata for embedded font 'app936.fon'
[Parsed_subtitles_6 @ 0000024ec8c32580] No charmap autodetected, trying the first one
[Parsed_subtitles_6 @ 0000024ec8c32580] Error getting metadata for embedded font 'app936.fon'
[Parsed_subtitles_6 @ 0000024ec8c32580] No charmap autodetected, trying the first one
[Parsed_subtitles_6 @ 0000024ec8c32580] Error getting metadata for embedded font 'app936.fon'
[Parsed_subtitles_6 @ 0000024ec8c32580] No charmap autodetected, trying the first one
[Parsed_subtitles_6 @ 0000024ec8c32580] Error getting metadata for embedded font 'app936.fon'
[Parsed_subtitles_6 @ 0000024ec8c32580] No charmap autodetected, trying the first one
[Parsed_subtitles_6 @ 0000024ec8c32580] Error getting metadata for embedded font 'app936.fon'
[Parsed_subtitles_6 @ 0000024ec8c32580] No charmap autodetected, trying the first one
[Parsed_subtitles_6 @ 0000024ec8c32580] Error getting metadata for embedded font 'app936.fon'
[Parsed_subtitles_6 @ 0000024ec8c32580] No charmap autodetected, trying the first one
[Parsed_subtitles_6 @ 0000024ec8c32580] Error getting metadata for embedded font 'app936.fon'
[Parsed_subtitles_6 @ 0000024ec8c32580] No charmap autodetected, trying the first one
[Parsed_subtitles_6 @ 0000024ec8c32580] Error getting metadata for embedded font 'app936.fon'
[Parsed_subtitles_6 @ 0000024ec8c32580] No charmap autodetected, trying the first one
[Parsed_subtitles_6 @ 0000024ec8c32580] Error getting metadata for embedded font 'app936.fon'
[Parsed_subtitles_6 @ 0000024ec8c32580] No charmap autodetected, trying the first one
[Parsed_subtitles_6 @ 0000024ec8c32580] Error getting metadata for embedded font 'app936.fon'
[Parsed_subtitles_6 @ 0000024ec8c32580] No charmap autodetected, trying the first one
[Parsed_subtitles_6 @ 0000024ec8c32580] Error getting metadata for embedded font 'app949.fon'
[Parsed_subtitles_6 @ 0000024ec8c32580] No charmap autodetected, trying the first one
[Parsed_subtitles_6 @ 0000024ec8c32580] Error getting metadata for embedded font 'app949.fon'
[Parsed_subtitles_6 @ 0000024ec8c32580] No charmap autodetected, trying the first one
[Parsed_subtitles_6 @ 0000024ec8c32580] Error getting metadata for embedded font 'app949.fon'
[Parsed_subtitles_6 @ 0000024ec8c32580] No charmap autodetected, trying the first one
[Parsed_subtitles_6 @ 0000024ec8c32580] Error getting metadata for embedded font 'app949.fon'
[Parsed_subtitles_6 @ 0000024ec8c32580] No charmap autodetected, trying the first one
[Parsed_subtitles_6 @ 0000024ec8c32580] Error getting metadata for embedded font 'app949.fon'
[Parsed_subtitles_6 @ 0000024ec8c32580] No charmap autodetected, trying the first one
[Parsed_subtitles_6 @ 0000024ec8c32580] Error getting metadata for embedded font 'app949.fon'
[Parsed_subtitles_6 @ 0000024ec8c32580] No charmap autodetected, trying the first one
[Parsed_subtitles_6 @ 0000024ec8c32580] Error getting metadata for embedded font 'app949.fon'
[Parsed_subtitles_6 @ 0000024ec8c32580] No charmap autodetected, trying the first one
[Parsed_subtitles_6 @ 0000024ec8c32580] Error getting metadata for embedded font 'app949.fon'
[Parsed_subtitles_6 @ 0000024ec8c32580] No charmap autodetected, trying the first one
[Parsed_subtitles_6 @ 0000024ec8c32580] Error getting metadata for embedded font 'app949.fon'
[Parsed_subtitles_6 @ 0000024ec8c32580] No charmap autodetected, trying the first one
[Parsed_subtitles_6 @ 0000024ec8c32580] Error getting metadata for embedded font 'app949.fon'
[Parsed_subtitles_6 @ 0000024ec8c32580] No charmap autodetected, trying the first one
[Parsed_subtitles_6 @ 0000024ec8c32580] Error getting metadata for embedded font 'app949.fon'
[Parsed_subtitles_6 @ 0000024ec8c32580] No charmap autodetected, trying the first one
[Parsed_subtitles_6 @ 0000024ec8c32580] Error getting metadata for embedded font 'app949.fon'
[Parsed_subtitles_6 @ 0000024ec8c32580] No charmap autodetected, trying the first one
[Parsed_subtitles_6 @ 0000024ec8c32580] Error getting metadata for embedded font 'app950.fon'
[Parsed_subtitles_6 @ 0000024ec8c32580] No charmap autodetected, trying the first one
[Parsed_subtitles_6 @ 0000024ec8c32580] Error getting metadata for embedded font 'app950.fon'
[Parsed_subtitles_6 @ 0000024ec8c32580] No charmap autodetected, trying the first one
[Parsed_subtitles_6 @ 0000024ec8c32580] Error getting metadata for embedded font 'app950.fon'
[Parsed_subtitles_6 @ 0000024ec8c32580] No charmap autodetected, trying the first one
[Parsed_subtitles_6 @ 0000024ec8c32580] Error getting metadata for embedded font 'app950.fon'
[Parsed_subtitles_6 @ 0000024ec8c32580] No charmap autodetected, trying the first one
[Parsed_subtitles_6 @ 0000024ec8c32580] Error getting metadata for embedded font 'app950.fon'
[Parsed_subtitles_6 @ 0000024ec8c32580] No charmap autodetected, trying the first one
[Parsed_subtitles_6 @ 0000024ec8c32580] Error getting metadata for embedded font 'app950.fon'
[Parsed_subtitles_6 @ 0000024ec8c32580] No charmap autodetected, trying the first one
[Parsed_subtitles_6 @ 0000024ec8c32580] Error getting metadata for embedded font 'app950.fon'
[Parsed_subtitles_6 @ 0000024ec8c32580] No charmap autodetected, trying the first one
[Parsed_subtitles_6 @ 0000024ec8c32580] Error getting metadata for embedded font 'app950.fon'
[Parsed_subtitles_6 @ 0000024ec8c32580] No charmap autodetected, trying the first one
[Parsed_subtitles_6 @ 0000024ec8c32580] Error getting metadata for embedded font 'app950.fon'
[Parsed_subtitles_6 @ 0000024ec8c32580] No charmap autodetected, trying the first one
[Parsed_subtitles_6 @ 0000024ec8c32580] Error getting metadata for embedded font 'app950.fon'
[Parsed_subtitles_6 @ 0000024ec8c32580] No charmap autodetected, trying the first one
[Parsed_subtitles_6 @ 0000024ec8c32580] Error getting metadata for embedded font 'app950.fon'
[Parsed_subtitles_6 @ 0000024ec8c32580] No charmap autodetected, trying the first one
[Parsed_subtitles_6 @ 0000024ec8c32580] Error getting metadata for embedded font 'app950.fon'
[Parsed_subtitles_6 @ 0000024ec8c32580] No charmap autodetected, trying the first one
[Parsed_subtitles_6 @ 0000024ec8c32580] Error getting metadata for embedded font 'c8514fix.fon'
[Parsed_subtitles_6 @ 0000024ec8c32580] No charmap autodetected, trying the first one
[Parsed_subtitles_6 @ 0000024ec8c32580] Error getting metadata for embedded font 'c8514oem.fon'
[Parsed_subtitles_6 @ 0000024ec8c32580] No charmap autodetected, trying the first one
[Parsed_subtitles_6 @ 0000024ec8c32580] Error getting metadata for embedded font 'c8514sys.fon'
[Parsed_subtitles_6 @ 0000024ec8c32580] No charmap autodetected, trying the first one
[Parsed_subtitles_6 @ 0000024ec8c32580] Error getting metadata for embedded font 'c8514sys.fon'
[Parsed_subtitles_6 @ 0000024ec8c32580] No charmap autodetected, trying the first one
[Parsed_subtitles_6 @ 0000024ec8c32580] Error getting metadata for embedded font 'cga40737.fon'
[Parsed_subtitles_6 @ 0000024ec8c32580] No charmap autodetected, trying the first one
[Parsed_subtitles_6 @ 0000024ec8c32580] Error getting metadata for embedded font 'cga40850.fon'
[Parsed_subtitles_6 @ 0000024ec8c32580] No charmap autodetected, trying the first one
[Parsed_subtitles_6 @ 0000024ec8c32580] Error getting metadata for embedded font 'cga40852.fon'
[Parsed_subtitles_6 @ 0000024ec8c32580] No charmap autodetected, trying the first one
[Parsed_subtitles_6 @ 0000024ec8c32580] Error getting metadata for embedded font 'cga40857.fon'
[Parsed_subtitles_6 @ 0000024ec8c32580] No charmap autodetected, trying the first one
[Parsed_subtitles_6 @ 0000024ec8c32580] Error getting metadata for embedded font 'cga40866.fon'
[Parsed_subtitles_6 @ 0000024ec8c32580] No charmap autodetected, trying the first one
[Parsed_subtitles_6 @ 0000024ec8c32580] Error getting metadata for embedded font 'cga40869.fon'
[Parsed_subtitles_6 @ 0000024ec8c32580] No charmap autodetected, trying the first one
[Parsed_subtitles_6 @ 0000024ec8c32580] Error getting metadata for embedded font 'cga40woa.fon'
[Parsed_subtitles_6 @ 0000024ec8c32580] No charmap autodetected, trying the first one
[Parsed_subtitles_6 @ 0000024ec8c32580] Error getting metadata for embedded font 'cga80737.fon'
[Parsed_subtitles_6 @ 0000024ec8c32580] No charmap autodetected, trying the first one
[Parsed_subtitles_6 @ 0000024ec8c32580] Error getting metadata for embedded font 'cga80850.fon'
[Parsed_subtitles_6 @ 0000024ec8c32580] No charmap autodetected, trying the first one
[Parsed_subtitles_6 @ 0000024ec8c32580] Error getting metadata for embedded font 'cga80852.fon'
[Parsed_subtitles_6 @ 0000024ec8c32580] No charmap autodetected, trying the first one
[Parsed_subtitles_6 @ 0000024ec8c32580] Error getting metadata for embedded font 'cga80857.fon'
[Parsed_subtitles_6 @ 0000024ec8c32580] No charmap autodetected, trying the first one
[Parsed_subtitles_6 @ 0000024ec8c32580] Error getting metadata for embedded font 'cga80866.fon'
[Parsed_subtitles_6 @ 0000024ec8c32580] No charmap autodetected, trying the first one
[Parsed_subtitles_6 @ 0000024ec8c32580] Error getting metadata for embedded font 'cga80869.fon'
[Parsed_subtitles_6 @ 0000024ec8c32580] No charmap autodetected, trying the first one
[Parsed_subtitles_6 @ 0000024ec8c32580] Error getting metadata for embedded font 'cga80woa.fon'
[Parsed_subtitles_6 @ 0000024ec8c32580] No charmap autodetected, trying the first one
[Parsed_subtitles_6 @ 0000024ec8c32580] Error getting metadata for embedded font 'coue1255.fon'
[Parsed_subtitles_6 @ 0000024ec8c32580] No charmap autodetected, trying the first one
[Parsed_subtitles_6 @ 0000024ec8c32580] Error getting metadata for embedded font 'coue1255.fon'
[Parsed_subtitles_6 @ 0000024ec8c32580] No charmap autodetected, trying the first one
[Parsed_subtitles_6 @ 0000024ec8c32580] Error getting metadata for embedded font 'coue1255.fon'
[Parsed_subtitles_6 @ 0000024ec8c32580] No charmap autodetected, trying the first one
[Parsed_subtitles_6 @ 0000024ec8c32580] Error getting metadata for embedded font 'coue1256.fon'
[Parsed_subtitles_6 @ 0000024ec8c32580] No charmap autodetected, trying the first one
[Parsed_subtitles_6 @ 0000024ec8c32580] Error getting metadata for embedded font 'coue1256.fon'
[Parsed_subtitles_6 @ 0000024ec8c32580] No charmap autodetected, trying the first one
[Parsed_subtitles_6 @ 0000024ec8c32580] Error getting metadata for embedded font 'coue1256.fon'
[Parsed_subtitles_6 @ 0000024ec8c32580] No charmap autodetected, trying the first one
[Parsed_subtitles_6 @ 0000024ec8c32580] Error getting metadata for embedded font 'coue1257.fon'
[Parsed_subtitles_6 @ 0000024ec8c32580] No charmap autodetected, trying the first one
[Parsed_subtitles_6 @ 0000024ec8c32580] Error getting metadata for embedded font 'coue1257.fon'
[Parsed_subtitles_6 @ 0000024ec8c32580] No charmap autodetected, trying the first one
[Parsed_subtitles_6 @ 0000024ec8c32580] Error getting metadata for embedded font 'coue1257.fon'
[Parsed_subtitles_6 @ 0000024ec8c32580] No charmap autodetected, trying the first one
[Parsed_subtitles_6 @ 0000024ec8c32580] Error getting metadata for embedded font 'couf1255.fon'
[Parsed_subtitles_6 @ 0000024ec8c32580] No charmap autodetected, trying the first one
[Parsed_subtitles_6 @ 0000024ec8c32580] Error getting metadata for embedded font 'couf1255.fon'
[Parsed_subtitles_6 @ 0000024ec8c32580] No charmap autodetected, trying the first one
[Parsed_subtitles_6 @ 0000024ec8c32580] Error getting metadata for embedded font 'couf1255.fon'
[Parsed_subtitles_6 @ 0000024ec8c32580] No charmap autodetected, trying the first one
[Parsed_subtitles_6 @ 0000024ec8c32580] Error getting metadata for embedded font 'couf1256.fon'
[Parsed_subtitles_6 @ 0000024ec8c32580] No charmap autodetected, trying the first one
[Parsed_subtitles_6 @ 0000024ec8c32580] Error getting metadata for embedded font 'couf1256.fon'
[Parsed_subtitles_6 @ 0000024ec8c32580] No charmap autodetected, trying the first one
[Parsed_subtitles_6 @ 0000024ec8c32580] Error getting metadata for embedded font 'couf1256.fon'
[Parsed_subtitles_6 @ 0000024ec8c32580] No charmap autodetected, trying the first one
[Parsed_subtitles_6 @ 0000024ec8c32580] Error getting metadata for embedded font 'couf1257.fon'
[Parsed_subtitles_6 @ 0000024ec8c32580] No charmap autodetected, trying the first one
[Parsed_subtitles_6 @ 0000024ec8c32580] Error getting metadata for embedded font 'couf1257.fon'
[Parsed_subtitles_6 @ 0000024ec8c32580] No charmap autodetected, trying the first one
[Parsed_subtitles_6 @ 0000024ec8c32580] Error getting metadata for embedded font 'couf1257.fon'
[Parsed_subtitles_6 @ 0000024ec8c32580] No charmap autodetected, trying the first one
[Parsed_subtitles_6 @ 0000024ec8c32580] Error getting metadata for embedded font 'coure.fon'
[Parsed_subtitles_6 @ 0000024ec8c32580] No charmap autodetected, trying the first one
[Parsed_subtitles_6 @ 0000024ec8c32580] Error getting metadata for embedded font 'coure.fon'
[Parsed_subtitles_6 @ 0000024ec8c32580] No charmap autodetected, trying the first one
[Parsed_subtitles_6 @ 0000024ec8c32580] Error getting metadata for embedded font 'coure.fon'
[Parsed_subtitles_6 @ 0000024ec8c32580] No charmap autodetected, trying the first one
[Parsed_subtitles_6 @ 0000024ec8c32580] Error getting metadata for embedded font 'couree.fon'
[Parsed_subtitles_6 @ 0000024ec8c32580] No charmap autodetected, trying the first one
[Parsed_subtitles_6 @ 0000024ec8c32580] Error getting metadata for embedded font 'couree.fon'
[Parsed_subtitles_6 @ 0000024ec8c32580] No charmap autodetected, trying the first one
[Parsed_subtitles_6 @ 0000024ec8c32580] Error getting metadata for embedded font 'couree.fon'
[Parsed_subtitles_6 @ 0000024ec8c32580] No charmap autodetected, trying the first one
[Parsed_subtitles_6 @ 0000024ec8c32580] Error getting metadata for embedded font 'coureg.fon'
[Parsed_subtitles_6 @ 0000024ec8c32580] No charmap autodetected, trying the first one
[Parsed_subtitles_6 @ 0000024ec8c32580] Error getting metadata for embedded font 'coureg.fon'
[Parsed_subtitles_6 @ 0000024ec8c32580] No charmap autodetected, trying the first one
[Parsed_subtitles_6 @ 0000024ec8c32580] Error getting metadata for embedded font 'coureg.fon'
[Parsed_subtitles_6 @ 0000024ec8c32580] No charmap autodetected, trying the first one
[Parsed_subtitles_6 @ 0000024ec8c32580] Error getting metadata for embedded font 'courer.fon'
[Parsed_subtitles_6 @ 0000024ec8c32580] No charmap autodetected, trying the first one
[Parsed_subtitles_6 @ 0000024ec8c32580] Error getting metadata for embedded font 'courer.fon'
[Parsed_subtitles_6 @ 0000024ec8c32580] No charmap autodetected, trying the first one
[Parsed_subtitles_6 @ 0000024ec8c32580] Error getting metadata for embedded font 'courer.fon'
[Parsed_subtitles_6 @ 0000024ec8c32580] No charmap autodetected, trying the first one
[Parsed_subtitles_6 @ 0000024ec8c32580] Error getting metadata for embedded font 'couret.fon'
[Parsed_subtitles_6 @ 0000024ec8c32580] No charmap autodetected, trying the first one
[Parsed_subtitles_6 @ 0000024ec8c32580] Error getting metadata for embedded font 'couret.fon'
[Parsed_subtitles_6 @ 0000024ec8c32580] No charmap autodetected, trying the first one
[Parsed_subtitles_6 @ 0000024ec8c32580] Error getting metadata for embedded font 'couret.fon'
[Parsed_subtitles_6 @ 0000024ec8c32580] No charmap autodetected, trying the first one
[Parsed_subtitles_6 @ 0000024ec8c32580] Error getting metadata for embedded font 'courf.fon'
[Parsed_subtitles_6 @ 0000024ec8c32580] No charmap autodetected, trying the first one
[Parsed_subtitles_6 @ 0000024ec8c32580] Error getting metadata for embedded font 'courf.fon'
[Parsed_subtitles_6 @ 0000024ec8c32580] No charmap autodetected, trying the first one
[Parsed_subtitles_6 @ 0000024ec8c32580] Error getting metadata for embedded font 'courf.fon'
[Parsed_subtitles_6 @ 0000024ec8c32580] No charmap autodetected, trying the first one
[Parsed_subtitles_6 @ 0000024ec8c32580] Error getting metadata for embedded font 'courfe.fon'
[Parsed_subtitles_6 @ 0000024ec8c32580] No charmap autodetected, trying the first one
[Parsed_subtitles_6 @ 0000024ec8c32580] Error getting metadata for embedded font 'courfe.fon'
[Parsed_subtitles_6 @ 0000024ec8c32580] No charmap autodetected, trying the first one
[Parsed_subtitles_6 @ 0000024ec8c32580] Error getting metadata for embedded font 'courfe.fon'
[Parsed_subtitles_6 @ 0000024ec8c32580] No charmap autodetected, trying the first one
[Parsed_subtitles_6 @ 0000024ec8c32580] Error getting metadata for embedded font 'courfg.fon'
[Parsed_subtitles_6 @ 0000024ec8c32580] No charmap autodetected, trying the first one
[Parsed_subtitles_6 @ 0000024ec8c32580] Error getting metadata for embedded font 'courfg.fon'
[Parsed_subtitles_6 @ 0000024ec8c32580] No charmap autodetected, trying the first one
[Parsed_subtitles_6 @ 0000024ec8c32580] Error getting metadata for embedded font 'courfg.fon'
[Parsed_subtitles_6 @ 0000024ec8c32580] No charmap autodetected, trying the first one
[Parsed_subtitles_6 @ 0000024ec8c32580] Error getting metadata for embedded font 'courfr.fon'
[Parsed_subtitles_6 @ 0000024ec8c32580] No charmap autodetected, trying the first one
[Parsed_subtitles_6 @ 0000024ec8c32580] Error getting metadata for embedded font 'courfr.fon'
[Parsed_subtitles_6 @ 0000024ec8c32580] No charmap autodetected, trying the first one
[Parsed_subtitles_6 @ 0000024ec8c32580] Error getting metadata for embedded font 'courfr.fon'
[Parsed_subtitles_6 @ 0000024ec8c32580] No charmap autodetected, trying the first one
[Parsed_subtitles_6 @ 0000024ec8c32580] Error getting metadata for embedded font 'courft.fon'
[Parsed_subtitles_6 @ 0000024ec8c32580] No charmap autodetected, trying the first one
[Parsed_subtitles_6 @ 0000024ec8c32580] Error getting metadata for embedded font 'courft.fon'
[Parsed_subtitles_6 @ 0000024ec8c32580] No charmap autodetected, trying the first one
[Parsed_subtitles_6 @ 0000024ec8c32580] Error getting metadata for embedded font 'courft.fon'
[Parsed_subtitles_6 @ 0000024ec8c32580] No charmap autodetected, trying the first one
[Parsed_subtitles_6 @ 0000024ec8c32580] Error getting metadata for embedded font 'cvgafix.fon'
[Parsed_subtitles_6 @ 0000024ec8c32580] No charmap autodetected, trying the first one
[Parsed_subtitles_6 @ 0000024ec8c32580] Error getting metadata for embedded font 'cvgasys.fon'
[Parsed_subtitles_6 @ 0000024ec8c32580] No charmap autodetected, trying the first one
[Parsed_subtitles_6 @ 0000024ec8c32580] Error getting metadata for embedded font 'cvgasys.fon'
[Parsed_subtitles_6 @ 0000024ec8c32580] Error opening memory font 'desktop.ini'
[Parsed_subtitles_6 @ 0000024ec8c32580] No charmap autodetected, trying the first one
[Parsed_subtitles_6 @ 0000024ec8c32580] Error getting metadata for embedded font 'dos737.fon'
[Parsed_subtitles_6 @ 0000024ec8c32580] No charmap autodetected, trying the first one
[Parsed_subtitles_6 @ 0000024ec8c32580] Error getting metadata for embedded font 'dos737.fon'
[Parsed_subtitles_6 @ 0000024ec8c32580] No charmap autodetected, trying the first one
[Parsed_subtitles_6 @ 0000024ec8c32580] Error getting metadata for embedded font 'dos737.fon'
[Parsed_subtitles_6 @ 0000024ec8c32580] No charmap autodetected, trying the first one
[Parsed_subtitles_6 @ 0000024ec8c32580] Error getting metadata for embedded font 'dos737.fon'
[Parsed_subtitles_6 @ 0000024ec8c32580] No charmap autodetected, trying the first one
[Parsed_subtitles_6 @ 0000024ec8c32580] Error getting metadata for embedded font 'dos737.fon'
[Parsed_subtitles_6 @ 0000024ec8c32580] No charmap autodetected, trying the first one
[Parsed_subtitles_6 @ 0000024ec8c32580] Error getting metadata for embedded font 'dos737.fon'
[Parsed_subtitles_6 @ 0000024ec8c32580] No charmap autodetected, trying the first one
[Parsed_subtitles_6 @ 0000024ec8c32580] Error getting metadata for embedded font 'dos869.fon'
[Parsed_subtitles_6 @ 0000024ec8c32580] No charmap autodetected, trying the first one
[Parsed_subtitles_6 @ 0000024ec8c32580] Error getting metadata for embedded font 'dos869.fon'
[Parsed_subtitles_6 @ 0000024ec8c32580] No charmap autodetected, trying the first one
[Parsed_subtitles_6 @ 0000024ec8c32580] Error getting metadata for embedded font 'dos869.fon'
[Parsed_subtitles_6 @ 0000024ec8c32580] No charmap autodetected, trying the first one
[Parsed_subtitles_6 @ 0000024ec8c32580] Error getting metadata for embedded font 'dos869.fon'
[Parsed_subtitles_6 @ 0000024ec8c32580] No charmap autodetected, trying the first one
[Parsed_subtitles_6 @ 0000024ec8c32580] Error getting metadata for embedded font 'dos869.fon'
[Parsed_subtitles_6 @ 0000024ec8c32580] No charmap autodetected, trying the first one
[Parsed_subtitles_6 @ 0000024ec8c32580] Error getting metadata for embedded font 'dos869.fon'
[Parsed_subtitles_6 @ 0000024ec8c32580] No charmap autodetected, trying the first one
[Parsed_subtitles_6 @ 0000024ec8c32580] Error getting metadata for embedded font 'dosapp.fon'
[Parsed_subtitles_6 @ 0000024ec8c32580] No charmap autodetected, trying the first one
[Parsed_subtitles_6 @ 0000024ec8c32580] Error getting metadata for embedded font 'dosapp.fon'
[Parsed_subtitles_6 @ 0000024ec8c32580] No charmap autodetected, trying the first one
[Parsed_subtitles_6 @ 0000024ec8c32580] Error getting metadata for embedded font 'dosapp.fon'
[Parsed_subtitles_6 @ 0000024ec8c32580] No charmap autodetected, trying the first one
[Parsed_subtitles_6 @ 0000024ec8c32580] Error getting metadata for embedded font 'dosapp.fon'
[Parsed_subtitles_6 @ 0000024ec8c32580] No charmap autodetected, trying the first one
[Parsed_subtitles_6 @ 0000024ec8c32580] Error getting metadata for embedded font 'dosapp.fon'
[Parsed_subtitles_6 @ 0000024ec8c32580] No charmap autodetected, trying the first one
[Parsed_subtitles_6 @ 0000024ec8c32580] Error getting metadata for embedded font 'dosapp.fon'
[Parsed_subtitles_6 @ 0000024ec8c32580] No charmap autodetected, trying the first one
[Parsed_subtitles_6 @ 0000024ec8c32580] Error getting metadata for embedded font 'ega40737.fon'
[Parsed_subtitles_6 @ 0000024ec8c32580] No charmap autodetected, trying the first one
[Parsed_subtitles_6 @ 0000024ec8c32580] Error getting metadata for embedded font 'ega40850.fon'
[Parsed_subtitles_6 @ 0000024ec8c32580] No charmap autodetected, trying the first one
[Parsed_subtitles_6 @ 0000024ec8c32580] Error getting metadata for embedded font 'ega40852.fon'
[Parsed_subtitles_6 @ 0000024ec8c32580] No charmap autodetected, trying the first one
[Parsed_subtitles_6 @ 0000024ec8c32580] Error getting metadata for embedded font 'ega40857.fon'
[Parsed_subtitles_6 @ 0000024ec8c32580] No charmap autodetected, trying the first one
[Parsed_subtitles_6 @ 0000024ec8c32580] Error getting metadata for embedded font 'ega40866.fon'
[Parsed_subtitles_6 @ 0000024ec8c32580] No charmap autodetected, trying the first one
[Parsed_subtitles_6 @ 0000024ec8c32580] Error getting metadata for embedded font 'ega40869.fon'
[Parsed_subtitles_6 @ 0000024ec8c32580] No charmap autodetected, trying the first one
[Parsed_subtitles_6 @ 0000024ec8c32580] Error getting metadata for embedded font 'ega40woa.fon'
[Parsed_subtitles_6 @ 0000024ec8c32580] No charmap autodetected, trying the first one
[Parsed_subtitles_6 @ 0000024ec8c32580] Error getting metadata for embedded font 'ega80737.fon'
[Parsed_subtitles_6 @ 0000024ec8c32580] No charmap autodetected, trying the first one
[Parsed_subtitles_6 @ 0000024ec8c32580] Error getting metadata for embedded font 'ega80850.fon'
[Parsed_subtitles_6 @ 0000024ec8c32580] No charmap autodetected, trying the first one
[Parsed_subtitles_6 @ 0000024ec8c32580] Error getting metadata for embedded font 'ega80852.fon'
[Parsed_subtitles_6 @ 0000024ec8c32580] No charmap autodetected, trying the first one
[Parsed_subtitles_6 @ 0000024ec8c32580] Error getting metadata for embedded font 'ega80857.fon'
[Parsed_subtitles_6 @ 0000024ec8c32580] No charmap autodetected, trying the first one
[Parsed_subtitles_6 @ 0000024ec8c32580] Error getting metadata for embedded font 'ega80866.fon'
[Parsed_subtitles_6 @ 0000024ec8c32580] No charmap autodetected, trying the first one
[Parsed_subtitles_6 @ 0000024ec8c32580] Error getting metadata for embedded font 'ega80869.fon'
[Parsed_subtitles_6 @ 0000024ec8c32580] No charmap autodetected, trying the first one
[Parsed_subtitles_6 @ 0000024ec8c32580] Error getting metadata for embedded font 'ega80woa.fon'
[Parsed_subtitles_6 @ 0000024ec8c32580] Error opening memory font 'fms_metadata.xml'
[Parsed_subtitles_6 @ 0000024ec8c32580] Error opening memory font 'GlobalMonospace.CompositeFont'
[Parsed_subtitles_6 @ 0000024ec8c32580] Error opening memory font 'GlobalSansSerif.CompositeFont'
[Parsed_subtitles_6 @ 0000024ec8c32580] Error opening memory font 'GlobalSerif.CompositeFont'
[Parsed_subtitles_6 @ 0000024ec8c32580] Error opening memory font 'GlobalUserInterface.CompositeFont'
[Parsed_subtitles_6 @ 0000024ec8c32580] No charmap autodetected, trying the first one
[Parsed_subtitles_6 @ 0000024ec8c32580] Error getting metadata for embedded font 'h8514fix.fon'
[Parsed_subtitles_6 @ 0000024ec8c32580] No charmap autodetected, trying the first one
[Parsed_subtitles_6 @ 0000024ec8c32580] Error getting metadata for embedded font 'h8514oem.fon'
[Parsed_subtitles_6 @ 0000024ec8c32580] No charmap autodetected, trying the first one
[Parsed_subtitles_6 @ 0000024ec8c32580] Error getting metadata for embedded font 'h8514sys.fon'
[Parsed_subtitles_6 @ 0000024ec8c32580] No charmap autodetected, trying the first one
[Parsed_subtitles_6 @ 0000024ec8c32580] Error getting metadata for embedded font 'hvgafix.fon'
[Parsed_subtitles_6 @ 0000024ec8c32580] No charmap autodetected, trying the first one
[Parsed_subtitles_6 @ 0000024ec8c32580] Error getting metadata for embedded font 'hvgasys.fon'
[Parsed_subtitles_6 @ 0000024ec8c32580] No charmap autodetected, trying the first one
[Parsed_subtitles_6 @ 0000024ec8c32580] Error getting metadata for embedded font 'j8514fix.fon'
[Parsed_subtitles_6 @ 0000024ec8c32580] No charmap autodetected, trying the first one
[Parsed_subtitles_6 @ 0000024ec8c32580] Error getting metadata for embedded font 'j8514oem.fon'
[Parsed_subtitles_6 @ 0000024ec8c32580] No charmap autodetected, trying the first one
[Parsed_subtitles_6 @ 0000024ec8c32580] Error getting metadata for embedded font 'j8514sys.fon'
[Parsed_subtitles_6 @ 0000024ec8c32580] No charmap autodetected, trying the first one
[Parsed_subtitles_6 @ 0000024ec8c32580] Error getting metadata for embedded font 'jsmalle.fon'
[Parsed_subtitles_6 @ 0000024ec8c32580] No charmap autodetected, trying the first one
[Parsed_subtitles_6 @ 0000024ec8c32580] Error getting metadata for embedded font 'jsmalle.fon'
[Parsed_subtitles_6 @ 0000024ec8c32580] No charmap autodetected, trying the first one
[Parsed_subtitles_6 @ 0000024ec8c32580] Error getting metadata for embedded font 'jsmalle.fon'
[Parsed_subtitles_6 @ 0000024ec8c32580] No charmap autodetected, trying the first one
[Parsed_subtitles_6 @ 0000024ec8c32580] Error getting metadata for embedded font 'jsmalle.fon'
[Parsed_subtitles_6 @ 0000024ec8c32580] No charmap autodetected, trying the first one
[Parsed_subtitles_6 @ 0000024ec8c32580] Error getting metadata for embedded font 'jsmalle.fon'
[Parsed_subtitles_6 @ 0000024ec8c32580] No charmap autodetected, trying the first one
[Parsed_subtitles_6 @ 0000024ec8c32580] Error getting metadata for embedded font 'jsmalle.fon'
[Parsed_subtitles_6 @ 0000024ec8c32580] No charmap autodetected, trying the first one
[Parsed_subtitles_6 @ 0000024ec8c32580] Error getting metadata for embedded font 'jsmalle.fon'
[Parsed_subtitles_6 @ 0000024ec8c32580] No charmap autodetected, trying the first one
[Parsed_subtitles_6 @ 0000024ec8c32580] Error getting metadata for embedded font 'jsmalle.fon'
[Parsed_subtitles_6 @ 0000024ec8c32580] No charmap autodetected, trying the first one
[Parsed_subtitles_6 @ 0000024ec8c32580] Error getting metadata for embedded font 'jsmalle.fon'
[Parsed_subtitles_6 @ 0000024ec8c32580] No charmap autodetected, trying the first one
[Parsed_subtitles_6 @ 0000024ec8c32580] Error getting metadata for embedded font 'jsmalle.fon'
[Parsed_subtitles_6 @ 0000024ec8c32580] No charmap autodetected, trying the first one
[Parsed_subtitles_6 @ 0000024ec8c32580] Error getting metadata for embedded font 'jsmalle.fon'
[Parsed_subtitles_6 @ 0000024ec8c32580] No charmap autodetected, trying the first one
[Parsed_subtitles_6 @ 0000024ec8c32580] Error getting metadata for embedded font 'jsmalle.fon'
[Parsed_subtitles_6 @ 0000024ec8c32580] No charmap autodetected, trying the first one
[Parsed_subtitles_6 @ 0000024ec8c32580] Error getting metadata for embedded font 'jsmalle.fon'
[Parsed_subtitles_6 @ 0000024ec8c32580] No charmap autodetected, trying the first one
[Parsed_subtitles_6 @ 0000024ec8c32580] Error getting metadata for embedded font 'jsmalle.fon'
[Parsed_subtitles_6 @ 0000024ec8c32580] No charmap autodetected, trying the first one
[Parsed_subtitles_6 @ 0000024ec8c32580] Error getting metadata for embedded font 'jsmallf.fon'
[Parsed_subtitles_6 @ 0000024ec8c32580] No charmap autodetected, trying the first one
[Parsed_subtitles_6 @ 0000024ec8c32580] Error getting metadata for embedded font 'jsmallf.fon'
[Parsed_subtitles_6 @ 0000024ec8c32580] No charmap autodetected, trying the first one
[Parsed_subtitles_6 @ 0000024ec8c32580] Error getting metadata for embedded font 'jsmallf.fon'
[Parsed_subtitles_6 @ 0000024ec8c32580] No charmap autodetected, trying the first one
[Parsed_subtitles_6 @ 0000024ec8c32580] Error getting metadata for embedded font 'jsmallf.fon'
[Parsed_subtitles_6 @ 0000024ec8c32580] No charmap autodetected, trying the first one
[Parsed_subtitles_6 @ 0000024ec8c32580] Error getting metadata for embedded font 'jsmallf.fon'
[Parsed_subtitles_6 @ 0000024ec8c32580] No charmap autodetected, trying the first one
[Parsed_subtitles_6 @ 0000024ec8c32580] Error getting metadata for embedded font 'jsmallf.fon'
[Parsed_subtitles_6 @ 0000024ec8c32580] No charmap autodetected, trying the first one
[Parsed_subtitles_6 @ 0000024ec8c32580] Error getting metadata for embedded font 'jsmallf.fon'
[Parsed_subtitles_6 @ 0000024ec8c32580] No charmap autodetected, trying the first one
[Parsed_subtitles_6 @ 0000024ec8c32580] Error getting metadata for embedded font 'jsmallf.fon'
[Parsed_subtitles_6 @ 0000024ec8c32580] No charmap autodetected, trying the first one
[Parsed_subtitles_6 @ 0000024ec8c32580] Error getting metadata for embedded font 'jsmallf.fon'
[Parsed_subtitles_6 @ 0000024ec8c32580] No charmap autodetected, trying the first one
[Parsed_subtitles_6 @ 0000024ec8c32580] Error getting metadata for embedded font 'jsmallf.fon'
[Parsed_subtitles_6 @ 0000024ec8c32580] No charmap autodetected, trying the first one
[Parsed_subtitles_6 @ 0000024ec8c32580] Error getting metadata for embedded font 'jsmallf.fon'
[Parsed_subtitles_6 @ 0000024ec8c32580] No charmap autodetected, trying the first one
[Parsed_subtitles_6 @ 0000024ec8c32580] Error getting metadata for embedded font 'jsmallf.fon'
[Parsed_subtitles_6 @ 0000024ec8c32580] No charmap autodetected, trying the first one
[Parsed_subtitles_6 @ 0000024ec8c32580] Error getting metadata for embedded font 'jvgafix.fon'
[Parsed_subtitles_6 @ 0000024ec8c32580] No charmap autodetected, trying the first one
[Parsed_subtitles_6 @ 0000024ec8c32580] Error getting metadata for embedded font 'jvgasys.fon'
[Parsed_subtitles_6 @ 0000024ec8c32580] Error opening memory font 'modern.fon'
[Parsed_subtitles_6 @ 0000024ec8c32580] Error opening memory font 'roman.fon'
[Parsed_subtitles_6 @ 0000024ec8c32580] No charmap autodetected, trying the first one
[Parsed_subtitles_6 @ 0000024ec8c32580] Error getting metadata for embedded font 's8514fix.fon'
[Parsed_subtitles_6 @ 0000024ec8c32580] No charmap autodetected, trying the first one
[Parsed_subtitles_6 @ 0000024ec8c32580] Error getting metadata for embedded font 's8514oem.fon'
[Parsed_subtitles_6 @ 0000024ec8c32580] No charmap autodetected, trying the first one
[Parsed_subtitles_6 @ 0000024ec8c32580] Error getting metadata for embedded font 's8514sys.fon'
[Parsed_subtitles_6 @ 0000024ec8c32580] No charmap autodetected, trying the first one
[Parsed_subtitles_6 @ 0000024ec8c32580] Error getting metadata for embedded font 's8514sys.fon'
[Parsed_subtitles_6 @ 0000024ec8c32580] Error opening memory font 'script.fon'
[Parsed_subtitles_6 @ 0000024ec8c32580] No charmap autodetected, trying the first one
[Parsed_subtitles_6 @ 0000024ec8c32580] Error getting metadata for embedded font 'sere1255.fon'
[Parsed_subtitles_6 @ 0000024ec8c32580] No charmap autodetected, trying the first one
[Parsed_subtitles_6 @ 0000024ec8c32580] Error getting metadata for embedded font 'sere1255.fon'
[Parsed_subtitles_6 @ 0000024ec8c32580] No charmap autodetected, trying the first one
[Parsed_subtitles_6 @ 0000024ec8c32580] Error getting metadata for embedded font 'sere1255.fon'
[Parsed_subtitles_6 @ 0000024ec8c32580] No charmap autodetected, trying the first one
[Parsed_subtitles_6 @ 0000024ec8c32580] Error getting metadata for embedded font 'sere1255.fon'
[Parsed_subtitles_6 @ 0000024ec8c32580] No charmap autodetected, trying the first one
[Parsed_subtitles_6 @ 0000024ec8c32580] Error getting metadata for embedded font 'sere1255.fon'
[Parsed_subtitles_6 @ 0000024ec8c32580] No charmap autodetected, trying the first one
[Parsed_subtitles_6 @ 0000024ec8c32580] Error getting metadata for embedded font 'sere1255.fon'
[Parsed_subtitles_6 @ 0000024ec8c32580] No charmap autodetected, trying the first one
[Parsed_subtitles_6 @ 0000024ec8c32580] Error getting metadata for embedded font 'sere1256.fon'
[Parsed_subtitles_6 @ 0000024ec8c32580] No charmap autodetected, trying the first one
[Parsed_subtitles_6 @ 0000024ec8c32580] Error getting metadata for embedded font 'sere1256.fon'
[Parsed_subtitles_6 @ 0000024ec8c32580] No charmap autodetected, trying the first one
[Parsed_subtitles_6 @ 0000024ec8c32580] Error getting metadata for embedded font 'sere1256.fon'
[Parsed_subtitles_6 @ 0000024ec8c32580] No charmap autodetected, trying the first one
[Parsed_subtitles_6 @ 0000024ec8c32580] Error getting metadata for embedded font 'sere1256.fon'
[Parsed_subtitles_6 @ 0000024ec8c32580] No charmap autodetected, trying the first one
[Parsed_subtitles_6 @ 0000024ec8c32580] Error getting metadata for embedded font 'sere1256.fon'
[Parsed_subtitles_6 @ 0000024ec8c32580] No charmap autodetected, trying the first one
[Parsed_subtitles_6 @ 0000024ec8c32580] Error getting metadata for embedded font 'sere1256.fon'
[Parsed_subtitles_6 @ 0000024ec8c32580] No charmap autodetected, trying the first one
[Parsed_subtitles_6 @ 0000024ec8c32580] Error getting metadata for embedded font 'sere1257.fon'
[Parsed_subtitles_6 @ 0000024ec8c32580] No charmap autodetected, trying the first one
[Parsed_subtitles_6 @ 0000024ec8c32580] Error getting metadata for embedded font 'sere1257.fon'
[Parsed_subtitles_6 @ 0000024ec8c32580] No charmap autodetected, trying the first one
[Parsed_subtitles_6 @ 0000024ec8c32580] Error getting metadata for embedded font 'sere1257.fon'
[Parsed_subtitles_6 @ 0000024ec8c32580] No charmap autodetected, trying the first one
[Parsed_subtitles_6 @ 0000024ec8c32580] Error getting metadata for embedded font 'sere1257.fon'
[Parsed_subtitles_6 @ 0000024ec8c32580] No charmap autodetected, trying the first one
[Parsed_subtitles_6 @ 0000024ec8c32580] Error getting metadata for embedded font 'sere1257.fon'
[Parsed_subtitles_6 @ 0000024ec8c32580] No charmap autodetected, trying the first one
[Parsed_subtitles_6 @ 0000024ec8c32580] Error getting metadata for embedded font 'sere1257.fon'
[Parsed_subtitles_6 @ 0000024ec8c32580] No charmap autodetected, trying the first one
[Parsed_subtitles_6 @ 0000024ec8c32580] Error getting metadata for embedded font 'serf1255.fon'
[Parsed_subtitles_6 @ 0000024ec8c32580] No charmap autodetected, trying the first one
[Parsed_subtitles_6 @ 0000024ec8c32580] Error getting metadata for embedded font 'serf1255.fon'
[Parsed_subtitles_6 @ 0000024ec8c32580] No charmap autodetected, trying the first one
[Parsed_subtitles_6 @ 0000024ec8c32580] Error getting metadata for embedded font 'serf1255.fon'
[Parsed_subtitles_6 @ 0000024ec8c32580] No charmap autodetected, trying the first one
[Parsed_subtitles_6 @ 0000024ec8c32580] Error getting metadata for embedded font 'serf1255.fon'
[Parsed_subtitles_6 @ 0000024ec8c32580] No charmap autodetected, trying the first one
[Parsed_subtitles_6 @ 0000024ec8c32580] Error getting metadata for embedded font 'serf1255.fon'
[Parsed_subtitles_6 @ 0000024ec8c32580] No charmap autodetected, trying the first one
[Parsed_subtitles_6 @ 0000024ec8c32580] Error getting metadata for embedded font 'serf1255.fon'
[Parsed_subtitles_6 @ 0000024ec8c32580] No charmap autodetected, trying the first one
[Parsed_subtitles_6 @ 0000024ec8c32580] Error getting metadata for embedded font 'serf1256.fon'
[Parsed_subtitles_6 @ 0000024ec8c32580] No charmap autodetected, trying the first one
[Parsed_subtitles_6 @ 0000024ec8c32580] Error getting metadata for embedded font 'serf1256.fon'
[Parsed_subtitles_6 @ 0000024ec8c32580] No charmap autodetected, trying the first one
[Parsed_subtitles_6 @ 0000024ec8c32580] Error getting metadata for embedded font 'serf1256.fon'
[Parsed_subtitles_6 @ 0000024ec8c32580] No charmap autodetected, trying the first one
[Parsed_subtitles_6 @ 0000024ec8c32580] Error getting metadata for embedded font 'serf1256.fon'
[Parsed_subtitles_6 @ 0000024ec8c32580] No charmap autodetected, trying the first one
[Parsed_subtitles_6 @ 0000024ec8c32580] Error getting metadata for embedded font 'serf1256.fon'
[Parsed_subtitles_6 @ 0000024ec8c32580] No charmap autodetected, trying the first one
[Parsed_subtitles_6 @ 0000024ec8c32580] Error getting metadata for embedded font 'serf1256.fon'
[Parsed_subtitles_6 @ 0000024ec8c32580] No charmap autodetected, trying the first one
[Parsed_subtitles_6 @ 0000024ec8c32580] Error getting metadata for embedded font 'serf1257.fon'
[Parsed_subtitles_6 @ 0000024ec8c32580] No charmap autodetected, trying the first one
[Parsed_subtitles_6 @ 0000024ec8c32580] Error getting metadata for embedded font 'serf1257.fon'
[Parsed_subtitles_6 @ 0000024ec8c32580] No charmap autodetected, trying the first one
[Parsed_subtitles_6 @ 0000024ec8c32580] Error getting metadata for embedded font 'serf1257.fon'
[Parsed_subtitles_6 @ 0000024ec8c32580] No charmap autodetected, trying the first one
[Parsed_subtitles_6 @ 0000024ec8c32580] Error getting metadata for embedded font 'serf1257.fon'
[Parsed_subtitles_6 @ 0000024ec8c32580] No charmap autodetected, trying the first one
[Parsed_subtitles_6 @ 0000024ec8c32580] Error getting metadata for embedded font 'serf1257.fon'
[Parsed_subtitles_6 @ 0000024ec8c32580] No charmap autodetected, trying the first one
[Parsed_subtitles_6 @ 0000024ec8c32580] Error getting metadata for embedded font 'serf1257.fon'
[Parsed_subtitles_6 @ 0000024ec8c32580] No charmap autodetected, trying the first one
[Parsed_subtitles_6 @ 0000024ec8c32580] Error getting metadata for embedded font 'serife.fon'
[Parsed_subtitles_6 @ 0000024ec8c32580] No charmap autodetected, trying the first one
[Parsed_subtitles_6 @ 0000024ec8c32580] Error getting metadata for embedded font 'serife.fon'
[Parsed_subtitles_6 @ 0000024ec8c32580] No charmap autodetected, trying the first one
[Parsed_subtitles_6 @ 0000024ec8c32580] Error getting metadata for embedded font 'serife.fon'
[Parsed_subtitles_6 @ 0000024ec8c32580] No charmap autodetected, trying the first one
[Parsed_subtitles_6 @ 0000024ec8c32580] Error getting metadata for embedded font 'serife.fon'
[Parsed_subtitles_6 @ 0000024ec8c32580] No charmap autodetected, trying the first one
[Parsed_subtitles_6 @ 0000024ec8c32580] Error getting metadata for embedded font 'serife.fon'
[Parsed_subtitles_6 @ 0000024ec8c32580] No charmap autodetected, trying the first one
[Parsed_subtitles_6 @ 0000024ec8c32580] Error getting metadata for embedded font 'serife.fon'
[Parsed_subtitles_6 @ 0000024ec8c32580] No charmap autodetected, trying the first one
[Parsed_subtitles_6 @ 0000024ec8c32580] Error getting metadata for embedded font 'serifee.fon'
[Parsed_subtitles_6 @ 0000024ec8c32580] No charmap autodetected, trying the first one
[Parsed_subtitles_6 @ 0000024ec8c32580] Error getting metadata for embedded font 'serifee.fon'
[Parsed_subtitles_6 @ 0000024ec8c32580] No charmap autodetected, trying the first one
[Parsed_subtitles_6 @ 0000024ec8c32580] Error getting metadata for embedded font 'serifee.fon'
[Parsed_subtitles_6 @ 0000024ec8c32580] No charmap autodetected, trying the first one
[Parsed_subtitles_6 @ 0000024ec8c32580] Error getting metadata for embedded font 'serifee.fon'
[Parsed_subtitles_6 @ 0000024ec8c32580] No charmap autodetected, trying the first one
[Parsed_subtitles_6 @ 0000024ec8c32580] Error getting metadata for embedded font 'serifee.fon'
[Parsed_subtitles_6 @ 0000024ec8c32580] No charmap autodetected, trying the first one
[Parsed_subtitles_6 @ 0000024ec8c32580] Error getting metadata for embedded font 'serifee.fon'
[Parsed_subtitles_6 @ 0000024ec8c32580] No charmap autodetected, trying the first one
[Parsed_subtitles_6 @ 0000024ec8c32580] Error getting metadata for embedded font 'serifeg.fon'
[Parsed_subtitles_6 @ 0000024ec8c32580] No charmap autodetected, trying the first one
[Parsed_subtitles_6 @ 0000024ec8c32580] Error getting metadata for embedded font 'serifeg.fon'
[Parsed_subtitles_6 @ 0000024ec8c32580] No charmap autodetected, trying the first one
[Parsed_subtitles_6 @ 0000024ec8c32580] Error getting metadata for embedded font 'serifeg.fon'
[Parsed_subtitles_6 @ 0000024ec8c32580] No charmap autodetected, trying the first one
[Parsed_subtitles_6 @ 0000024ec8c32580] Error getting metadata for embedded font 'serifeg.fon'
[Parsed_subtitles_6 @ 0000024ec8c32580] No charmap autodetected, trying the first one
[Parsed_subtitles_6 @ 0000024ec8c32580] Error getting metadata for embedded font 'serifeg.fon'
[Parsed_subtitles_6 @ 0000024ec8c32580] No charmap autodetected, trying the first one
[Parsed_subtitles_6 @ 0000024ec8c32580] Error getting metadata for embedded font 'serifeg.fon'
[Parsed_subtitles_6 @ 0000024ec8c32580] No charmap autodetected, trying the first one
[Parsed_subtitles_6 @ 0000024ec8c32580] Error getting metadata for embedded font 'serifer.fon'
[Parsed_subtitles_6 @ 0000024ec8c32580] No charmap autodetected, trying the first one
[Parsed_subtitles_6 @ 0000024ec8c32580] Error getting metadata for embedded font 'serifer.fon'
[Parsed_subtitles_6 @ 0000024ec8c32580] No charmap autodetected, trying the first one
[Parsed_subtitles_6 @ 0000024ec8c32580] Error getting metadata for embedded font 'serifer.fon'
[Parsed_subtitles_6 @ 0000024ec8c32580] No charmap autodetected, trying the first one
[Parsed_subtitles_6 @ 0000024ec8c32580] Error getting metadata for embedded font 'serifer.fon'
[Parsed_subtitles_6 @ 0000024ec8c32580] No charmap autodetected, trying the first one
[Parsed_subtitles_6 @ 0000024ec8c32580] Error getting metadata for embedded font 'serifer.fon'
[Parsed_subtitles_6 @ 0000024ec8c32580] No charmap autodetected, trying the first one
[Parsed_subtitles_6 @ 0000024ec8c32580] Error getting metadata for embedded font 'serifer.fon'
[Parsed_subtitles_6 @ 0000024ec8c32580] No charmap autodetected, trying the first one
[Parsed_subtitles_6 @ 0000024ec8c32580] Error getting metadata for embedded font 'serifet.fon'
[Parsed_subtitles_6 @ 0000024ec8c32580] No charmap autodetected, trying the first one
[Parsed_subtitles_6 @ 0000024ec8c32580] Error getting metadata for embedded font 'serifet.fon'
[Parsed_subtitles_6 @ 0000024ec8c32580] No charmap autodetected, trying the first one
[Parsed_subtitles_6 @ 0000024ec8c32580] Error getting metadata for embedded font 'serifet.fon'
[Parsed_subtitles_6 @ 0000024ec8c32580] No charmap autodetected, trying the first one
[Parsed_subtitles_6 @ 0000024ec8c32580] Error getting metadata for embedded font 'serifet.fon'
[Parsed_subtitles_6 @ 0000024ec8c32580] No charmap autodetected, trying the first one
[Parsed_subtitles_6 @ 0000024ec8c32580] Error getting metadata for embedded font 'serifet.fon'
[Parsed_subtitles_6 @ 0000024ec8c32580] No charmap autodetected, trying the first one
[Parsed_subtitles_6 @ 0000024ec8c32580] Error getting metadata for embedded font 'serifet.fon'
[Parsed_subtitles_6 @ 0000024ec8c32580] No charmap autodetected, trying the first one
[Parsed_subtitles_6 @ 0000024ec8c32580] Error getting metadata for embedded font 'seriff.fon'
[Parsed_subtitles_6 @ 0000024ec8c32580] No charmap autodetected, trying the first one
[Parsed_subtitles_6 @ 0000024ec8c32580] Error getting metadata for embedded font 'seriff.fon'
[Parsed_subtitles_6 @ 0000024ec8c32580] No charmap autodetected, trying the first one
[Parsed_subtitles_6 @ 0000024ec8c32580] Error getting metadata for embedded font 'seriff.fon'
[Parsed_subtitles_6 @ 0000024ec8c32580] No charmap autodetected, trying the first one
[Parsed_subtitles_6 @ 0000024ec8c32580] Error getting metadata for embedded font 'seriff.fon'
[Parsed_subtitles_6 @ 0000024ec8c32580] No charmap autodetected, trying the first one
[Parsed_subtitles_6 @ 0000024ec8c32580] Error getting metadata for embedded font 'seriff.fon'
[Parsed_subtitles_6 @ 0000024ec8c32580] No charmap autodetected, trying the first one
[Parsed_subtitles_6 @ 0000024ec8c32580] Error getting metadata for embedded font 'seriff.fon'
[Parsed_subtitles_6 @ 0000024ec8c32580] No charmap autodetected, trying the first one
[Parsed_subtitles_6 @ 0000024ec8c32580] Error getting metadata for embedded font 'seriffe.fon'
[Parsed_subtitles_6 @ 0000024ec8c32580] No charmap autodetected, trying the first one
[Parsed_subtitles_6 @ 0000024ec8c32580] Error getting metadata for embedded font 'seriffe.fon'
[Parsed_subtitles_6 @ 0000024ec8c32580] No charmap autodetected, trying the first one
[Parsed_subtitles_6 @ 0000024ec8c32580] Error getting metadata for embedded font 'seriffe.fon'
[Parsed_subtitles_6 @ 0000024ec8c32580] No charmap autodetected, trying the first one
[Parsed_subtitles_6 @ 0000024ec8c32580] Error getting metadata for embedded font 'seriffe.fon'
[Parsed_subtitles_6 @ 0000024ec8c32580] No charmap autodetected, trying the first one
[Parsed_subtitles_6 @ 0000024ec8c32580] Error getting metadata for embedded font 'seriffe.fon'
[Parsed_subtitles_6 @ 0000024ec8c32580] No charmap autodetected, trying the first one
[Parsed_subtitles_6 @ 0000024ec8c32580] Error getting metadata for embedded font 'seriffe.fon'
[Parsed_subtitles_6 @ 0000024ec8c32580] No charmap autodetected, trying the first one
[Parsed_subtitles_6 @ 0000024ec8c32580] Error getting metadata for embedded font 'seriffg.fon'
[Parsed_subtitles_6 @ 0000024ec8c32580] No charmap autodetected, trying the first one
[Parsed_subtitles_6 @ 0000024ec8c32580] Error getting metadata for embedded font 'seriffg.fon'
[Parsed_subtitles_6 @ 0000024ec8c32580] No charmap autodetected, trying the first one
[Parsed_subtitles_6 @ 0000024ec8c32580] Error getting metadata for embedded font 'seriffg.fon'
[Parsed_subtitles_6 @ 0000024ec8c32580] No charmap autodetected, trying the first one
[Parsed_subtitles_6 @ 0000024ec8c32580] Error getting metadata for embedded font 'seriffg.fon'
[Parsed_subtitles_6 @ 0000024ec8c32580] No charmap autodetected, trying the first one
[Parsed_subtitles_6 @ 0000024ec8c32580] Error getting metadata for embedded font 'seriffg.fon'
[Parsed_subtitles_6 @ 0000024ec8c32580] No charmap autodetected, trying the first one
[Parsed_subtitles_6 @ 0000024ec8c32580] Error getting metadata for embedded font 'seriffg.fon'
[Parsed_subtitles_6 @ 0000024ec8c32580] No charmap autodetected, trying the first one
[Parsed_subtitles_6 @ 0000024ec8c32580] Error getting metadata for embedded font 'seriffr.fon'
[Parsed_subtitles_6 @ 0000024ec8c32580] No charmap autodetected, trying the first one
[Parsed_subtitles_6 @ 0000024ec8c32580] Error getting metadata for embedded font 'seriffr.fon'
[Parsed_subtitles_6 @ 0000024ec8c32580] No charmap autodetected, trying the first one
[Parsed_subtitles_6 @ 0000024ec8c32580] Error getting metadata for embedded font 'seriffr.fon'
[Parsed_subtitles_6 @ 0000024ec8c32580] No charmap autodetected, trying the first one
[Parsed_subtitles_6 @ 0000024ec8c32580] Error getting metadata for embedded font 'seriffr.fon'
[Parsed_subtitles_6 @ 0000024ec8c32580] No charmap autodetected, trying the first one
[Parsed_subtitles_6 @ 0000024ec8c32580] Error getting metadata for embedded font 'seriffr.fon'
[Parsed_subtitles_6 @ 0000024ec8c32580] No charmap autodetected, trying the first one
[Parsed_subtitles_6 @ 0000024ec8c32580] Error getting metadata for embedded font 'seriffr.fon'
[Parsed_subtitles_6 @ 0000024ec8c32580] No charmap autodetected, trying the first one
[Parsed_subtitles_6 @ 0000024ec8c32580] Error getting metadata for embedded font 'serifft.fon'
[Parsed_subtitles_6 @ 0000024ec8c32580] No charmap autodetected, trying the first one
[Parsed_subtitles_6 @ 0000024ec8c32580] Error getting metadata for embedded font 'serifft.fon'
[Parsed_subtitles_6 @ 0000024ec8c32580] No charmap autodetected, trying the first one
[Parsed_subtitles_6 @ 0000024ec8c32580] Error getting metadata for embedded font 'serifft.fon'
[Parsed_subtitles_6 @ 0000024ec8c32580] No charmap autodetected, trying the first one
[Parsed_subtitles_6 @ 0000024ec8c32580] Error getting metadata for embedded font 'serifft.fon'
[Parsed_subtitles_6 @ 0000024ec8c32580] No charmap autodetected, trying the first one
[Parsed_subtitles_6 @ 0000024ec8c32580] Error getting metadata for embedded font 'serifft.fon'
[Parsed_subtitles_6 @ 0000024ec8c32580] No charmap autodetected, trying the first one
[Parsed_subtitles_6 @ 0000024ec8c32580] Error getting metadata for embedded font 'serifft.fon'
[Parsed_subtitles_6 @ 0000024ec8c32580] No charmap autodetected, trying the first one
[Parsed_subtitles_6 @ 0000024ec8c32580] Error getting metadata for embedded font 'smae1255.fon'
[Parsed_subtitles_6 @ 0000024ec8c32580] No charmap autodetected, trying the first one
[Parsed_subtitles_6 @ 0000024ec8c32580] Error getting metadata for embedded font 'smae1255.fon'
[Parsed_subtitles_6 @ 0000024ec8c32580] No charmap autodetected, trying the first one
[Parsed_subtitles_6 @ 0000024ec8c32580] Error getting metadata for embedded font 'smae1255.fon'
[Parsed_subtitles_6 @ 0000024ec8c32580] No charmap autodetected, trying the first one
[Parsed_subtitles_6 @ 0000024ec8c32580] Error getting metadata for embedded font 'smae1255.fon'
[Parsed_subtitles_6 @ 0000024ec8c32580] No charmap autodetected, trying the first one
[Parsed_subtitles_6 @ 0000024ec8c32580] Error getting metadata for embedded font 'smae1255.fon'
[Parsed_subtitles_6 @ 0000024ec8c32580] No charmap autodetected, trying the first one
[Parsed_subtitles_6 @ 0000024ec8c32580] Error getting metadata for embedded font 'smae1255.fon'
[Parsed_subtitles_6 @ 0000024ec8c32580] No charmap autodetected, trying the first one
[Parsed_subtitles_6 @ 0000024ec8c32580] Error getting metadata for embedded font 'smae1255.fon'
[Parsed_subtitles_6 @ 0000024ec8c32580] No charmap autodetected, trying the first one
[Parsed_subtitles_6 @ 0000024ec8c32580] Error getting metadata for embedded font 'smae1255.fon'
[Parsed_subtitles_6 @ 0000024ec8c32580] No charmap autodetected, trying the first one
[Parsed_subtitles_6 @ 0000024ec8c32580] Error getting metadata for embedded font 'smae1256.fon'
[Parsed_subtitles_6 @ 0000024ec8c32580] No charmap autodetected, trying the first one
[Parsed_subtitles_6 @ 0000024ec8c32580] Error getting metadata for embedded font 'smae1256.fon'
[Parsed_subtitles_6 @ 0000024ec8c32580] No charmap autodetected, trying the first one
[Parsed_subtitles_6 @ 0000024ec8c32580] Error getting metadata for embedded font 'smae1256.fon'
[Parsed_subtitles_6 @ 0000024ec8c32580] No charmap autodetected, trying the first one
[Parsed_subtitles_6 @ 0000024ec8c32580] Error getting metadata for embedded font 'smae1256.fon'
[Parsed_subtitles_6 @ 0000024ec8c32580] No charmap autodetected, trying the first one
[Parsed_subtitles_6 @ 0000024ec8c32580] Error getting metadata for embedded font 'smae1256.fon'
[Parsed_subtitles_6 @ 0000024ec8c32580] No charmap autodetected, trying the first one
[Parsed_subtitles_6 @ 0000024ec8c32580] Error getting metadata for embedded font 'smae1256.fon'
[Parsed_subtitles_6 @ 0000024ec8c32580] No charmap autodetected, trying the first one
[Parsed_subtitles_6 @ 0000024ec8c32580] Error getting metadata for embedded font 'smae1256.fon'
[Parsed_subtitles_6 @ 0000024ec8c32580] No charmap autodetected, trying the first one
[Parsed_subtitles_6 @ 0000024ec8c32580] Error getting metadata for embedded font 'smae1256.fon'
[Parsed_subtitles_6 @ 0000024ec8c32580] No charmap autodetected, trying the first one
[Parsed_subtitles_6 @ 0000024ec8c32580] Error getting metadata for embedded font 'smae1256.fon'
[Parsed_subtitles_6 @ 0000024ec8c32580] No charmap autodetected, trying the first one
[Parsed_subtitles_6 @ 0000024ec8c32580] Error getting metadata for embedded font 'smae1256.fon'
[Parsed_subtitles_6 @ 0000024ec8c32580] No charmap autodetected, trying the first one
[Parsed_subtitles_6 @ 0000024ec8c32580] Error getting metadata for embedded font 'smae1257.fon'
[Parsed_subtitles_6 @ 0000024ec8c32580] No charmap autodetected, trying the first one
[Parsed_subtitles_6 @ 0000024ec8c32580] Error getting metadata for embedded font 'smae1257.fon'
[Parsed_subtitles_6 @ 0000024ec8c32580] No charmap autodetected, trying the first one
[Parsed_subtitles_6 @ 0000024ec8c32580] Error getting metadata for embedded font 'smae1257.fon'
[Parsed_subtitles_6 @ 0000024ec8c32580] No charmap autodetected, trying the first one
[Parsed_subtitles_6 @ 0000024ec8c32580] Error getting metadata for embedded font 'smae1257.fon'
[Parsed_subtitles_6 @ 0000024ec8c32580] No charmap autodetected, trying the first one
[Parsed_subtitles_6 @ 0000024ec8c32580] Error getting metadata for embedded font 'smae1257.fon'
[Parsed_subtitles_6 @ 0000024ec8c32580] No charmap autodetected, trying the first one
[Parsed_subtitles_6 @ 0000024ec8c32580] Error getting metadata for embedded font 'smae1257.fon'
[Parsed_subtitles_6 @ 0000024ec8c32580] No charmap autodetected, trying the first one
[Parsed_subtitles_6 @ 0000024ec8c32580] Error getting metadata for embedded font 'smae1257.fon'
[Parsed_subtitles_6 @ 0000024ec8c32580] No charmap autodetected, trying the first one
[Parsed_subtitles_6 @ 0000024ec8c32580] Error getting metadata for embedded font 'smae1257.fon'
[Parsed_subtitles_6 @ 0000024ec8c32580] No charmap autodetected, trying the first one
[Parsed_subtitles_6 @ 0000024ec8c32580] Error getting metadata for embedded font 'smaf1255.fon'
[Parsed_subtitles_6 @ 0000024ec8c32580] No charmap autodetected, trying the first one
[Parsed_subtitles_6 @ 0000024ec8c32580] Error getting metadata for embedded font 'smaf1255.fon'
[Parsed_subtitles_6 @ 0000024ec8c32580] No charmap autodetected, trying the first one
[Parsed_subtitles_6 @ 0000024ec8c32580] Error getting metadata for embedded font 'smaf1255.fon'
[Parsed_subtitles_6 @ 0000024ec8c32580] No charmap autodetected, trying the first one
[Parsed_subtitles_6 @ 0000024ec8c32580] Error getting metadata for embedded font 'smaf1255.fon'
[Parsed_subtitles_6 @ 0000024ec8c32580] No charmap autodetected, trying the first one
[Parsed_subtitles_6 @ 0000024ec8c32580] Error getting metadata for embedded font 'smaf1255.fon'
[Parsed_subtitles_6 @ 0000024ec8c32580] No charmap autodetected, trying the first one
[Parsed_subtitles_6 @ 0000024ec8c32580] Error getting metadata for embedded font 'smaf1255.fon'
[Parsed_subtitles_6 @ 0000024ec8c32580] No charmap autodetected, trying the first one
[Parsed_subtitles_6 @ 0000024ec8c32580] Error getting metadata for embedded font 'smaf1256.fon'
[Parsed_subtitles_6 @ 0000024ec8c32580] No charmap autodetected, trying the first one
[Parsed_subtitles_6 @ 0000024ec8c32580] Error getting metadata for embedded font 'smaf1256.fon'
[Parsed_subtitles_6 @ 0000024ec8c32580] No charmap autodetected, trying the first one
[Parsed_subtitles_6 @ 0000024ec8c32580] Error getting metadata for embedded font 'smaf1256.fon'
[Parsed_subtitles_6 @ 0000024ec8c32580] No charmap autodetected, trying the first one
[Parsed_subtitles_6 @ 0000024ec8c32580] Error getting metadata for embedded font 'smaf1256.fon'
[Parsed_subtitles_6 @ 0000024ec8c32580] No charmap autodetected, trying the first one
[Parsed_subtitles_6 @ 0000024ec8c32580] Error getting metadata for embedded font 'smaf1256.fon'
[Parsed_subtitles_6 @ 0000024ec8c32580] No charmap autodetected, trying the first one
[Parsed_subtitles_6 @ 0000024ec8c32580] Error getting metadata for embedded font 'smaf1256.fon'
[Parsed_subtitles_6 @ 0000024ec8c32580] No charmap autodetected, trying the first one
[Parsed_subtitles_6 @ 0000024ec8c32580] Error getting metadata for embedded font 'smaf1256.fon'
[Parsed_subtitles_6 @ 0000024ec8c32580] No charmap autodetected, trying the first one
[Parsed_subtitles_6 @ 0000024ec8c32580] Error getting metadata for embedded font 'smaf1256.fon'
[Parsed_subtitles_6 @ 0000024ec8c32580] No charmap autodetected, trying the first one
[Parsed_subtitles_6 @ 0000024ec8c32580] Error getting metadata for embedded font 'smaf1256.fon'
[Parsed_subtitles_6 @ 0000024ec8c32580] No charmap autodetected, trying the first one
[Parsed_subtitles_6 @ 0000024ec8c32580] Error getting metadata for embedded font 'smaf1256.fon'
[Parsed_subtitles_6 @ 0000024ec8c32580] No charmap autodetected, trying the first one
[Parsed_subtitles_6 @ 0000024ec8c32580] Error getting metadata for embedded font 'smaf1257.fon'
[Parsed_subtitles_6 @ 0000024ec8c32580] No charmap autodetected, trying the first one
[Parsed_subtitles_6 @ 0000024ec8c32580] Error getting metadata for embedded font 'smaf1257.fon'
[Parsed_subtitles_6 @ 0000024ec8c32580] No charmap autodetected, trying the first one
[Parsed_subtitles_6 @ 0000024ec8c32580] Error getting metadata for embedded font 'smaf1257.fon'
[Parsed_subtitles_6 @ 0000024ec8c32580] No charmap autodetected, trying the first one
[Parsed_subtitles_6 @ 0000024ec8c32580] Error getting metadata for embedded font 'smaf1257.fon'
[Parsed_subtitles_6 @ 0000024ec8c32580] No charmap autodetected, trying the first one
[Parsed_subtitles_6 @ 0000024ec8c32580] Error getting metadata for embedded font 'smaf1257.fon'
[Parsed_subtitles_6 @ 0000024ec8c32580] No charmap autodetected, trying the first one
[Parsed_subtitles_6 @ 0000024ec8c32580] Error getting metadata for embedded font 'smaf1257.fon'
[Parsed_subtitles_6 @ 0000024ec8c32580] No charmap autodetected, trying the first one
[Parsed_subtitles_6 @ 0000024ec8c32580] Error getting metadata for embedded font 'smalle.fon'
[Parsed_subtitles_6 @ 0000024ec8c32580] No charmap autodetected, trying the first one
[Parsed_subtitles_6 @ 0000024ec8c32580] Error getting metadata for embedded font 'smalle.fon'
[Parsed_subtitles_6 @ 0000024ec8c32580] No charmap autodetected, trying the first one
[Parsed_subtitles_6 @ 0000024ec8c32580] Error getting metadata for embedded font 'smalle.fon'
[Parsed_subtitles_6 @ 0000024ec8c32580] No charmap autodetected, trying the first one
[Parsed_subtitles_6 @ 0000024ec8c32580] Error getting metadata for embedded font 'smalle.fon'
[Parsed_subtitles_6 @ 0000024ec8c32580] No charmap autodetected, trying the first one
[Parsed_subtitles_6 @ 0000024ec8c32580] Error getting metadata for embedded font 'smalle.fon'
[Parsed_subtitles_6 @ 0000024ec8c32580] No charmap autodetected, trying the first one
[Parsed_subtitles_6 @ 0000024ec8c32580] Error getting metadata for embedded font 'smalle.fon'
[Parsed_subtitles_6 @ 0000024ec8c32580] No charmap autodetected, trying the first one
[Parsed_subtitles_6 @ 0000024ec8c32580] Error getting metadata for embedded font 'smalle.fon'
[Parsed_subtitles_6 @ 0000024ec8c32580] No charmap autodetected, trying the first one
[Parsed_subtitles_6 @ 0000024ec8c32580] Error getting metadata for embedded font 'smalle.fon'
[Parsed_subtitles_6 @ 0000024ec8c32580] No charmap autodetected, trying the first one
[Parsed_subtitles_6 @ 0000024ec8c32580] Error getting metadata for embedded font 'smallee.fon'
[Parsed_subtitles_6 @ 0000024ec8c32580] No charmap autodetected, trying the first one
[Parsed_subtitles_6 @ 0000024ec8c32580] Error getting metadata for embedded font 'smallee.fon'
[Parsed_subtitles_6 @ 0000024ec8c32580] No charmap autodetected, trying the first one
[Parsed_subtitles_6 @ 0000024ec8c32580] Error getting metadata for embedded font 'smallee.fon'
[Parsed_subtitles_6 @ 0000024ec8c32580] No charmap autodetected, trying the first one
[Parsed_subtitles_6 @ 0000024ec8c32580] Error getting metadata for embedded font 'smallee.fon'
[Parsed_subtitles_6 @ 0000024ec8c32580] No charmap autodetected, trying the first one
[Parsed_subtitles_6 @ 0000024ec8c32580] Error getting metadata for embedded font 'smallee.fon'
[Parsed_subtitles_6 @ 0000024ec8c32580] No charmap autodetected, trying the first one
[Parsed_subtitles_6 @ 0000024ec8c32580] Error getting metadata for embedded font 'smallee.fon'
[Parsed_subtitles_6 @ 0000024ec8c32580] No charmap autodetected, trying the first one
[Parsed_subtitles_6 @ 0000024ec8c32580] Error getting metadata for embedded font 'smallee.fon'
[Parsed_subtitles_6 @ 0000024ec8c32580] No charmap autodetected, trying the first one
[Parsed_subtitles_6 @ 0000024ec8c32580] Error getting metadata for embedded font 'smallee.fon'
[Parsed_subtitles_6 @ 0000024ec8c32580] No charmap autodetected, trying the first one
[Parsed_subtitles_6 @ 0000024ec8c32580] Error getting metadata for embedded font 'smalleg.fon'
[Parsed_subtitles_6 @ 0000024ec8c32580] No charmap autodetected, trying the first one
[Parsed_subtitles_6 @ 0000024ec8c32580] Error getting metadata for embedded font 'smalleg.fon'
[Parsed_subtitles_6 @ 0000024ec8c32580] No charmap autodetected, trying the first one
[Parsed_subtitles_6 @ 0000024ec8c32580] Error getting metadata for embedded font 'smalleg.fon'
[Parsed_subtitles_6 @ 0000024ec8c32580] No charmap autodetected, trying the first one
[Parsed_subtitles_6 @ 0000024ec8c32580] Error getting metadata for embedded font 'smalleg.fon'
[Parsed_subtitles_6 @ 0000024ec8c32580] No charmap autodetected, trying the first one
[Parsed_subtitles_6 @ 0000024ec8c32580] Error getting metadata for embedded font 'smalleg.fon'
[Parsed_subtitles_6 @ 0000024ec8c32580] No charmap autodetected, trying the first one
[Parsed_subtitles_6 @ 0000024ec8c32580] Error getting metadata for embedded font 'smalleg.fon'
[Parsed_subtitles_6 @ 0000024ec8c32580] No charmap autodetected, trying the first one
[Parsed_subtitles_6 @ 0000024ec8c32580] Error getting metadata for embedded font 'smalleg.fon'
[Parsed_subtitles_6 @ 0000024ec8c32580] No charmap autodetected, trying the first one
[Parsed_subtitles_6 @ 0000024ec8c32580] Error getting metadata for embedded font 'smalleg.fon'
[Parsed_subtitles_6 @ 0000024ec8c32580] No charmap autodetected, trying the first one
[Parsed_subtitles_6 @ 0000024ec8c32580] Error getting metadata for embedded font 'smaller.fon'
[Parsed_subtitles_6 @ 0000024ec8c32580] No charmap autodetected, trying the first one
[Parsed_subtitles_6 @ 0000024ec8c32580] Error getting metadata for embedded font 'smaller.fon'
[Parsed_subtitles_6 @ 0000024ec8c32580] No charmap autodetected, trying the first one
[Parsed_subtitles_6 @ 0000024ec8c32580] Error getting metadata for embedded font 'smaller.fon'
[Parsed_subtitles_6 @ 0000024ec8c32580] No charmap autodetected, trying the first one
[Parsed_subtitles_6 @ 0000024ec8c32580] Error getting metadata for embedded font 'smaller.fon'
[Parsed_subtitles_6 @ 0000024ec8c32580] No charmap autodetected, trying the first one
[Parsed_subtitles_6 @ 0000024ec8c32580] Error getting metadata for embedded font 'smaller.fon'
[Parsed_subtitles_6 @ 0000024ec8c32580] No charmap autodetected, trying the first one
[Parsed_subtitles_6 @ 0000024ec8c32580] Error getting metadata for embedded font 'smaller.fon'
[Parsed_subtitles_6 @ 0000024ec8c32580] No charmap autodetected, trying the first one
[Parsed_subtitles_6 @ 0000024ec8c32580] Error getting metadata for embedded font 'smaller.fon'
[Parsed_subtitles_6 @ 0000024ec8c32580] No charmap autodetected, trying the first one
[Parsed_subtitles_6 @ 0000024ec8c32580] Error getting metadata for embedded font 'smaller.fon'
[Parsed_subtitles_6 @ 0000024ec8c32580] No charmap autodetected, trying the first one
[Parsed_subtitles_6 @ 0000024ec8c32580] Error getting metadata for embedded font 'smallet.fon'
[Parsed_subtitles_6 @ 0000024ec8c32580] No charmap autodetected, trying the first one
[Parsed_subtitles_6 @ 0000024ec8c32580] Error getting metadata for embedded font 'smallet.fon'
[Parsed_subtitles_6 @ 0000024ec8c32580] No charmap autodetected, trying the first one
[Parsed_subtitles_6 @ 0000024ec8c32580] Error getting metadata for embedded font 'smallet.fon'
[Parsed_subtitles_6 @ 0000024ec8c32580] No charmap autodetected, trying the first one
[Parsed_subtitles_6 @ 0000024ec8c32580] Error getting metadata for embedded font 'smallet.fon'
[Parsed_subtitles_6 @ 0000024ec8c32580] No charmap autodetected, trying the first one
[Parsed_subtitles_6 @ 0000024ec8c32580] Error getting metadata for embedded font 'smallet.fon'
[Parsed_subtitles_6 @ 0000024ec8c32580] No charmap autodetected, trying the first one
[Parsed_subtitles_6 @ 0000024ec8c32580] Error getting metadata for embedded font 'smallet.fon'
[Parsed_subtitles_6 @ 0000024ec8c32580] No charmap autodetected, trying the first one
[Parsed_subtitles_6 @ 0000024ec8c32580] Error getting metadata for embedded font 'smallet.fon'
[Parsed_subtitles_6 @ 0000024ec8c32580] No charmap autodetected, trying the first one
[Parsed_subtitles_6 @ 0000024ec8c32580] Error getting metadata for embedded font 'smallet.fon'
[Parsed_subtitles_6 @ 0000024ec8c32580] No charmap autodetected, trying the first one
[Parsed_subtitles_6 @ 0000024ec8c32580] Error getting metadata for embedded font 'smallf.fon'
[Parsed_subtitles_6 @ 0000024ec8c32580] No charmap autodetected, trying the first one
[Parsed_subtitles_6 @ 0000024ec8c32580] Error getting metadata for embedded font 'smallf.fon'
[Parsed_subtitles_6 @ 0000024ec8c32580] No charmap autodetected, trying the first one
[Parsed_subtitles_6 @ 0000024ec8c32580] Error getting metadata for embedded font 'smallf.fon'
[Parsed_subtitles_6 @ 0000024ec8c32580] No charmap autodetected, trying the first one
[Parsed_subtitles_6 @ 0000024ec8c32580] Error getting metadata for embedded font 'smallf.fon'
[Parsed_subtitles_6 @ 0000024ec8c32580] No charmap autodetected, trying the first one
[Parsed_subtitles_6 @ 0000024ec8c32580] Error getting metadata for embedded font 'smallf.fon'
[Parsed_subtitles_6 @ 0000024ec8c32580] No charmap autodetected, trying the first one
[Parsed_subtitles_6 @ 0000024ec8c32580] Error getting metadata for embedded font 'smallf.fon'
[Parsed_subtitles_6 @ 0000024ec8c32580] No charmap autodetected, trying the first one
[Parsed_subtitles_6 @ 0000024ec8c32580] Error getting metadata for embedded font 'smallfe.fon'
[Parsed_subtitles_6 @ 0000024ec8c32580] No charmap autodetected, trying the first one
[Parsed_subtitles_6 @ 0000024ec8c32580] Error getting metadata for embedded font 'smallfe.fon'
[Parsed_subtitles_6 @ 0000024ec8c32580] No charmap autodetected, trying the first one
[Parsed_subtitles_6 @ 0000024ec8c32580] Error getting metadata for embedded font 'smallfe.fon'
[Parsed_subtitles_6 @ 0000024ec8c32580] No charmap autodetected, trying the first one
[Parsed_subtitles_6 @ 0000024ec8c32580] Error getting metadata for embedded font 'smallfe.fon'
[Parsed_subtitles_6 @ 0000024ec8c32580] No charmap autodetected, trying the first one
[Parsed_subtitles_6 @ 0000024ec8c32580] Error getting metadata for embedded font 'smallfe.fon'
[Parsed_subtitles_6 @ 0000024ec8c32580] No charmap autodetected, trying the first one
[Parsed_subtitles_6 @ 0000024ec8c32580] Error getting metadata for embedded font 'smallfe.fon'
[Parsed_subtitles_6 @ 0000024ec8c32580] No charmap autodetected, trying the first one
[Parsed_subtitles_6 @ 0000024ec8c32580] Error getting metadata for embedded font 'smallfg.fon'
[Parsed_subtitles_6 @ 0000024ec8c32580] No charmap autodetected, trying the first one
[Parsed_subtitles_6 @ 0000024ec8c32580] Error getting metadata for embedded font 'smallfg.fon'
[Parsed_subtitles_6 @ 0000024ec8c32580] No charmap autodetected, trying the first one
[Parsed_subtitles_6 @ 0000024ec8c32580] Error getting metadata for embedded font 'smallfg.fon'
[Parsed_subtitles_6 @ 0000024ec8c32580] No charmap autodetected, trying the first one
[Parsed_subtitles_6 @ 0000024ec8c32580] Error getting metadata for embedded font 'smallfg.fon'
[Parsed_subtitles_6 @ 0000024ec8c32580] No charmap autodetected, trying the first one
[Parsed_subtitles_6 @ 0000024ec8c32580] Error getting metadata for embedded font 'smallfg.fon'
[Parsed_subtitles_6 @ 0000024ec8c32580] No charmap autodetected, trying the first one
[Parsed_subtitles_6 @ 0000024ec8c32580] Error getting metadata for embedded font 'smallfg.fon'
[Parsed_subtitles_6 @ 0000024ec8c32580] No charmap autodetected, trying the first one
[Parsed_subtitles_6 @ 0000024ec8c32580] Error getting metadata for embedded font 'smallfr.fon'
[Parsed_subtitles_6 @ 0000024ec8c32580] No charmap autodetected, trying the first one
[Parsed_subtitles_6 @ 0000024ec8c32580] Error getting metadata for embedded font 'smallfr.fon'
[Parsed_subtitles_6 @ 0000024ec8c32580] No charmap autodetected, trying the first one
[Parsed_subtitles_6 @ 0000024ec8c32580] Error getting metadata for embedded font 'smallfr.fon'
[Parsed_subtitles_6 @ 0000024ec8c32580] No charmap autodetected, trying the first one
[Parsed_subtitles_6 @ 0000024ec8c32580] Error getting metadata for embedded font 'smallfr.fon'
[Parsed_subtitles_6 @ 0000024ec8c32580] No charmap autodetected, trying the first one
[Parsed_subtitles_6 @ 0000024ec8c32580] Error getting metadata for embedded font 'smallfr.fon'
[Parsed_subtitles_6 @ 0000024ec8c32580] No charmap autodetected, trying the first one
[Parsed_subtitles_6 @ 0000024ec8c32580] Error getting metadata for embedded font 'smallfr.fon'
[Parsed_subtitles_6 @ 0000024ec8c32580] No charmap autodetected, trying the first one
[Parsed_subtitles_6 @ 0000024ec8c32580] Error getting metadata for embedded font 'smallft.fon'
[Parsed_subtitles_6 @ 0000024ec8c32580] No charmap autodetected, trying the first one
[Parsed_subtitles_6 @ 0000024ec8c32580] Error getting metadata for embedded font 'smallft.fon'
[Parsed_subtitles_6 @ 0000024ec8c32580] No charmap autodetected, trying the first one
[Parsed_subtitles_6 @ 0000024ec8c32580] Error getting metadata for embedded font 'smallft.fon'
[Parsed_subtitles_6 @ 0000024ec8c32580] No charmap autodetected, trying the first one
[Parsed_subtitles_6 @ 0000024ec8c32580] Error getting metadata for embedded font 'smallft.fon'
[Parsed_subtitles_6 @ 0000024ec8c32580] No charmap autodetected, trying the first one
[Parsed_subtitles_6 @ 0000024ec8c32580] Error getting metadata for embedded font 'smallft.fon'
[Parsed_subtitles_6 @ 0000024ec8c32580] No charmap autodetected, trying the first one
[Parsed_subtitles_6 @ 0000024ec8c32580] Error getting metadata for embedded font 'smallft.fon'
[Parsed_subtitles_6 @ 0000024ec8c32580] No charmap autodetected, trying the first one
[Parsed_subtitles_6 @ 0000024ec8c32580] Error getting metadata for embedded font 'ssee1255.fon'
[Parsed_subtitles_6 @ 0000024ec8c32580] No charmap autodetected, trying the first one
[Parsed_subtitles_6 @ 0000024ec8c32580] Error getting metadata for embedded font 'ssee1255.fon'
[Parsed_subtitles_6 @ 0000024ec8c32580] No charmap autodetected, trying the first one
[Parsed_subtitles_6 @ 0000024ec8c32580] Error getting metadata for embedded font 'ssee1255.fon'
[Parsed_subtitles_6 @ 0000024ec8c32580] No charmap autodetected, trying the first one
[Parsed_subtitles_6 @ 0000024ec8c32580] Error getting metadata for embedded font 'ssee1255.fon'
[Parsed_subtitles_6 @ 0000024ec8c32580] No charmap autodetected, trying the first one
[Parsed_subtitles_6 @ 0000024ec8c32580] Error getting metadata for embedded font 'ssee1255.fon'
[Parsed_subtitles_6 @ 0000024ec8c32580] No charmap autodetected, trying the first one
[Parsed_subtitles_6 @ 0000024ec8c32580] Error getting metadata for embedded font 'ssee1255.fon'
[Parsed_subtitles_6 @ 0000024ec8c32580] No charmap autodetected, trying the first one
[Parsed_subtitles_6 @ 0000024ec8c32580] Error getting metadata for embedded font 'ssee1256.fon'
[Parsed_subtitles_6 @ 0000024ec8c32580] No charmap autodetected, trying the first one
[Parsed_subtitles_6 @ 0000024ec8c32580] Error getting metadata for embedded font 'ssee1256.fon'
[Parsed_subtitles_6 @ 0000024ec8c32580] No charmap autodetected, trying the first one
[Parsed_subtitles_6 @ 0000024ec8c32580] Error getting metadata for embedded font 'ssee1256.fon'
[Parsed_subtitles_6 @ 0000024ec8c32580] No charmap autodetected, trying the first one
[Parsed_subtitles_6 @ 0000024ec8c32580] Error getting metadata for embedded font 'ssee1256.fon'
[Parsed_subtitles_6 @ 0000024ec8c32580] No charmap autodetected, trying the first one
[Parsed_subtitles_6 @ 0000024ec8c32580] Error getting metadata for embedded font 'ssee1256.fon'
[Parsed_subtitles_6 @ 0000024ec8c32580] No charmap autodetected, trying the first one
[Parsed_subtitles_6 @ 0000024ec8c32580] Error getting metadata for embedded font 'ssee1256.fon'
[Parsed_subtitles_6 @ 0000024ec8c32580] No charmap autodetected, trying the first one
[Parsed_subtitles_6 @ 0000024ec8c32580] Error getting metadata for embedded font 'ssee1257.fon'
[Parsed_subtitles_6 @ 0000024ec8c32580] No charmap autodetected, trying the first one
[Parsed_subtitles_6 @ 0000024ec8c32580] Error getting metadata for embedded font 'ssee1257.fon'
[Parsed_subtitles_6 @ 0000024ec8c32580] No charmap autodetected, trying the first one
[Parsed_subtitles_6 @ 0000024ec8c32580] Error getting metadata for embedded font 'ssee1257.fon'
[Parsed_subtitles_6 @ 0000024ec8c32580] No charmap autodetected, trying the first one
[Parsed_subtitles_6 @ 0000024ec8c32580] Error getting metadata for embedded font 'ssee1257.fon'
[Parsed_subtitles_6 @ 0000024ec8c32580] No charmap autodetected, trying the first one
[Parsed_subtitles_6 @ 0000024ec8c32580] Error getting metadata for embedded font 'ssee1257.fon'
[Parsed_subtitles_6 @ 0000024ec8c32580] No charmap autodetected, trying the first one
[Parsed_subtitles_6 @ 0000024ec8c32580] Error getting metadata for embedded font 'ssee1257.fon'
[Parsed_subtitles_6 @ 0000024ec8c32580] No charmap autodetected, trying the first one
[Parsed_subtitles_6 @ 0000024ec8c32580] Error getting metadata for embedded font 'ssee874.fon'
[Parsed_subtitles_6 @ 0000024ec8c32580] No charmap autodetected, trying the first one
[Parsed_subtitles_6 @ 0000024ec8c32580] Error getting metadata for embedded font 'ssee874.fon'
[Parsed_subtitles_6 @ 0000024ec8c32580] No charmap autodetected, trying the first one
[Parsed_subtitles_6 @ 0000024ec8c32580] Error getting metadata for embedded font 'ssee874.fon'
[Parsed_subtitles_6 @ 0000024ec8c32580] No charmap autodetected, trying the first one
[Parsed_subtitles_6 @ 0000024ec8c32580] Error getting metadata for embedded font 'ssee874.fon'
[Parsed_subtitles_6 @ 0000024ec8c32580] No charmap autodetected, trying the first one
[Parsed_subtitles_6 @ 0000024ec8c32580] Error getting metadata for embedded font 'ssee874.fon'
[Parsed_subtitles_6 @ 0000024ec8c32580] No charmap autodetected, trying the first one
[Parsed_subtitles_6 @ 0000024ec8c32580] Error getting metadata for embedded font 'ssee874.fon'
[Parsed_subtitles_6 @ 0000024ec8c32580] No charmap autodetected, trying the first one
[Parsed_subtitles_6 @ 0000024ec8c32580] Error getting metadata for embedded font 'ssee874.fon'
[Parsed_subtitles_6 @ 0000024ec8c32580] No charmap autodetected, trying the first one
[Parsed_subtitles_6 @ 0000024ec8c32580] Error getting metadata for embedded font 'ssef1255.fon'
[Parsed_subtitles_6 @ 0000024ec8c32580] No charmap autodetected, trying the first one
[Parsed_subtitles_6 @ 0000024ec8c32580] Error getting metadata for embedded font 'ssef1255.fon'
[Parsed_subtitles_6 @ 0000024ec8c32580] No charmap autodetected, trying the first one
[Parsed_subtitles_6 @ 0000024ec8c32580] Error getting metadata for embedded font 'ssef1255.fon'
[Parsed_subtitles_6 @ 0000024ec8c32580] No charmap autodetected, trying the first one
[Parsed_subtitles_6 @ 0000024ec8c32580] Error getting metadata for embedded font 'ssef1255.fon'
[Parsed_subtitles_6 @ 0000024ec8c32580] No charmap autodetected, trying the first one
[Parsed_subtitles_6 @ 0000024ec8c32580] Error getting metadata for embedded font 'ssef1255.fon'
[Parsed_subtitles_6 @ 0000024ec8c32580] No charmap autodetected, trying the first one
[Parsed_subtitles_6 @ 0000024ec8c32580] Error getting metadata for embedded font 'ssef1255.fon'
[Parsed_subtitles_6 @ 0000024ec8c32580] No charmap autodetected, trying the first one
[Parsed_subtitles_6 @ 0000024ec8c32580] Error getting metadata for embedded font 'ssef1256.fon'
[Parsed_subtitles_6 @ 0000024ec8c32580] No charmap autodetected, trying the first one
[Parsed_subtitles_6 @ 0000024ec8c32580] Error getting metadata for embedded font 'ssef1256.fon'
[Parsed_subtitles_6 @ 0000024ec8c32580] No charmap autodetected, trying the first one
[Parsed_subtitles_6 @ 0000024ec8c32580] Error getting metadata for embedded font 'ssef1256.fon'
[Parsed_subtitles_6 @ 0000024ec8c32580] No charmap autodetected, trying the first one
[Parsed_subtitles_6 @ 0000024ec8c32580] Error getting metadata for embedded font 'ssef1256.fon'
[Parsed_subtitles_6 @ 0000024ec8c32580] No charmap autodetected, trying the first one
[Parsed_subtitles_6 @ 0000024ec8c32580] Error getting metadata for embedded font 'ssef1256.fon'
[Parsed_subtitles_6 @ 0000024ec8c32580] No charmap autodetected, trying the first one
[Parsed_subtitles_6 @ 0000024ec8c32580] Error getting metadata for embedded font 'ssef1257.fon'
[Parsed_subtitles_6 @ 0000024ec8c32580] No charmap autodetected, trying the first one
[Parsed_subtitles_6 @ 0000024ec8c32580] Error getting metadata for embedded font 'ssef1257.fon'
[Parsed_subtitles_6 @ 0000024ec8c32580] No charmap autodetected, trying the first one
[Parsed_subtitles_6 @ 0000024ec8c32580] Error getting metadata for embedded font 'ssef1257.fon'
[Parsed_subtitles_6 @ 0000024ec8c32580] No charmap autodetected, trying the first one
[Parsed_subtitles_6 @ 0000024ec8c32580] Error getting metadata for embedded font 'ssef1257.fon'
[Parsed_subtitles_6 @ 0000024ec8c32580] No charmap autodetected, trying the first one
[Parsed_subtitles_6 @ 0000024ec8c32580] Error getting metadata for embedded font 'ssef1257.fon'
[Parsed_subtitles_6 @ 0000024ec8c32580] No charmap autodetected, trying the first one
[Parsed_subtitles_6 @ 0000024ec8c32580] Error getting metadata for embedded font 'ssef1257.fon'
[Parsed_subtitles_6 @ 0000024ec8c32580] No charmap autodetected, trying the first one
[Parsed_subtitles_6 @ 0000024ec8c32580] Error getting metadata for embedded font 'ssef874.fon'
[Parsed_subtitles_6 @ 0000024ec8c32580] No charmap autodetected, trying the first one
[Parsed_subtitles_6 @ 0000024ec8c32580] Error getting metadata for embedded font 'ssef874.fon'
[Parsed_subtitles_6 @ 0000024ec8c32580] No charmap autodetected, trying the first one
[Parsed_subtitles_6 @ 0000024ec8c32580] Error getting metadata for embedded font 'ssef874.fon'
[Parsed_subtitles_6 @ 0000024ec8c32580] No charmap autodetected, trying the first one
[Parsed_subtitles_6 @ 0000024ec8c32580] Error getting metadata for embedded font 'ssef874.fon'
[Parsed_subtitles_6 @ 0000024ec8c32580] No charmap autodetected, trying the first one
[Parsed_subtitles_6 @ 0000024ec8c32580] Error getting metadata for embedded font 'ssef874.fon'
[Parsed_subtitles_6 @ 0000024ec8c32580] No charmap autodetected, trying the first one
[Parsed_subtitles_6 @ 0000024ec8c32580] Error getting metadata for embedded font 'ssef874.fon'
[Parsed_subtitles_6 @ 0000024ec8c32580] No charmap autodetected, trying the first one
[Parsed_subtitles_6 @ 0000024ec8c32580] Error getting metadata for embedded font 'ssef874.fon'
[Parsed_subtitles_6 @ 0000024ec8c32580] No charmap autodetected, trying the first one
[Parsed_subtitles_6 @ 0000024ec8c32580] Error getting metadata for embedded font 'sserife.fon'
[Parsed_subtitles_6 @ 0000024ec8c32580] No charmap autodetected, trying the first one
[Parsed_subtitles_6 @ 0000024ec8c32580] Error getting metadata for embedded font 'sserife.fon'
[Parsed_subtitles_6 @ 0000024ec8c32580] No charmap autodetected, trying the first one
[Parsed_subtitles_6 @ 0000024ec8c32580] Error getting metadata for embedded font 'sserife.fon'
[Parsed_subtitles_6 @ 0000024ec8c32580] No charmap autodetected, trying the first one
[Parsed_subtitles_6 @ 0000024ec8c32580] Error getting metadata for embedded font 'sserife.fon'
[Parsed_subtitles_6 @ 0000024ec8c32580] No charmap autodetected, trying the first one
[Parsed_subtitles_6 @ 0000024ec8c32580] Error getting metadata for embedded font 'sserife.fon'
[Parsed_subtitles_6 @ 0000024ec8c32580] No charmap autodetected, trying the first one
[Parsed_subtitles_6 @ 0000024ec8c32580] Error getting metadata for embedded font 'sserife.fon'
[Parsed_subtitles_6 @ 0000024ec8c32580] No charmap autodetected, trying the first one
[Parsed_subtitles_6 @ 0000024ec8c32580] Error getting metadata for embedded font 'sserifee.fon'
[Parsed_subtitles_6 @ 0000024ec8c32580] No charmap autodetected, trying the first one
[Parsed_subtitles_6 @ 0000024ec8c32580] Error getting metadata for embedded font 'sserifee.fon'
[Parsed_subtitles_6 @ 0000024ec8c32580] No charmap autodetected, trying the first one
[Parsed_subtitles_6 @ 0000024ec8c32580] Error getting metadata for embedded font 'sserifee.fon'
[Parsed_subtitles_6 @ 0000024ec8c32580] No charmap autodetected, trying the first one
[Parsed_subtitles_6 @ 0000024ec8c32580] Error getting metadata for embedded font 'sserifee.fon'
[Parsed_subtitles_6 @ 0000024ec8c32580] No charmap autodetected, trying the first one
[Parsed_subtitles_6 @ 0000024ec8c32580] Error getting metadata for embedded font 'sserifee.fon'
[Parsed_subtitles_6 @ 0000024ec8c32580] No charmap autodetected, trying the first one
[Parsed_subtitles_6 @ 0000024ec8c32580] Error getting metadata for embedded font 'sserifee.fon'
[Parsed_subtitles_6 @ 0000024ec8c32580] No charmap autodetected, trying the first one
[Parsed_subtitles_6 @ 0000024ec8c32580] Error getting metadata for embedded font 'sserifeg.fon'
[Parsed_subtitles_6 @ 0000024ec8c32580] No charmap autodetected, trying the first one
[Parsed_subtitles_6 @ 0000024ec8c32580] Error getting metadata for embedded font 'sserifeg.fon'
[Parsed_subtitles_6 @ 0000024ec8c32580] No charmap autodetected, trying the first one
[Parsed_subtitles_6 @ 0000024ec8c32580] Error getting metadata for embedded font 'sserifeg.fon'
[Parsed_subtitles_6 @ 0000024ec8c32580] No charmap autodetected, trying the first one
[Parsed_subtitles_6 @ 0000024ec8c32580] Error getting metadata for embedded font 'sserifeg.fon'
[Parsed_subtitles_6 @ 0000024ec8c32580] No charmap autodetected, trying the first one
[Parsed_subtitles_6 @ 0000024ec8c32580] Error getting metadata for embedded font 'sserifeg.fon'
[Parsed_subtitles_6 @ 0000024ec8c32580] No charmap autodetected, trying the first one
[Parsed_subtitles_6 @ 0000024ec8c32580] Error getting metadata for embedded font 'sserifeg.fon'
[Parsed_subtitles_6 @ 0000024ec8c32580] No charmap autodetected, trying the first one
[Parsed_subtitles_6 @ 0000024ec8c32580] Error getting metadata for embedded font 'sserifer.fon'
[Parsed_subtitles_6 @ 0000024ec8c32580] No charmap autodetected, trying the first one
[Parsed_subtitles_6 @ 0000024ec8c32580] Error getting metadata for embedded font 'sserifer.fon'
[Parsed_subtitles_6 @ 0000024ec8c32580] No charmap autodetected, trying the first one
[Parsed_subtitles_6 @ 0000024ec8c32580] Error getting metadata for embedded font 'sserifer.fon'
[Parsed_subtitles_6 @ 0000024ec8c32580] No charmap autodetected, trying the first one
[Parsed_subtitles_6 @ 0000024ec8c32580] Error getting metadata for embedded font 'sserifer.fon'
[Parsed_subtitles_6 @ 0000024ec8c32580] No charmap autodetected, trying the first one
[Parsed_subtitles_6 @ 0000024ec8c32580] Error getting metadata for embedded font 'sserifer.fon'
[Parsed_subtitles_6 @ 0000024ec8c32580] No charmap autodetected, trying the first one
[Parsed_subtitles_6 @ 0000024ec8c32580] Error getting metadata for embedded font 'sserifer.fon'
[Parsed_subtitles_6 @ 0000024ec8c32580] No charmap autodetected, trying the first one
[Parsed_subtitles_6 @ 0000024ec8c32580] Error getting metadata for embedded font 'sserifet.fon'
[Parsed_subtitles_6 @ 0000024ec8c32580] No charmap autodetected, trying the first one
[Parsed_subtitles_6 @ 0000024ec8c32580] Error getting metadata for embedded font 'sserifet.fon'
[Parsed_subtitles_6 @ 0000024ec8c32580] No charmap autodetected, trying the first one
[Parsed_subtitles_6 @ 0000024ec8c32580] Error getting metadata for embedded font 'sserifet.fon'
[Parsed_subtitles_6 @ 0000024ec8c32580] No charmap autodetected, trying the first one
[Parsed_subtitles_6 @ 0000024ec8c32580] Error getting metadata for embedded font 'sserifet.fon'
[Parsed_subtitles_6 @ 0000024ec8c32580] No charmap autodetected, trying the first one
[Parsed_subtitles_6 @ 0000024ec8c32580] Error getting metadata for embedded font 'sserifet.fon'
[Parsed_subtitles_6 @ 0000024ec8c32580] No charmap autodetected, trying the first one
[Parsed_subtitles_6 @ 0000024ec8c32580] Error getting metadata for embedded font 'sserifet.fon'
[Parsed_subtitles_6 @ 0000024ec8c32580] No charmap autodetected, trying the first one
[Parsed_subtitles_6 @ 0000024ec8c32580] Error getting metadata for embedded font 'sseriff.fon'
[Parsed_subtitles_6 @ 0000024ec8c32580] No charmap autodetected, trying the first one
[Parsed_subtitles_6 @ 0000024ec8c32580] Error getting metadata for embedded font 'sseriff.fon'
[Parsed_subtitles_6 @ 0000024ec8c32580] No charmap autodetected, trying the first one
[Parsed_subtitles_6 @ 0000024ec8c32580] Error getting metadata for embedded font 'sseriff.fon'
[Parsed_subtitles_6 @ 0000024ec8c32580] No charmap autodetected, trying the first one
[Parsed_subtitles_6 @ 0000024ec8c32580] Error getting metadata for embedded font 'sseriff.fon'
[Parsed_subtitles_6 @ 0000024ec8c32580] No charmap autodetected, trying the first one
[Parsed_subtitles_6 @ 0000024ec8c32580] Error getting metadata for embedded font 'sseriff.fon'
[Parsed_subtitles_6 @ 0000024ec8c32580] No charmap autodetected, trying the first one
[Parsed_subtitles_6 @ 0000024ec8c32580] Error getting metadata for embedded font 'sseriff.fon'
[Parsed_subtitles_6 @ 0000024ec8c32580] No charmap autodetected, trying the first one
[Parsed_subtitles_6 @ 0000024ec8c32580] Error getting metadata for embedded font 'sseriffe.fon'
[Parsed_subtitles_6 @ 0000024ec8c32580] No charmap autodetected, trying the first one
[Parsed_subtitles_6 @ 0000024ec8c32580] Error getting metadata for embedded font 'sseriffe.fon'
[Parsed_subtitles_6 @ 0000024ec8c32580] No charmap autodetected, trying the first one
[Parsed_subtitles_6 @ 0000024ec8c32580] Error getting metadata for embedded font 'sseriffe.fon'
[Parsed_subtitles_6 @ 0000024ec8c32580] No charmap autodetected, trying the first one
[Parsed_subtitles_6 @ 0000024ec8c32580] Error getting metadata for embedded font 'sseriffe.fon'
[Parsed_subtitles_6 @ 0000024ec8c32580] No charmap autodetected, trying the first one
[Parsed_subtitles_6 @ 0000024ec8c32580] Error getting metadata for embedded font 'sseriffe.fon'
[Parsed_subtitles_6 @ 0000024ec8c32580] No charmap autodetected, trying the first one
[Parsed_subtitles_6 @ 0000024ec8c32580] Error getting metadata for embedded font 'sseriffe.fon'
[Parsed_subtitles_6 @ 0000024ec8c32580] No charmap autodetected, trying the first one
[Parsed_subtitles_6 @ 0000024ec8c32580] Error getting metadata for embedded font 'sseriffg.fon'
[Parsed_subtitles_6 @ 0000024ec8c32580] No charmap autodetected, trying the first one
[Parsed_subtitles_6 @ 0000024ec8c32580] Error getting metadata for embedded font 'sseriffg.fon'
[Parsed_subtitles_6 @ 0000024ec8c32580] No charmap autodetected, trying the first one
[Parsed_subtitles_6 @ 0000024ec8c32580] Error getting metadata for embedded font 'sseriffg.fon'
[Parsed_subtitles_6 @ 0000024ec8c32580] No charmap autodetected, trying the first one
[Parsed_subtitles_6 @ 0000024ec8c32580] Error getting metadata for embedded font 'sseriffg.fon'
[Parsed_subtitles_6 @ 0000024ec8c32580] No charmap autodetected, trying the first one
[Parsed_subtitles_6 @ 0000024ec8c32580] Error getting metadata for embedded font 'sseriffg.fon'
[Parsed_subtitles_6 @ 0000024ec8c32580] No charmap autodetected, trying the first one
[Parsed_subtitles_6 @ 0000024ec8c32580] Error getting metadata for embedded font 'sseriffg.fon'
[Parsed_subtitles_6 @ 0000024ec8c32580] No charmap autodetected, trying the first one
[Parsed_subtitles_6 @ 0000024ec8c32580] Error getting metadata for embedded font 'sseriffr.fon'
[Parsed_subtitles_6 @ 0000024ec8c32580] No charmap autodetected, trying the first one
[Parsed_subtitles_6 @ 0000024ec8c32580] Error getting metadata for embedded font 'sseriffr.fon'
[Parsed_subtitles_6 @ 0000024ec8c32580] No charmap autodetected, trying the first one
[Parsed_subtitles_6 @ 0000024ec8c32580] Error getting metadata for embedded font 'sseriffr.fon'
[Parsed_subtitles_6 @ 0000024ec8c32580] No charmap autodetected, trying the first one
[Parsed_subtitles_6 @ 0000024ec8c32580] Error getting metadata for embedded font 'sseriffr.fon'
[Parsed_subtitles_6 @ 0000024ec8c32580] No charmap autodetected, trying the first one
[Parsed_subtitles_6 @ 0000024ec8c32580] Error getting metadata for embedded font 'sseriffr.fon'
[Parsed_subtitles_6 @ 0000024ec8c32580] No charmap autodetected, trying the first one
[Parsed_subtitles_6 @ 0000024ec8c32580] Error getting metadata for embedded font 'sseriffr.fon'
[Parsed_subtitles_6 @ 0000024ec8c32580] No charmap autodetected, trying the first one
[Parsed_subtitles_6 @ 0000024ec8c32580] Error getting metadata for embedded font 'sserifft.fon'
[Parsed_subtitles_6 @ 0000024ec8c32580] No charmap autodetected, trying the first one
[Parsed_subtitles_6 @ 0000024ec8c32580] Error getting metadata for embedded font 'sserifft.fon'
[Parsed_subtitles_6 @ 0000024ec8c32580] No charmap autodetected, trying the first one
[Parsed_subtitles_6 @ 0000024ec8c32580] Error getting metadata for embedded font 'sserifft.fon'
[Parsed_subtitles_6 @ 0000024ec8c32580] No charmap autodetected, trying the first one
[Parsed_subtitles_6 @ 0000024ec8c32580] Error getting metadata for embedded font 'sserifft.fon'
[Parsed_subtitles_6 @ 0000024ec8c32580] No charmap autodetected, trying the first one
[Parsed_subtitles_6 @ 0000024ec8c32580] Error getting metadata for embedded font 'sserifft.fon'
[Parsed_subtitles_6 @ 0000024ec8c32580] No charmap autodetected, trying the first one
[Parsed_subtitles_6 @ 0000024ec8c32580] Error getting metadata for embedded font 'sserifft.fon'
[Parsed_subtitles_6 @ 0000024ec8c32580] Error opening memory font 'StaticCache.dat'
[Parsed_subtitles_6 @ 0000024ec8c32580] No charmap autodetected, trying the first one
[Parsed_subtitles_6 @ 0000024ec8c32580] Error getting metadata for embedded font 'svgafix.fon'
[Parsed_subtitles_6 @ 0000024ec8c32580] No charmap autodetected, trying the first one
[Parsed_subtitles_6 @ 0000024ec8c32580] Error getting metadata for embedded font 'svgasys.fon'
[Parsed_subtitles_6 @ 0000024ec8c32580] No charmap autodetected, trying the first one
[Parsed_subtitles_6 @ 0000024ec8c32580] Error getting metadata for embedded font 'svgasys.fon'
[Parsed_subtitles_6 @ 0000024ec8c32580] No charmap autodetected, trying the first one
[Parsed_subtitles_6 @ 0000024ec8c32580] Error getting metadata for embedded font 'vga737.fon'
[Parsed_subtitles_6 @ 0000024ec8c32580] No charmap autodetected, trying the first one
[Parsed_subtitles_6 @ 0000024ec8c32580] Error getting metadata for embedded font 'vga775.fon'
[Parsed_subtitles_6 @ 0000024ec8c32580] No charmap autodetected, trying the first one
[Parsed_subtitles_6 @ 0000024ec8c32580] Error getting metadata for embedded font 'vga850.fon'
[Parsed_subtitles_6 @ 0000024ec8c32580] No charmap autodetected, trying the first one
[Parsed_subtitles_6 @ 0000024ec8c32580] Error getting metadata for embedded font 'vga852.fon'
[Parsed_subtitles_6 @ 0000024ec8c32580] No charmap autodetected, trying the first one
[Parsed_subtitles_6 @ 0000024ec8c32580] Error getting metadata for embedded font 'vga855.fon'
[Parsed_subtitles_6 @ 0000024ec8c32580] No charmap autodetected, trying the first one
[Parsed_subtitles_6 @ 0000024ec8c32580] Error getting metadata for embedded font 'vga857.fon'
[Parsed_subtitles_6 @ 0000024ec8c32580] No charmap autodetected, trying the first one
[Parsed_subtitles_6 @ 0000024ec8c32580] Error getting metadata for embedded font 'vga860.fon'
[Parsed_subtitles_6 @ 0000024ec8c32580] No charmap autodetected, trying the first one
[Parsed_subtitles_6 @ 0000024ec8c32580] Error getting metadata for embedded font 'vga861.fon'
[Parsed_subtitles_6 @ 0000024ec8c32580] No charmap autodetected, trying the first one
[Parsed_subtitles_6 @ 0000024ec8c32580] Error getting metadata for embedded font 'vga863.fon'
[Parsed_subtitles_6 @ 0000024ec8c32580] No charmap autodetected, trying the first one
[Parsed_subtitles_6 @ 0000024ec8c32580] Error getting metadata for embedded font 'vga865.fon'
[Parsed_subtitles_6 @ 0000024ec8c32580] No charmap autodetected, trying the first one
[Parsed_subtitles_6 @ 0000024ec8c32580] Error getting metadata for embedded font 'vga866.fon'
[Parsed_subtitles_6 @ 0000024ec8c32580] No charmap autodetected, trying the first one
[Parsed_subtitles_6 @ 0000024ec8c32580] Error getting metadata for embedded font 'vga869.fon'
[Parsed_subtitles_6 @ 0000024ec8c32580] No charmap autodetected, trying the first one
[Parsed_subtitles_6 @ 0000024ec8c32580] Error getting metadata for embedded font 'vga932.fon'
[Parsed_subtitles_6 @ 0000024ec8c32580] No charmap autodetected, trying the first one
[Parsed_subtitles_6 @ 0000024ec8c32580] Error getting metadata for embedded font 'vga936.fon'
[Parsed_subtitles_6 @ 0000024ec8c32580] No charmap autodetected, trying the first one
[Parsed_subtitles_6 @ 0000024ec8c32580] Error getting metadata for embedded font 'vga949.fon'
[Parsed_subtitles_6 @ 0000024ec8c32580] No charmap autodetected, trying the first one
[Parsed_subtitles_6 @ 0000024ec8c32580] Error getting metadata for embedded font 'vga950.fon'
[Parsed_subtitles_6 @ 0000024ec8c32580] No charmap autodetected, trying the first one
[Parsed_subtitles_6 @ 0000024ec8c32580] Error getting metadata for embedded font 'vgaf1255.fon'
[Parsed_subtitles_6 @ 0000024ec8c32580] No charmap autodetected, trying the first one
[Parsed_subtitles_6 @ 0000024ec8c32580] Error getting metadata for embedded font 'vgaf1256.fon'
[Parsed_subtitles_6 @ 0000024ec8c32580] No charmap autodetected, trying the first one
[Parsed_subtitles_6 @ 0000024ec8c32580] Error getting metadata for embedded font 'vgaf1257.fon'
[Parsed_subtitles_6 @ 0000024ec8c32580] No charmap autodetected, trying the first one
[Parsed_subtitles_6 @ 0000024ec8c32580] Error getting metadata for embedded font 'vgaf874.fon'
[Parsed_subtitles_6 @ 0000024ec8c32580] No charmap autodetected, trying the first one
[Parsed_subtitles_6 @ 0000024ec8c32580] Error getting metadata for embedded font 'vgafix.fon'
[Parsed_subtitles_6 @ 0000024ec8c32580] No charmap autodetected, trying the first one
[Parsed_subtitles_6 @ 0000024ec8c32580] Error getting metadata for embedded font 'vgafixe.fon'
[Parsed_subtitles_6 @ 0000024ec8c32580] No charmap autodetected, trying the first one
[Parsed_subtitles_6 @ 0000024ec8c32580] Error getting metadata for embedded font 'vgafixg.fon'
[Parsed_subtitles_6 @ 0000024ec8c32580] No charmap autodetected, trying the first one
[Parsed_subtitles_6 @ 0000024ec8c32580] Error getting metadata for embedded font 'vgafixr.fon'
[Parsed_subtitles_6 @ 0000024ec8c32580] No charmap autodetected, trying the first one
[Parsed_subtitles_6 @ 0000024ec8c32580] Error getting metadata for embedded font 'vgafixt.fon'
[Parsed_subtitles_6 @ 0000024ec8c32580] No charmap autodetected, trying the first one
[Parsed_subtitles_6 @ 0000024ec8c32580] Error getting metadata for embedded font 'vgaoem.fon'
[Parsed_subtitles_6 @ 0000024ec8c32580] No charmap autodetected, trying the first one
[Parsed_subtitles_6 @ 0000024ec8c32580] Error getting metadata for embedded font 'vgas1255.fon'
[Parsed_subtitles_6 @ 0000024ec8c32580] No charmap autodetected, trying the first one
[Parsed_subtitles_6 @ 0000024ec8c32580] Error getting metadata for embedded font 'vgas1256.fon'
[Parsed_subtitles_6 @ 0000024ec8c32580] No charmap autodetected, trying the first one
[Parsed_subtitles_6 @ 0000024ec8c32580] Error getting metadata for embedded font 'vgas1257.fon'
[Parsed_subtitles_6 @ 0000024ec8c32580] No charmap autodetected, trying the first one
[Parsed_subtitles_6 @ 0000024ec8c32580] Error getting metadata for embedded font 'vgas874.fon'
[Parsed_subtitles_6 @ 0000024ec8c32580] No charmap autodetected, trying the first one
[Parsed_subtitles_6 @ 0000024ec8c32580] Error getting metadata for embedded font 'vgasys.fon'
[Parsed_subtitles_6 @ 0000024ec8c32580] No charmap autodetected, trying the first one
[Parsed_subtitles_6 @ 0000024ec8c32580] Error getting metadata for embedded font 'vgasyse.fon'
[Parsed_subtitles_6 @ 0000024ec8c32580] No charmap autodetected, trying the first one
[Parsed_subtitles_6 @ 0000024ec8c32580] Error getting metadata for embedded font 'vgasysg.fon'
[Parsed_subtitles_6 @ 0000024ec8c32580] No charmap autodetected, trying the first one
[Parsed_subtitles_6 @ 0000024ec8c32580] Error getting metadata for embedded font 'vgasysr.fon'
[Parsed_subtitles_6 @ 0000024ec8c32580] No charmap autodetected, trying the first one
[Parsed_subtitles_6 @ 0000024ec8c32580] Error getting metadata for embedded font 'vgasyst.fon'
[Parsed_subtitles_6 @ 0000024ec8c32580] Using font provider directwrite (with GDI)
Input #0, mov,mp4,m4a,3gp,3g2,mj2, from 'C:\Users\n\AppData\Local\Temp\tmpmeb7dnb8\clip_2_586_656.mp4':
  Metadata:
    major_brand     : isom
    minor_version   : 512
    compatible_brands: isomiso2avc1mp41
    encoder         : Lavf63.5.101
  Duration: 00:01:10.60, start: 0.000000, bitrate: 4771 kb/s
  Stream #0:0[0x1](und): Video: h264 (Constrained Baseline) (avc1 / 0x31637661), yuv420p(tv, bt709, progressive), 1280x720 [SAR 1:1 DAR 16:9], 4682 kb/s, 25 fps, 25 tbr, 12800 tbn (default)
    Metadata:
      handler_name    : ISO Media file produced by Google Inc.
      encoder         : Lavc63.6.101 libx264
  Stream #0:1[0x2](und): Audio: aac (LC) (mp4a / 0x6134706D), 44100 Hz, stereo, fltp, 83 kb/s (default)
    Metadata:
      handler_name    : ISO Media file produced by Google Inc.
Input #1, mov,mp4,m4a,3gp,3g2,mj2, from 'C:\Users\n\Documents\hotshort\assets\transitions\light_leak_1080x1920_v3.mp4':
  Metadata:
    major_brand     : isom
    minor_version   : 512
    compatible_brands: isomiso2mp41
    encoder         : Lavf61.7.100
  Duration: 00:00:01.00, start: 0.000000, bitrate: 6185 kb/s
  Stream #1:0[0x1](und): Video: mpeg4 (Simple Profile) (mp4v / 0x7634706D), yuv420p, 1080x1920 [SAR 1:1 DAR 9:16], 6176 kb/s, 30 fps, 30 tbr, 15360 tbn (default)
    Metadata:
      handler_name    : VideoHandler
[aist#2:0/pcm_s16le @ 0000024ec8c7de80] Guessed Channel Layout: mono
Input #2, wav, from 'C:\Users\n\Documents\hotshort\assets\transitions\swoosh.wav':
  Duration: 00:00:01.00, bitrate: 705 kb/s
  Stream #2:0: Audio: pcm_s16le ([1][0][0][0] / 0x0001), 44100 Hz, mono, s16, 705 kb/s
[aist#3:0/pcm_s16le @ 0000024ec8c7d740] Guessed Channel Layout: mono
Input #3, wav, from 'C:\Users\n\Documents\hotshort\assets\transitions\camera_click.wav':
  Duration: 00:00:00.18, bitrate: 707 kb/s
  Stream #3:0: Audio: pcm_s16le ([1][0][0][0] / 0x0001), 44100 Hz, mono, s16, 705 kb/s
Input #4, mov,mp4,m4a,3gp,3g2,mj2, from 'C:\Users\n\Documents\hotshort\assets\Dopamine_assets\db_lxury.mp4':
  Metadata:
    major_brand     : mp42
    minor_version   : 0
    compatible_brands: mp42isom
  Duration: 00:00:05.69, start: 0.000000, bitrate: 1686 kb/s
  Stream #4:0[0x1](und): Video: h264 (High) (avc1 / 0x31637661), yuv420p(tv, bt709/bt709/smpte170m, progressive), 478x850, 1366 kb/s, 30.04 fps, 30 tbr, 90k tbn (default)
  Stream #4:1[0x2](und): Audio: aac (LC) (mp4a / 0x6134706D), 44100 Hz, stereo, fltp, 317 kb/s (default)
[in#5 @ 0000024ede274340] st: 0 edit list: 1 Missing key frame while searching for timestamp: 1001
[in#5 @ 0000024ede274340] st: 0 edit list 1 Cannot find an index entry before timestamp: 1001.
[in#5 @ 0000024ede274340] infe version < 2 is not implemented. Update your FFmpeg version to the newest one from Git. If the problem still occurs, it means that your file has a feature which has not been implemented.
[aist#5:1/pcm_s16be @ 0000024ecd097540] Guessed Channel Layout: stereo
Input #5, mov,mp4,m4a,3gp,3g2,mj2, from 'C:\Users\n\Documents\hotshort\assets\Dopamine_assets\DB_VIRAL_1.mp4':
  Metadata:
    major_brand     : XAVC
    minor_version   : 17506303
    compatible_brands: XAVCmp42nrasiso6
    creation_time   : 2024-07-27T20:45:20.000000Z
  Duration: 00:00:16.02, start: 0.000000, bitrate: 134222 kb/s
  Stream group #5:0[0x3]: Track Reference:
    Stream #5:0[0x1](und): Video: hevc (Rext) (hvc1 / 0x31637668), yuv422p10le(pc), 3840x2160 [SAR 1:1 DAR 16:9], 99334 kb/s, 23.98 fps, 23.98 tbr, 24k tbn (default)
      Metadata:
        creation_time   : 2024-07-27T20:45:20.000000Z
        handler_name    : Video Media Handler
        encoder         : HEVC Coding
    Stream #5:2[0x3](und): Data: none (rtmd / 0x646D7472), 5695 kb/s (default)
      Metadata:
        creation_time   : 2024-07-27T20:45:20.000000Z
        handler_name    : Timed Metadata Media Handler
        timecode        : 09:12:17:20
  Stream #5:1[0x2](und): Audio: pcm_s16be (twos / 0x736F7774), 48000 Hz, stereo, s16, 1536 kb/s (default)
    Metadata:
      creation_time   : 2024-07-27T20:45:20.000000Z
      handler_name    : Sound Media Handler
Input #6, mov,mp4,m4a,3gp,3g2,mj2, from 'C:\Users\n\Documents\hotshort\assets\Dopamine_assets\DB_LUXURY_1.mp4':
  Metadata:
    major_brand     : qt  
    minor_version   : 0
    compatible_brands: qt  
    creation_time   : 2024-07-25T02:19:59.000000Z
    com.apple.quicktime.location.accuracy.horizontal: 4.742039
    com.apple.quicktime.cinematic-video: 
    com.apple.quicktime.location.ISO6709: +36.2251+029.3756+003.930/
    com.apple.quicktime.make: Apple
    com.apple.quicktime.model: iPhone 15 Pro Max
    com.apple.quicktime.software: 17.6
    com.apple.quicktime.creationdate: 2024-07-24T19:58:46+0300
  Duration: 00:00:11.34, start: 0.000000, bitrate: 20665 kb/s
  Stream #6:0[0x1](und): Video: hevc (Main 10) (hvc1 / 0x31637668), yuv420p10le(tv, bt2020nc/bt2020/arib-std-b67), 3840x2160, 20468 kb/s, 30 fps, 30 tbr, 600 tbn (default)
    Metadata:
      creation_time   : 2024-07-25T02:19:59.000000Z
      handler_name    : Core Media Video
      vendor_id       : [0][0][0][0]
      encoder         : HEVC
    Side data:
      DOVI configuration record: version: 1.0, profile: 8, level: 8, rpu flag: 1, el flag: 0, bl flag: 1, compatibility id: 4, compression: 0
      Display Matrix: rotation of -90.00 degrees
      Ambient viewing environment: ambient_illuminance=314.000000, ambient_light_x=0.312700, ambient_light_y=0.329000
  Stream #6:1[0x2](und): Audio: aac (LC) (mp4a / 0x6134706D), 44100 Hz, stereo, fltp, 188 kb/s (default)
    Metadata:
      creation_time   : 2024-07-25T02:19:59.000000Z
      handler_name    : Core Media Audio
      vendor_id       : [0][0][0][0]
[aist#7:1/pcm_s16le @ 0000024ecd097c80] Guessed Channel Layout: mono
Input #7, mov,mp4,m4a,3gp,3g2,mj2, from 'C:\Users\n\Documents\hotshort\assets\Dopamine_assets\IMG_1722.mp4':
  Metadata:
    major_brand     : qt  
    minor_version   : 0
    compatible_brands: qt  
    creation_time   : 2024-07-24T15:34:05.000000Z
    com.apple.quicktime.location.accuracy.horizontal: 4.771754
    com.apple.quicktime.location.ISO6709: +36.2252+029.3648+000.391/
    com.apple.quicktime.make: Apple
    com.apple.quicktime.model: iPhone 14 Pro Max
    com.apple.quicktime.software: 17.6
    com.apple.quicktime.creationdate: 2024-07-24T18:34:04+0300
  Duration: 00:00:05.77, start: 0.000000, bitrate: 10535 kb/s
  Stream group #7:0[0x3]: Track Reference:
    Stream #7:0[0x1](und): Video: hevc (Main) (hvc1 / 0x31637668), yuvj420p(pc, smpte170m/smpte432/bt709), 1920x1440, 9710 kb/s, 30 fps, 30 tbr, 600 tbn (default)
      Metadata:
        creation_time   : 2024-07-24T15:34:05.000000Z
        handler_name    : Core Media Video
        vendor_id       : [0][0][0][0]
        encoder         : HEVC
      Side data:
        Display Matrix: rotation of -90.00 degrees
    Stream #7:2[0x3](und): Data: none (mebx / 0x7862656D), 0 kb/s (default)
      Metadata:
        creation_time   : 2024-07-24T15:34:05.000000Z
        handler_name    : Core Media Metadata
  Stream group #7:1[0x4]: Track Reference:
    Stream #7:0[0x1](und): Video: hevc (Main) (hvc1 / 0x31637668), yuvj420p(pc, smpte170m/smpte432/bt709), 1920x1440, 9710 kb/s, 30 fps, 30 tbr, 600 tbn (default)
      Metadata:
        creation_time   : 2024-07-24T15:34:05.000000Z
        handler_name    : Core Media Video
        vendor_id       : [0][0][0][0]
        encoder         : HEVC
      Side data:
        Display Matrix: rotation of -90.00 degrees
    Stream #7:3[0x4](und): Data: none (mebx / 0x7862656D), 94 kb/s (default)
      Metadata:
        creation_time   : 2024-07-24T15:34:05.000000Z
        handler_name    : Core Media Metadata
  Stream #7:1[0x2](und): Audio: pcm_s16le (lpcm / 0x6D63706C), 44100 Hz, mono, s16, 705 kb/s (default)
    Metadata:
      creation_time   : 2024-07-24T15:34:05.000000Z
      handler_name    : Core Media Audio
      vendor_id       : [0][0][0][0]
Input #8, mov,mp4,m4a,3gp,3g2,mj2, from 'C:\Users\n\Documents\hotshort\assets\Dopamine_assets\db_lxury.mp4':
  Metadata:
    major_brand     : mp42
    minor_version   : 0
    compatible_brands: mp42isom
  Duration: 00:00:05.69, start: 0.000000, bitrate: 1686 kb/s
  Stream #8:0[0x1](und): Video: h264 (High) (avc1 / 0x31637661), yuv420p(tv, bt709/bt709/smpte170m, progressive), 478x850, 1366 kb/s, 30.04 fps, 30 tbr, 90k tbn (default)
  Stream #8:1[0x2](und): Audio: aac (LC) (mp4a / 0x6134706D), 44100 Hz, stereo, fltp, 317 kb/s (default)
[in#9 @ 0000024ede272dc0] st: 0 edit list: 1 Missing key frame while searching for timestamp: 1001
[in#9 @ 0000024ede272dc0] st: 0 edit list 1 Cannot find an index entry before timestamp: 1001.
[in#9 @ 0000024ede272dc0] infe version < 2 is not implemented. Update your FFmpeg version to the newest one from Git. If the problem still occurs, it means that your file has a feature which has not been implemented.
[aist#9:1/pcm_s16be @ 0000024ecd095f80] Guessed Channel Layout: stereo
Input #9, mov,mp4,m4a,3gp,3g2,mj2, from 'C:\Users\n\Documents\hotshort\assets\Dopamine_assets\DB_VIRAL_1.mp4':
  Metadata:
    major_brand     : XAVC
    minor_version   : 17506303
    compatible_brands: XAVCmp42nrasiso6
    creation_time   : 2024-07-27T20:45:20.000000Z
  Duration: 00:00:16.02, start: 0.000000, bitrate: 134222 kb/s
  Stream group #9:0[0x3]: Track Reference:
    Stream #9:0[0x1](und): Video: hevc (Rext) (hvc1 / 0x31637668), yuv422p10le(pc), 3840x2160 [SAR 1:1 DAR 16:9], 99334 kb/s, 23.98 fps, 23.98 tbr, 24k tbn (default)
      Metadata:
        creation_time   : 2024-07-27T20:45:20.000000Z
        handler_name    : Video Media Handler
        encoder         : HEVC Coding
    Stream #9:2[0x3](und): Data: none (rtmd / 0x646D7472), 5695 kb/s (default)
      Metadata:
        creation_time   : 2024-07-27T20:45:20.000000Z
        handler_name    : Timed Metadata Media Handler
        timecode        : 09:12:17:20
  Stream #9:1[0x2](und): Audio: pcm_s16be (twos / 0x736F7774), 48000 Hz, stereo, s16, 1536 kb/s (default)
    Metadata:
      creation_time   : 2024-07-27T20:45:20.000000Z
      handler_name    : Sound Media Handler
[aist#10:1/pcm_s16le @ 0000024ecd097380] Guessed Channel Layout: mono
Input #10, mov,mp4,m4a,3gp,3g2,mj2, from 'C:\Users\n\Documents\hotshort\assets\Dopamine_assets\IMG_1722.mp4':
  Metadata:
    major_brand     : qt  
    minor_version   : 0
    compatible_brands: qt  
    creation_time   : 2024-07-24T15:34:05.000000Z
    com.apple.quicktime.location.accuracy.horizontal: 4.771754
    com.apple.quicktime.location.ISO6709: +36.2252+029.3648+000.391/
    com.apple.quicktime.make: Apple
    com.apple.quicktime.model: iPhone 14 Pro Max
    com.apple.quicktime.software: 17.6
    com.apple.quicktime.creationdate: 2024-07-24T18:34:04+0300
  Duration: 00:00:05.77, start: 0.000000, bitrate: 10535 kb/s
  Stream group #10:0[0x3]: Track Reference:
    Stream #10:0[0x1](und): Video: hevc (Main) (hvc1 / 0x31637668), yuvj420p(pc, smpte170m/smpte432/bt709), 1920x1440, 9710 kb/s, 30 fps, 30 tbr, 600 tbn (default)
      Metadata:
        creation_time   : 2024-07-24T15:34:05.000000Z
        handler_name    : Core Media Video
        vendor_id       : [0][0][0][0]
        encoder         : HEVC
      Side data:
        Display Matrix: rotation of -90.00 degrees
    Stream #10:2[0x3](und): Data: none (mebx / 0x7862656D), 0 kb/s (default)
      Metadata:
        creation_time   : 2024-07-24T15:34:05.000000Z
        handler_name    : Core Media Metadata
  Stream group #10:1[0x4]: Track Reference:
    Stream #10:0[0x1](und): Video: hevc (Main) (hvc1 / 0x31637668), yuvj420p(pc, smpte170m/smpte432/bt709), 1920x1440, 9710 kb/s, 30 fps, 30 tbr, 600 tbn (default)
      Metadata:
        creation_time   : 2024-07-24T15:34:05.000000Z
        handler_name    : Core Media Video
        vendor_id       : [0][0][0][0]
        encoder         : HEVC
      Side data:
        Display Matrix: rotation of -90.00 degrees
    Stream #10:3[0x4](und): Data: none (mebx / 0x7862656D), 94 kb/s (default)
      Metadata:
        creation_time   : 2024-07-24T15:34:05.000000Z
        handler_name    : Core Media Metadata
  Stream #10:1[0x2](und): Audio: pcm_s16le (lpcm / 0x6D63706C), 44100 Hz, mono, s16, 705 kb/s (default)
    Metadata:
      creation_time   : 2024-07-24T15:34:05.000000Z
      handler_name    : Core Media Audio
      vendor_id       : [0][0][0][0]
Input #11, mov,mp4,m4a,3gp,3g2,mj2, from 'C:\Users\n\Documents\hotshort\assets\Dopamine_assets\DB_LUXURY_1.mp4':
  Metadata:
    major_brand     : qt  
    minor_version   : 0
    compatible_brands: qt  
    creation_time   : 2024-07-25T02:19:59.000000Z
    com.apple.quicktime.location.accuracy.horizontal: 4.742039
    com.apple.quicktime.cinematic-video: 
    com.apple.quicktime.location.ISO6709: +36.2251+029.3756+003.930/
    com.apple.quicktime.make: Apple
    com.apple.quicktime.model: iPhone 15 Pro Max
    com.apple.quicktime.software: 17.6
    com.apple.quicktime.creationdate: 2024-07-24T19:58:46+0300
  Duration: 00:00:11.34, start: 0.000000, bitrate: 20665 kb/s
  Stream #11:0[0x1](und): Video: hevc (Main 10) (hvc1 / 0x31637668), yuv420p10le(tv, bt2020nc/bt2020/arib-std-b67), 3840x2160, 20468 kb/s, 30 fps, 30 tbr, 600 tbn (default)
    Metadata:
      creation_time   : 2024-07-25T02:19:59.000000Z
      handler_name    : Core Media Video
      vendor_id       : [0][0][0][0]
      encoder         : HEVC
    Side data:
      DOVI configuration record: version: 1.0, profile: 8, level: 8, rpu flag: 1, el flag: 0, bl flag: 1, compatibility id: 4, compression: 0
      Display Matrix: rotation of -90.00 degrees
      Ambient viewing environment: ambient_illuminance=314.000000, ambient_light_x=0.312700, ambient_light_y=0.329000
  Stream #11:1[0x2](und): Audio: aac (LC) (mp4a / 0x6134706D), 44100 Hz, stereo, fltp, 188 kb/s (default)
    Metadata:
      creation_time   : 2024-07-25T02:19:59.000000Z
      handler_name    : Core Media Audio
      vendor_id       : [0][0][0][0]
Input #12, mp3, from 'C:\Users\n\Documents\hotshort\assets\phonk_music\phonk_1.mp3':
  Metadata:
    encoder         : Lavf60.3.100
    title           : ï»¿Sky Verse
    artist          : ï»¿Lieless, Luuna, Yarimov
    TLEN            : 102000
    album           : ï»¿Sky Verse
    lyrics-eng      : [00:00.00]Heat.
                    : [00:02.08][Music]
                    : [00:07.20]Heat.
                    : [00:17.19]Heat.
                    : [00:38.48]Heat.
                    : [00:56.80]Heat. Heat.
                    : [01:15.11]Heat. Heat.
                    : [01:25.11]Yeah.
                    : [01:31.20]Heat.
                    : [01:40.10][Music]
                    : 
  Duration: 00:01:41.90, start: 0.011021, bitrate: 162 kb/s
  Stream #12:0: Audio: mp3 (mp3float), 48000 Hz, stereo, fltp, 160 kb/s, start 0.011021
    Metadata:
      encoder         : Lavc60.3.
  Stream #12:1: Video: mjpeg (Baseline), yuvj420p(pc, bt470bg/unknown/unknown), 1280x720 [SAR 1:1 DAR 16:9], 90k tbr, 90k tbn, start 0.011022 (attached pic)
    Metadata:
      title           : attached picture
      comment         : Cover (front)
[fc#0 @ 0000024ec8c013c0] Filter 'amix:default' has output 2 (hs_final_a) unconnected
Error binding filtergraph inputs/outputs: Invalid argument
; [987.0-1093.74]: FFmpeg failed with exit code 4294967274:
ffmpeg version N-125674-g9bc73ba344-20260719 Copyright (c) 2000-2026 the FFmpeg developers
  built with gcc 15.2.0 (crosstool-NG 1.28.0.23_185f348)
  configuration: --prefix=/ffbuild/prefix --pkg-config-flags=--static --pkg-config=pkg-config --cross-prefix=x86_64-w64-mingw32- --arch=x86_64 --target-os=mingw32 --enable-gpl --enable-version3 --disable-debug --disable-w32threads --enable-pthreads --enable-iconv --enable-zlib --enable-libxml2 --enable-libvmaf --enable-fontconfig --enable-libharfbuzz --enable-libfreetype --enable-libfribidi --enable-vulkan --enable-libvorbis --disable-libxcb --disable-xlib --disable-libpulse --enable-gmp --enable-lzma --enable-liblcevc-dec --enable-opencl --enable-amf --enable-libaom --enable-libaribb24 --enable-avisynth --enable-chromaprint --enable-libdav1d --enable-libdavs2 --enable-libdvdread --enable-libdvdnav --disable-libfdk-aac --enable-ffnvcodec --enable-cuda-llvm --enable-frei0r --enable-libgme --enable-libkvazaar --enable-libaribcaption --enable-libass --enable-libbluray --enable-libjxl --enable-libmp3lame --enable-libopus --enable-libplacebo --enable-librist --enable-libssh --enable-libtheora --enable-libvpx --enable-libwebp --enable-libzmq --enable-lv2 --enable-libvpl --enable-openal --enable-liboapv --enable-libopencore-amrnb --enable-libopencore-amrwb --enable-libopenh264 --enable-libopenjpeg --enable-libopenmpt --enable-librav1e --enable-librubberband --enable-schannel --enable-sdl2 --enable-libsnappy --enable-libsoxr --enable-libsrt --enable-libsvtav1 --enable-libtwolame --enable-libuavs3d --disable-libdrm --enable-vaapi --enable-libvidstab --enable-libvvenc --disable-whisper --enable-libx264 --enable-libx265 --enable-libxavs2 --enable-libxvid --enable-libzimg --enable-libzvbi --extra-cflags=-DLIBTWOLAME_STATIC --extra-cxxflags= --extra-libs=-lgomp --extra-ldflags=-pthread --extra-ldexeflags= --cc=x86_64-w64-mingw32-gcc --cxx=x86_64-w64-mingw32-g++ --ar=x86_64-w64-mingw32-gcc-ar --ranlib=x86_64-w64-mingw32-gcc-ranlib --nm=x86_64-w64-mingw32-gcc-nm --extra-version=20260719
  libavutil      61.  5.100 / 61.  5.100
  libavcodec     63.  6.101 / 63.  6.101
  libavformat    63.  5.101 / 63.  5.101
  libavdevice    63.  2.100 / 63.  2.100
  libavfilter    12.  3.101 / 12.  3.101
  libswscale     10.  2.100 / 10.  2.100
  libswresample   7.  2.100 /  7.  2.100
[Parsed_subtitles_6 @ 0000018cc6f59e00] libass API version: 0x1705000
[Parsed_subtitles_6 @ 0000018cc6f59e00] libass source: meson, commit: 4a05d8127f525943ebf45fdc6497c9e665947f0d
[Parsed_subtitles_6 @ 0000018cc6f59e00] Shaper: FriBidi 1.0.16 (SIMPLE) HarfBuzz-ng 14.2.1 (COMPLEX)
[Parsed_subtitles_6 @ 0000018cc6f59e00] Loading font file 'C:/Windows/Fonts\8514fix.fon'
[Parsed_subtitles_6 @ 0000018cc6f59e00] Loading font file 'C:/Windows/Fonts\8514fixe.fon'
[Parsed_subtitles_6 @ 0000018cc6f59e00] Loading font file 'C:/Windows/Fonts\8514fixg.fon'
[Parsed_subtitles_6 @ 0000018cc6f59e00] Loading font file 'C:/Windows/Fonts\8514fixr.fon'
[Parsed_subtitles_6 @ 0000018cc6f59e00] Loading font file 'C:/Windows/Fonts\8514fixt.fon'
[Parsed_subtitles_6 @ 0000018cc6f59e00] Loading font file 'C:/Windows/Fonts\8514oem.fon'
[Parsed_subtitles_6 @ 0000018cc6f59e00] Loading font file 'C:/Windows/Fonts\8514oeme.fon'
[Parsed_subtitles_6 @ 0000018cc6f59e00] Loading font file 'C:/Windows/Fonts\8514oemg.fon'
[Parsed_subtitles_6 @ 0000018cc6f59e00] Loading font file 'C:/Windows/Fonts\8514oemr.fon'
[Parsed_subtitles_6 @ 0000018cc6f59e00] Loading font file 'C:/Windows/Fonts\8514oemt.fon'
[Parsed_subtitles_6 @ 0000018cc6f59e00] Loading font file 'C:/Windows/Fonts\8514sys.fon'
[Parsed_subtitles_6 @ 0000018cc6f59e00] Loading font file 'C:/Windows/Fonts\8514syse.fon'
[Parsed_subtitles_6 @ 0000018cc6f59e00] Loading font file 'C:/Windows/Fonts\8514sysg.fon'
[Parsed_subtitles_6 @ 0000018cc6f59e00] Loading font file 'C:/Windows/Fonts\8514sysr.fon'
[Parsed_subtitles_6 @ 0000018cc6f59e00] Loading font file 'C:/Windows/Fonts\8514syst.fon'
[Parsed_subtitles_6 @ 0000018cc6f59e00] Loading font file 'C:/Windows/Fonts\85775.fon'
[Parsed_subtitles_6 @ 0000018cc6f59e00] Loading font file 'C:/Windows/Fonts\85855.fon'
[Parsed_subtitles_6 @ 0000018cc6f59e00] Loading font file 'C:/Windows/Fonts\85f1255.fon'
[Parsed_subtitles_6 @ 0000018cc6f59e00] Loading font file 'C:/Windows/Fonts\85f1256.fon'
[Parsed_subtitles_6 @ 0000018cc6f59e00] Loading font file 'C:/Windows/Fonts\85f1257.fon'
[Parsed_subtitles_6 @ 0000018cc6f59e00] Loading font file 'C:/Windows/Fonts\85f874.fon'
[Parsed_subtitles_6 @ 0000018cc6f59e00] Loading font file 'C:/Windows/Fonts\85s1255.fon'
[Parsed_subtitles_6 @ 0000018cc6f59e00] Loading font file 'C:/Windows/Fonts\85s1256.fon'
[Parsed_subtitles_6 @ 0000018cc6f59e00] Loading font file 'C:/Windows/Fonts\85s1257.fon'
[Parsed_subtitles_6 @ 0000018cc6f59e00] Loading font file 'C:/Windows/Fonts\85s874.fon'
[Parsed_subtitles_6 @ 0000018cc6f59e00] Loading font file 'C:/Windows/Fonts\AGENCYB.TTF'
[Parsed_subtitles_6 @ 0000018cc6f59e00] Loading font file 'C:/Windows/Fonts\AGENCYR.TTF'
[Parsed_subtitles_6 @ 0000018cc6f59e00] Loading font file 'C:/Windows/Fonts\ALGER.TTF'
[Parsed_subtitles_6 @ 0000018cc6f59e00] Loading font file 'C:/Windows/Fonts\ANTQUAB.TTF'
[Parsed_subtitles_6 @ 0000018cc6f59e00] Loading font file 'C:/Windows/Fonts\ANTQUABI.TTF'
[Parsed_subtitles_6 @ 0000018cc6f59e00] Loading font file 'C:/Windows/Fonts\ANTQUAI.TTF'
[Parsed_subtitles_6 @ 0000018cc6f59e00] Loading font file 'C:/Windows/Fonts\app775.fon'
[Parsed_subtitles_6 @ 0000018cc6f59e00] Loading font file 'C:/Windows/Fonts\app850.fon'
[Parsed_subtitles_6 @ 0000018cc6f59e00] Loading font file 'C:/Windows/Fonts\app852.fon'
[Parsed_subtitles_6 @ 0000018cc6f59e00] Loading font file 'C:/Windows/Fonts\app855.fon'
[Parsed_subtitles_6 @ 0000018cc6f59e00] Loading font file 'C:/Windows/Fonts\app857.fon'
[Parsed_subtitles_6 @ 0000018cc6f59e00] Loading font file 'C:/Windows/Fonts\app866.fon'
[Parsed_subtitles_6 @ 0000018cc6f59e00] Loading font file 'C:/Windows/Fonts\app932.fon'
[Parsed_subtitles_6 @ 0000018cc6f59e00] Loading font file 'C:/Windows/Fonts\app936.fon'
[Parsed_subtitles_6 @ 0000018cc6f59e00] Loading font file 'C:/Windows/Fonts\app949.fon'
[Parsed_subtitles_6 @ 0000018cc6f59e00] Loading font file 'C:/Windows/Fonts\app950.fon'
[Parsed_subtitles_6 @ 0000018cc6f59e00] Loading font file 'C:/Windows/Fonts\arial.ttf'
[Parsed_subtitles_6 @ 0000018cc6f59e00] Loading font file 'C:/Windows/Fonts\arialbd.ttf'
[Parsed_subtitles_6 @ 0000018cc6f59e00] Loading font file 'C:/Windows/Fonts\arialbi.ttf'
[Parsed_subtitles_6 @ 0000018cc6f59e00] Loading font file 'C:/Windows/Fonts\ariali.ttf'
[Parsed_subtitles_6 @ 0000018cc6f59e00] Loading font file 'C:/Windows/Fonts\ARIALN.TTF'
[Parsed_subtitles_6 @ 0000018cc6f59e00] Loading font file 'C:/Windows/Fonts\ARIALNB.TTF'
[Parsed_subtitles_6 @ 0000018cc6f59e00] Loading font file 'C:/Windows/Fonts\ARIALNBI.TTF'
[Parsed_subtitles_6 @ 0000018cc6f59e00] Loading font file 'C:/Windows/Fonts\ARIALNI.TTF'
[Parsed_subtitles_6 @ 0000018cc6f59e00] Loading font file 'C:/Windows/Fonts\ariblk.ttf'
[Parsed_subtitles_6 @ 0000018cc6f59e00] Loading font file 'C:/Windows/Fonts\ARLRDBD.TTF'
[Parsed_subtitles_6 @ 0000018cc6f59e00] Loading font file 'C:/Windows/Fonts\bahnschrift.ttf'
[Parsed_subtitles_6 @ 0000018cc6f59e00] Loading font file 'C:/Windows/Fonts\BASKVILL.TTF'
[Parsed_subtitles_6 @ 0000018cc6f59e00] Loading font file 'C:/Windows/Fonts\BAUHS93.TTF'
[Parsed_subtitles_6 @ 0000018cc6f59e00] Loading font file 'C:/Windows/Fonts\BELL.TTF'
[Parsed_subtitles_6 @ 0000018cc6f59e00] Loading font file 'C:/Windows/Fonts\BELLB.TTF'
[Parsed_subtitles_6 @ 0000018cc6f59e00] Loading font file 'C:/Windows/Fonts\BELLI.TTF'
[Parsed_subtitles_6 @ 0000018cc6f59e00] Loading font file 'C:/Windows/Fonts\BERNHC.TTF'
[Parsed_subtitles_6 @ 0000018cc6f59e00] Loading font file 'C:/Windows/Fonts\BKANT.TTF'
[Parsed_subtitles_6 @ 0000018cc6f59e00] Loading font file 'C:/Windows/Fonts\BOD_B.TTF'
[Parsed_subtitles_6 @ 0000018cc6f59e00] Loading font file 'C:/Windows/Fonts\BOD_BI.TTF'
[Parsed_subtitles_6 @ 0000018cc6f59e00] Loading font file 'C:/Windows/Fonts\BOD_BLAI.TTF'
[Parsed_subtitles_6 @ 0000018cc6f59e00] Loading font file 'C:/Windows/Fonts\BOD_BLAR.TTF'
[Parsed_subtitles_6 @ 0000018cc6f59e00] Loading font file 'C:/Windows/Fonts\BOD_CB.TTF'
[Parsed_subtitles_6 @ 0000018cc6f59e00] Loading font file 'C:/Windows/Fonts\BOD_CBI.TTF'
[Parsed_subtitles_6 @ 0000018cc6f59e00] Loading font file 'C:/Windows/Fonts\BOD_CI.TTF'
[Parsed_subtitles_6 @ 0000018cc6f59e00] Loading font file 'C:/Windows/Fonts\BOD_CR.TTF'
[Parsed_subtitles_6 @ 0000018cc6f59e00] Loading font file 'C:/Windows/Fonts\BOD_I.TTF'
[Parsed_subtitles_6 @ 0000018cc6f59e00] Loading font file 'C:/Windows/Fonts\BOD_PSTC.TTF'
[Parsed_subtitles_6 @ 0000018cc6f59e00] Loading font file 'C:/Windows/Fonts\BOD_R.TTF'
[Parsed_subtitles_6 @ 0000018cc6f59e00] Loading font file 'C:/Windows/Fonts\BOOKOS.TTF'
[Parsed_subtitles_6 @ 0000018cc6f59e00] Loading font file 'C:/Windows/Fonts\BOOKOSB.TTF'
[Parsed_subtitles_6 @ 0000018cc6f59e00] Loading font file 'C:/Windows/Fonts\BOOKOSBI.TTF'
[Parsed_subtitles_6 @ 0000018cc6f59e00] Loading font file 'C:/Windows/Fonts\BOOKOSI.TTF'
[Parsed_subtitles_6 @ 0000018cc6f59e00] Loading font file 'C:/Windows/Fonts\BRADHITC.TTF'
[Parsed_subtitles_6 @ 0000018cc6f59e00] Loading font file 'C:/Windows/Fonts\BRITANIC.TTF'
[Parsed_subtitles_6 @ 0000018cc6f59e00] Loading font file 'C:/Windows/Fonts\BRLNSB.TTF'
[Parsed_subtitles_6 @ 0000018cc6f59e00] Loading font file 'C:/Windows/Fonts\BRLNSDB.TTF'
[Parsed_subtitles_6 @ 0000018cc6f59e00] Loading font file 'C:/Windows/Fonts\BRLNSR.TTF'
[Parsed_subtitles_6 @ 0000018cc6f59e00] Loading font file 'C:/Windows/Fonts\BROADW.TTF'
[Parsed_subtitles_6 @ 0000018cc6f59e00] Loading font file 'C:/Windows/Fonts\BRUSHSCI.TTF'
[Parsed_subtitles_6 @ 0000018cc6f59e00] Loading font file 'C:/Windows/Fonts\BSSYM7.TTF'
[Parsed_subtitles_6 @ 0000018cc6f59e00] Loading font file 'C:/Windows/Fonts\c8514fix.fon'
[Parsed_subtitles_6 @ 0000018cc6f59e00] Loading font file 'C:/Windows/Fonts\c8514oem.fon'
[Parsed_subtitles_6 @ 0000018cc6f59e00] Loading font file 'C:/Windows/Fonts\c8514sys.fon'
[Parsed_subtitles_6 @ 0000018cc6f59e00] Loading font file 'C:/Windows/Fonts\calibri.ttf'
[Parsed_subtitles_6 @ 0000018cc6f59e00] Loading font file 'C:/Windows/Fonts\calibrib.ttf'
[Parsed_subtitles_6 @ 0000018cc6f59e00] Loading font file 'C:/Windows/Fonts\calibrii.ttf'
[Parsed_subtitles_6 @ 0000018cc6f59e00] Loading font file 'C:/Windows/Fonts\calibril.ttf'
[Parsed_subtitles_6 @ 0000018cc6f59e00] Loading font file 'C:/Windows/Fonts\calibrili.ttf'
[Parsed_subtitles_6 @ 0000018cc6f59e00] Loading font file 'C:/Windows/Fonts\calibriz.ttf'
[Parsed_subtitles_6 @ 0000018cc6f59e00] Loading font file 'C:/Windows/Fonts\CALIFB.TTF'
[Parsed_subtitles_6 @ 0000018cc6f59e00] Loading font file 'C:/Windows/Fonts\CALIFI.TTF'
[Parsed_subtitles_6 @ 0000018cc6f59e00] Loading font file 'C:/Windows/Fonts\CALIFR.TTF'
[Parsed_subtitles_6 @ 0000018cc6f59e00] Loading font file 'C:/Windows/Fonts\CALIST.TTF'
[Parsed_subtitles_6 @ 0000018cc6f59e00] Loading font file 'C:/Windows/Fonts\CALISTB.TTF'
[Parsed_subtitles_6 @ 0000018cc6f59e00] Loading font file 'C:/Windows/Fonts\CALISTBI.TTF'
[Parsed_subtitles_6 @ 0000018cc6f59e00] Loading font file 'C:/Windows/Fonts\CALISTI.TTF'
[Parsed_subtitles_6 @ 0000018cc6f59e00] Loading font file 'C:/Windows/Fonts\cambria.ttc'
[Parsed_subtitles_6 @ 0000018cc6f59e00] Loading font file 'C:/Windows/Fonts\cambriab.ttf'
[Parsed_subtitles_6 @ 0000018cc6f59e00] Loading font file 'C:/Windows/Fonts\cambriai.ttf'
[Parsed_subtitles_6 @ 0000018cc6f59e00] Loading font file 'C:/Windows/Fonts\cambriaz.ttf'
[Parsed_subtitles_6 @ 0000018cc6f59e00] Loading font file 'C:/Windows/Fonts\Candara.ttf'
[Parsed_subtitles_6 @ 0000018cc6f59e00] Loading font file 'C:/Windows/Fonts\Candarab.ttf'
[Parsed_subtitles_6 @ 0000018cc6f59e00] Loading font file 'C:/Windows/Fonts\Candarai.ttf'
[Parsed_subtitles_6 @ 0000018cc6f59e00] Loading font file 'C:/Windows/Fonts\Candaral.ttf'
[Parsed_subtitles_6 @ 0000018cc6f59e00] Loading font file 'C:/Windows/Fonts\Candarali.ttf'
[Parsed_subtitles_6 @ 0000018cc6f59e00] Loading font file 'C:/Windows/Fonts\Candaraz.ttf'
[Parsed_subtitles_6 @ 0000018cc6f59e00] Loading font file 'C:/Windows/Fonts\CascadiaCode.ttf'
[Parsed_subtitles_6 @ 0000018cc6f59e00] Loading font file 'C:/Windows/Fonts\CascadiaMono.ttf'
[Parsed_subtitles_6 @ 0000018cc6f59e00] Loading font file 'C:/Windows/Fonts\CASTELAR.TTF'
[Parsed_subtitles_6 @ 0000018cc6f59e00] Loading font file 'C:/Windows/Fonts\CENSCBK.TTF'
[Parsed_subtitles_6 @ 0000018cc6f59e00] Loading font file 'C:/Windows/Fonts\CENTAUR.TTF'
[Parsed_subtitles_6 @ 0000018cc6f59e00] Loading font file 'C:/Windows/Fonts\CENTURY.TTF'
[Parsed_subtitles_6 @ 0000018cc6f59e00] Loading font file 'C:/Windows/Fonts\cga40737.fon'
[Parsed_subtitles_6 @ 0000018cc6f59e00] Loading font file 'C:/Windows/Fonts\cga40850.fon'
[Parsed_subtitles_6 @ 0000018cc6f59e00] Loading font file 'C:/Windows/Fonts\cga40852.fon'
[Parsed_subtitles_6 @ 0000018cc6f59e00] Loading font file 'C:/Windows/Fonts\cga40857.fon'
[Parsed_subtitles_6 @ 0000018cc6f59e00] Loading font file 'C:/Windows/Fonts\cga40866.fon'
[Parsed_subtitles_6 @ 0000018cc6f59e00] Loading font file 'C:/Windows/Fonts\cga40869.fon'
[Parsed_subtitles_6 @ 0000018cc6f59e00] Loading font file 'C:/Windows/Fonts\cga40woa.fon'
[Parsed_subtitles_6 @ 0000018cc6f59e00] Loading font file 'C:/Windows/Fonts\cga80737.fon'
[Parsed_subtitles_6 @ 0000018cc6f59e00] Loading font file 'C:/Windows/Fonts\cga80850.fon'
[Parsed_subtitles_6 @ 0000018cc6f59e00] Loading font file 'C:/Windows/Fonts\cga80852.fon'
[Parsed_subtitles_6 @ 0000018cc6f59e00] Loading font file 'C:/Windows/Fonts\cga80857.fon'
[Parsed_subtitles_6 @ 0000018cc6f59e00] Loading font file 'C:/Windows/Fonts\cga80866.fon'
[Parsed_subtitles_6 @ 0000018cc6f59e00] Loading font file 'C:/Windows/Fonts\cga80869.fon'
[Parsed_subtitles_6 @ 0000018cc6f59e00] Loading font file 'C:/Windows/Fonts\cga80woa.fon'
[Parsed_subtitles_6 @ 0000018cc6f59e00] Loading font file 'C:/Windows/Fonts\CHILLER.TTF'
[Parsed_subtitles_6 @ 0000018cc6f59e00] Loading font file 'C:/Windows/Fonts\COLONNA.TTF'
[Parsed_subtitles_6 @ 0000018cc6f59e00] Loading font file 'C:/Windows/Fonts\comic.ttf'
[Parsed_subtitles_6 @ 0000018cc6f59e00] Loading font file 'C:/Windows/Fonts\comicbd.ttf'
[Parsed_subtitles_6 @ 0000018cc6f59e00] Loading font file 'C:/Windows/Fonts\comici.ttf'
[Parsed_subtitles_6 @ 0000018cc6f59e00] Loading font file 'C:/Windows/Fonts\comicz.ttf'
[Parsed_subtitles_6 @ 0000018cc6f59e00] Loading font file 'C:/Windows/Fonts\consola.ttf'
[Parsed_subtitles_6 @ 0000018cc6f59e00] Loading font file 'C:/Windows/Fonts\consolab.ttf'
[Parsed_subtitles_6 @ 0000018cc6f59e00] Loading font file 'C:/Windows/Fonts\consolai.ttf'
[Parsed_subtitles_6 @ 0000018cc6f59e00] Loading font file 'C:/Windows/Fonts\consolaz.ttf'
[Parsed_subtitles_6 @ 0000018cc6f59e00] Loading font file 'C:/Windows/Fonts\constan.ttf'
[Parsed_subtitles_6 @ 0000018cc6f59e00] Loading font file 'C:/Windows/Fonts\constanb.ttf'
[Parsed_subtitles_6 @ 0000018cc6f59e00] Loading font file 'C:/Windows/Fonts\constani.ttf'
[Parsed_subtitles_6 @ 0000018cc6f59e00] Loading font file 'C:/Windows/Fonts\constanz.ttf'
[Parsed_subtitles_6 @ 0000018cc6f59e00] Loading font file 'C:/Windows/Fonts\COOPBL.TTF'
[Parsed_subtitles_6 @ 0000018cc6f59e00] Loading font file 'C:/Windows/Fonts\COPRGTB.TTF'
[Parsed_subtitles_6 @ 0000018cc6f59e00] Loading font file 'C:/Windows/Fonts\COPRGTL.TTF'
[Parsed_subtitles_6 @ 0000018cc6f59e00] Loading font file 'C:/Windows/Fonts\corbel.ttf'
[Parsed_subtitles_6 @ 0000018cc6f59e00] Loading font file 'C:/Windows/Fonts\corbelb.ttf'
[Parsed_subtitles_6 @ 0000018cc6f59e00] Loading font file 'C:/Windows/Fonts\corbeli.ttf'
[Parsed_subtitles_6 @ 0000018cc6f59e00] Loading font file 'C:/Windows/Fonts\corbell.ttf'
[Parsed_subtitles_6 @ 0000018cc6f59e00] Loading font file 'C:/Windows/Fonts\corbelli.ttf'
[Parsed_subtitles_6 @ 0000018cc6f59e00] Loading font file 'C:/Windows/Fonts\corbelz.ttf'
[Parsed_subtitles_6 @ 0000018cc6f59e00] Loading font file 'C:/Windows/Fonts\coue1255.fon'
[Parsed_subtitles_6 @ 0000018cc6f59e00] Loading font file 'C:/Windows/Fonts\coue1256.fon'
[Parsed_subtitles_6 @ 0000018cc6f59e00] Loading font file 'C:/Windows/Fonts\coue1257.fon'
[Parsed_subtitles_6 @ 0000018cc6f59e00] Loading font file 'C:/Windows/Fonts\couf1255.fon'
[Parsed_subtitles_6 @ 0000018cc6f59e00] Loading font file 'C:/Windows/Fonts\couf1256.fon'
[Parsed_subtitles_6 @ 0000018cc6f59e00] Loading font file 'C:/Windows/Fonts\couf1257.fon'
[Parsed_subtitles_6 @ 0000018cc6f59e00] Loading font file 'C:/Windows/Fonts\cour.ttf'
[Parsed_subtitles_6 @ 0000018cc6f59e00] Loading font file 'C:/Windows/Fonts\courbd.ttf'
[Parsed_subtitles_6 @ 0000018cc6f59e00] Loading font file 'C:/Windows/Fonts\courbi.ttf'
[Parsed_subtitles_6 @ 0000018cc6f59e00] Loading font file 'C:/Windows/Fonts\coure.fon'
[Parsed_subtitles_6 @ 0000018cc6f59e00] Loading font file 'C:/Windows/Fonts\couree.fon'
[Parsed_subtitles_6 @ 0000018cc6f59e00] Loading font file 'C:/Windows/Fonts\coureg.fon'
[Parsed_subtitles_6 @ 0000018cc6f59e00] Loading font file 'C:/Windows/Fonts\courer.fon'
[Parsed_subtitles_6 @ 0000018cc6f59e00] Loading font file 'C:/Windows/Fonts\couret.fon'
[Parsed_subtitles_6 @ 0000018cc6f59e00] Loading font file 'C:/Windows/Fonts\courf.fon'
[Parsed_subtitles_6 @ 0000018cc6f59e00] Loading font file 'C:/Windows/Fonts\courfe.fon'
[Parsed_subtitles_6 @ 0000018cc6f59e00] Loading font file 'C:/Windows/Fonts\courfg.fon'
[Parsed_subtitles_6 @ 0000018cc6f59e00] Loading font file 'C:/Windows/Fonts\courfr.fon'
[Parsed_subtitles_6 @ 0000018cc6f59e00] Loading font file 'C:/Windows/Fonts\courft.fon'
[Parsed_subtitles_6 @ 0000018cc6f59e00] Loading font file 'C:/Windows/Fonts\couri.ttf'
[Parsed_subtitles_6 @ 0000018cc6f59e00] Loading font file 'C:/Windows/Fonts\CURLZ___.TTF'
[Parsed_subtitles_6 @ 0000018cc6f59e00] Loading font file 'C:/Windows/Fonts\cvgafix.fon'
[Parsed_subtitles_6 @ 0000018cc6f59e00] Loading font file 'C:/Windows/Fonts\cvgasys.fon'
[Parsed_subtitles_6 @ 0000018cc6f59e00] Loading font file 'C:/Windows/Fonts\desktop.ini'
[Parsed_subtitles_6 @ 0000018cc6f59e00] Loading font file 'C:/Windows/Fonts\dos737.fon'
[Parsed_subtitles_6 @ 0000018cc6f59e00] Loading font file 'C:/Windows/Fonts\dos869.fon'
[Parsed_subtitles_6 @ 0000018cc6f59e00] Loading font file 'C:/Windows/Fonts\dosapp.fon'
[Parsed_subtitles_6 @ 0000018cc6f59e00] Loading font file 'C:/Windows/Fonts\DUBAI-BOLD.TTF'
[Parsed_subtitles_6 @ 0000018cc6f59e00] Loading font file 'C:/Windows/Fonts\DUBAI-LIGHT.TTF'
[Parsed_subtitles_6 @ 0000018cc6f59e00] Loading font file 'C:/Windows/Fonts\DUBAI-MEDIUM.TTF'
[Parsed_subtitles_6 @ 0000018cc6f59e00] Loading font file 'C:/Windows/Fonts\DUBAI-REGULAR.TTF'
[Parsed_subtitles_6 @ 0000018cc6f59e00] Loading font file 'C:/Windows/Fonts\ebrima.ttf'
[Parsed_subtitles_6 @ 0000018cc6f59e00] Loading font file 'C:/Windows/Fonts\ebrimabd.ttf'
[Parsed_subtitles_6 @ 0000018cc6f59e00] Loading font file 'C:/Windows/Fonts\ega40737.fon'
[Parsed_subtitles_6 @ 0000018cc6f59e00] Loading font file 'C:/Windows/Fonts\ega40850.fon'
[Parsed_subtitles_6 @ 0000018cc6f59e00] Loading font file 'C:/Windows/Fonts\ega40852.fon'
[Parsed_subtitles_6 @ 0000018cc6f59e00] Loading font file 'C:/Windows/Fonts\ega40857.fon'
[Parsed_subtitles_6 @ 0000018cc6f59e00] Loading font file 'C:/Windows/Fonts\ega40866.fon'
[Parsed_subtitles_6 @ 0000018cc6f59e00] Loading font file 'C:/Windows/Fonts\ega40869.fon'
[Parsed_subtitles_6 @ 0000018cc6f59e00] Loading font file 'C:/Windows/Fonts\ega40woa.fon'
[Parsed_subtitles_6 @ 0000018cc6f59e00] Loading font file 'C:/Windows/Fonts\ega80737.fon'
[Parsed_subtitles_6 @ 0000018cc6f59e00] Loading font file 'C:/Windows/Fonts\ega80850.fon'
[Parsed_subtitles_6 @ 0000018cc6f59e00] Loading font file 'C:/Windows/Fonts\ega80852.fon'
[Parsed_subtitles_6 @ 0000018cc6f59e00] Loading font file 'C:/Windows/Fonts\ega80857.fon'
[Parsed_subtitles_6 @ 0000018cc6f59e00] Loading font file 'C:/Windows/Fonts\ega80866.fon'
[Parsed_subtitles_6 @ 0000018cc6f59e00] Loading font file 'C:/Windows/Fonts\ega80869.fon'
[Parsed_subtitles_6 @ 0000018cc6f59e00] Loading font file 'C:/Windows/Fonts\ega80woa.fon'
[Parsed_subtitles_6 @ 0000018cc6f59e00] Loading font file 'C:/Windows/Fonts\ELEPHNT.TTF'
[Parsed_subtitles_6 @ 0000018cc6f59e00] Loading font file 'C:/Windows/Fonts\ELEPHNTI.TTF'
[Parsed_subtitles_6 @ 0000018cc6f59e00] Loading font file 'C:/Windows/Fonts\ENGR.TTF'
[Parsed_subtitles_6 @ 0000018cc6f59e00] Loading font file 'C:/Windows/Fonts\ERASBD.TTF'
[Parsed_subtitles_6 @ 0000018cc6f59e00] Loading font file 'C:/Windows/Fonts\ERASDEMI.TTF'
[Parsed_subtitles_6 @ 0000018cc6f59e00] Loading font file 'C:/Windows/Fonts\ERASLGHT.TTF'
[Parsed_subtitles_6 @ 0000018cc6f59e00] Loading font file 'C:/Windows/Fonts\ERASMD.TTF'
[Parsed_subtitles_6 @ 0000018cc6f59e00] Loading font file 'C:/Windows/Fonts\FELIXTI.TTF'
[Parsed_subtitles_6 @ 0000018cc6f59e00] Loading font file 'C:/Windows/Fonts\fms_metadata.xml'
[Parsed_subtitles_6 @ 0000018cc6f59e00] Loading font file 'C:/Windows/Fonts\FORTE.TTF'
[Parsed_subtitles_6 @ 0000018cc6f59e00] Loading font file 'C:/Windows/Fonts\FRABK.TTF'
[Parsed_subtitles_6 @ 0000018cc6f59e00] Loading font file 'C:/Windows/Fonts\FRABKIT.TTF'
[Parsed_subtitles_6 @ 0000018cc6f59e00] Loading font file 'C:/Windows/Fonts\FRADM.TTF'
[Parsed_subtitles_6 @ 0000018cc6f59e00] Loading font file 'C:/Windows/Fonts\FRADMCN.TTF'
[Parsed_subtitles_6 @ 0000018cc6f59e00] Loading font file 'C:/Windows/Fonts\FRADMIT.TTF'
[Parsed_subtitles_6 @ 0000018cc6f59e00] Loading font file 'C:/Windows/Fonts\FRAHV.TTF'
[Parsed_subtitles_6 @ 0000018cc6f59e00] Loading font file 'C:/Windows/Fonts\FRAHVIT.TTF'
[Parsed_subtitles_6 @ 0000018cc6f59e00] Loading font file 'C:/Windows/Fonts\framd.ttf'
[Parsed_subtitles_6 @ 0000018cc6f59e00] Loading font file 'C:/Windows/Fonts\FRAMDCN.TTF'
[Parsed_subtitles_6 @ 0000018cc6f59e00] Loading font file 'C:/Windows/Fonts\framdit.ttf'
[Parsed_subtitles_6 @ 0000018cc6f59e00] Loading font file 'C:/Windows/Fonts\FREESCPT.TTF'
[Parsed_subtitles_6 @ 0000018cc6f59e00] Loading font file 'C:/Windows/Fonts\FRSCRIPT.TTF'
[Parsed_subtitles_6 @ 0000018cc6f59e00] Loading font file 'C:/Windows/Fonts\FTLTLT.TTF'
[Parsed_subtitles_6 @ 0000018cc6f59e00] Loading font file 'C:/Windows/Fonts\Gabriola.ttf'
[Parsed_subtitles_6 @ 0000018cc6f59e00] Loading font file 'C:/Windows/Fonts\gadugi.ttf'
[Parsed_subtitles_6 @ 0000018cc6f59e00] Loading font file 'C:/Windows/Fonts\gadugib.ttf'
[Parsed_subtitles_6 @ 0000018cc6f59e00] Loading font file 'C:/Windows/Fonts\GARA.TTF'
[Parsed_subtitles_6 @ 0000018cc6f59e00] Loading font file 'C:/Windows/Fonts\GARABD.TTF'
[Parsed_subtitles_6 @ 0000018cc6f59e00] Loading font file 'C:/Windows/Fonts\GARAIT.TTF'
[Parsed_subtitles_6 @ 0000018cc6f59e00] Loading font file 'C:/Windows/Fonts\georgia.ttf'
[Parsed_subtitles_6 @ 0000018cc6f59e00] Loading font file 'C:/Windows/Fonts\georgiab.ttf'
[Parsed_subtitles_6 @ 0000018cc6f59e00] Loading font file 'C:/Windows/Fonts\georgiai.ttf'
[Parsed_subtitles_6 @ 0000018cc6f59e00] Loading font file 'C:/Windows/Fonts\georgiaz.ttf'
[Parsed_subtitles_6 @ 0000018cc6f59e00] Loading font file 'C:/Windows/Fonts\GIGI.TTF'
[Parsed_subtitles_6 @ 0000018cc6f59e00] Loading font file 'C:/Windows/Fonts\GILBI___.TTF'
[Parsed_subtitles_6 @ 0000018cc6f59e00] Loading font file 'C:/Windows/Fonts\GILB____.TTF'
[Parsed_subtitles_6 @ 0000018cc6f59e00] Loading font file 'C:/Windows/Fonts\GILC____.TTF'
[Parsed_subtitles_6 @ 0000018cc6f59e00] Loading font file 'C:/Windows/Fonts\GILI____.TTF'
[Parsed_subtitles_6 @ 0000018cc6f59e00] Loading font file 'C:/Windows/Fonts\GILLUBCD.TTF'
[Parsed_subtitles_6 @ 0000018cc6f59e00] Loading font file 'C:/Windows/Fonts\GILSANUB.TTF'
[Parsed_subtitles_6 @ 0000018cc6f59e00] Loading font file 'C:/Windows/Fonts\GIL_____.TTF'
[Parsed_subtitles_6 @ 0000018cc6f59e00] Loading font file 'C:/Windows/Fonts\GLECB.TTF'
[Parsed_subtitles_6 @ 0000018cc6f59e00] Loading font file 'C:/Windows/Fonts\GlobalMonospace.CompositeFont'
[Parsed_subtitles_6 @ 0000018cc6f59e00] Loading font file 'C:/Windows/Fonts\GlobalSansSerif.CompositeFont'
[Parsed_subtitles_6 @ 0000018cc6f59e00] Loading font file 'C:/Windows/Fonts\GlobalSerif.CompositeFont'
[Parsed_subtitles_6 @ 0000018cc6f59e00] Loading font file 'C:/Windows/Fonts\GlobalUserInterface.CompositeFont'
[Parsed_subtitles_6 @ 0000018cc6f59e00] Loading font file 'C:/Windows/Fonts\GLSNECB.TTF'
[Parsed_subtitles_6 @ 0000018cc6f59e00] Loading font file 'C:/Windows/Fonts\GOTHIC.TTF'
[Parsed_subtitles_6 @ 0000018cc6f59e00] Loading font file 'C:/Windows/Fonts\GOTHICB.TTF'
[Parsed_subtitles_6 @ 0000018cc6f59e00] Loading font file 'C:/Windows/Fonts\GOTHICBI.TTF'
[Parsed_subtitles_6 @ 0000018cc6f59e00] Loading font file 'C:/Windows/Fonts\GOTHICI.TTF'
[Parsed_subtitles_6 @ 0000018cc6f59e00] Loading font file 'C:/Windows/Fonts\GOUDOS.TTF'
[Parsed_subtitles_6 @ 0000018cc6f59e00] Loading font file 'C:/Windows/Fonts\GOUDOSB.TTF'
[Parsed_subtitles_6 @ 0000018cc6f59e00] Loading font file 'C:/Windows/Fonts\GOUDOSI.TTF'
[Parsed_subtitles_6 @ 0000018cc6f59e00] Loading font file 'C:/Windows/Fonts\GOUDYSTO.TTF'
[Parsed_subtitles_6 @ 0000018cc6f59e00] Loading font file 'C:/Windows/Fonts\h8514fix.fon'
[Parsed_subtitles_6 @ 0000018cc6f59e00] Loading font file 'C:/Windows/Fonts\h8514oem.fon'
[Parsed_subtitles_6 @ 0000018cc6f59e00] Loading font file 'C:/Windows/Fonts\h8514sys.fon'
[Parsed_subtitles_6 @ 0000018cc6f59e00] Loading font file 'C:/Windows/Fonts\HARLOWSI.TTF'
[Parsed_subtitles_6 @ 0000018cc6f59e00] Loading font file 'C:/Windows/Fonts\HARNGTON.TTF'
[Parsed_subtitles_6 @ 0000018cc6f59e00] Loading font file 'C:/Windows/Fonts\HATTEN.TTF'
[Parsed_subtitles_6 @ 0000018cc6f59e00] Loading font file 'C:/Windows/Fonts\himalaya.ttf'
[Parsed_subtitles_6 @ 0000018cc6f59e00] Loading font file 'C:/Windows/Fonts\HTOWERT.TTF'
[Parsed_subtitles_6 @ 0000018cc6f59e00] Loading font file 'C:/Windows/Fonts\HTOWERTI.TTF'
[Parsed_subtitles_6 @ 0000018cc6f59e00] Loading font file 'C:/Windows/Fonts\hvgafix.fon'
[Parsed_subtitles_6 @ 0000018cc6f59e00] Loading font file 'C:/Windows/Fonts\hvgasys.fon'
[Parsed_subtitles_6 @ 0000018cc6f59e00] Loading font file 'C:/Windows/Fonts\impact.ttf'
[Parsed_subtitles_6 @ 0000018cc6f59e00] Loading font file 'C:/Windows/Fonts\IMPRISHA.TTF'
[Parsed_subtitles_6 @ 0000018cc6f59e00] Loading font file 'C:/Windows/Fonts\INFROMAN.TTF'
[Parsed_subtitles_6 @ 0000018cc6f59e00] Loading font file 'C:/Windows/Fonts\Inkfree.ttf'
[Parsed_subtitles_6 @ 0000018cc6f59e00] Loading font file 'C:/Windows/Fonts\ITCBLKAD.TTF'
[Parsed_subtitles_6 @ 0000018cc6f59e00] Loading font file 'C:/Windows/Fonts\ITCEDSCR.TTF'
[Parsed_subtitles_6 @ 0000018cc6f59e00] Loading font file 'C:/Windows/Fonts\ITCKRIST.TTF'
[Parsed_subtitles_6 @ 0000018cc6f59e00] Loading font file 'C:/Windows/Fonts\j8514fix.fon'
[Parsed_subtitles_6 @ 0000018cc6f59e00] Loading font file 'C:/Windows/Fonts\j8514oem.fon'
[Parsed_subtitles_6 @ 0000018cc6f59e00] Loading font file 'C:/Windows/Fonts\j8514sys.fon'
[Parsed_subtitles_6 @ 0000018cc6f59e00] Loading font file 'C:/Windows/Fonts\javatext.ttf'
[Parsed_subtitles_6 @ 0000018cc6f59e00] Loading font file 'C:/Windows/Fonts\JOKERMAN.TTF'
[Parsed_subtitles_6 @ 0000018cc6f59e00] Loading font file 'C:/Windows/Fonts\jsmalle.fon'
[Parsed_subtitles_6 @ 0000018cc6f59e00] Loading font file 'C:/Windows/Fonts\jsmallf.fon'
[Parsed_subtitles_6 @ 0000018cc6f59e00] Loading font file 'C:/Windows/Fonts\JUICE___.TTF'
[Parsed_subtitles_6 @ 0000018cc6f59e00] Loading font file 'C:/Windows/Fonts\jvgafix.fon'
[Parsed_subtitles_6 @ 0000018cc6f59e00] Loading font file 'C:/Windows/Fonts\jvgasys.fon'
[Parsed_subtitles_6 @ 0000018cc6f59e00] Loading font file 'C:/Windows/Fonts\KUNSTLER.TTF'
[Parsed_subtitles_6 @ 0000018cc6f59e00] Loading font file 'C:/Windows/Fonts\LATINWD.TTF'
[Parsed_subtitles_6 @ 0000018cc6f59e00] Loading font file 'C:/Windows/Fonts\LBRITE.TTF'
[Parsed_subtitles_6 @ 0000018cc6f59e00] Loading font file 'C:/Windows/Fonts\LBRITED.TTF'
[Parsed_subtitles_6 @ 0000018cc6f59e00] Loading font file 'C:/Windows/Fonts\LBRITEDI.TTF'
[Parsed_subtitles_6 @ 0000018cc6f59e00] Loading font file 'C:/Windows/Fonts\LBRITEI.TTF'
[Parsed_subtitles_6 @ 0000018cc6f59e00] Loading font file 'C:/Windows/Fonts\LCALLIG.TTF'
[Parsed_subtitles_6 @ 0000018cc6f59e00] Loading font file 'C:/Windows/Fonts\LeelaUIb.ttf'
[Parsed_subtitles_6 @ 0000018cc6f59e00] Loading font file 'C:/Windows/Fonts\LEELAWAD.TTF'
[Parsed_subtitles_6 @ 0000018cc6f59e00] Loading font file 'C:/Windows/Fonts\LEELAWDB.TTF'
[Parsed_subtitles_6 @ 0000018cc6f59e00] Loading font file 'C:/Windows/Fonts\LeelawUI.ttf'
[Parsed_subtitles_6 @ 0000018cc6f59e00] Loading font file 'C:/Windows/Fonts\LeelUIsl.ttf'
[Parsed_subtitles_6 @ 0000018cc6f59e00] Loading font file 'C:/Windows/Fonts\LFAX.TTF'
[Parsed_subtitles_6 @ 0000018cc6f59e00] Loading font file 'C:/Windows/Fonts\LFAXD.TTF'
[Parsed_subtitles_6 @ 0000018cc6f59e00] Loading font file 'C:/Windows/Fonts\LFAXDI.TTF'
[Parsed_subtitles_6 @ 0000018cc6f59e00] Loading font file 'C:/Windows/Fonts\LFAXI.TTF'
[Parsed_subtitles_6 @ 0000018cc6f59e00] Loading font file 'C:/Windows/Fonts\LHANDW.TTF'
[Parsed_subtitles_6 @ 0000018cc6f59e00] Loading font file 'C:/Windows/Fonts\LSANS.TTF'
[Parsed_subtitles_6 @ 0000018cc6f59e00] Loading font file 'C:/Windows/Fonts\LSANSD.TTF'
[Parsed_subtitles_6 @ 0000018cc6f59e00] Loading font file 'C:/Windows/Fonts\LSANSDI.TTF'
[Parsed_subtitles_6 @ 0000018cc6f59e00] Loading font file 'C:/Windows/Fonts\LSANSI.TTF'
[Parsed_subtitles_6 @ 0000018cc6f59e00] Loading font file 'C:/Windows/Fonts\LTYPE.TTF'
[Parsed_subtitles_6 @ 0000018cc6f59e00] Loading font file 'C:/Windows/Fonts\LTYPEB.TTF'
[Parsed_subtitles_6 @ 0000018cc6f59e00] Loading font file 'C:/Windows/Fonts\LTYPEBO.TTF'
[Parsed_subtitles_6 @ 0000018cc6f59e00] Loading font file 'C:/Windows/Fonts\LTYPEO.TTF'
[Parsed_subtitles_6 @ 0000018cc6f59e00] Loading font file 'C:/Windows/Fonts\lucon.ttf'
[Parsed_subtitles_6 @ 0000018cc6f59e00] Loading font file 'C:/Windows/Fonts\l_10646.ttf'
[Parsed_subtitles_6 @ 0000018cc6f59e00] Loading font file 'C:/Windows/Fonts\MAGNETOB.TTF'
[Parsed_subtitles_6 @ 0000018cc6f59e00] Loading font file 'C:/Windows/Fonts\MAIAN.TTF'
[Parsed_subtitles_6 @ 0000018cc6f59e00] Loading font file 'C:/Windows/Fonts\malgun.ttf'
[Parsed_subtitles_6 @ 0000018cc6f59e00] Loading font file 'C:/Windows/Fonts\malgunbd.ttf'
[Parsed_subtitles_6 @ 0000018cc6f59e00] Loading font file 'C:/Windows/Fonts\malgunsl.ttf'
[Parsed_subtitles_6 @ 0000018cc6f59e00] Loading font file 'C:/Windows/Fonts\marlett.ttf'
[Parsed_subtitles_6 @ 0000018cc6f59e00] Loading font file 'C:/Windows/Fonts\MATURASC.TTF'
[Parsed_subtitles_6 @ 0000018cc6f59e00] Loading font file 'C:/Windows/Fonts\micross.ttf'
[Parsed_subtitles_6 @ 0000018cc6f59e00] Loading font file 'C:/Windows/Fonts\mingliub.ttc'
[Parsed_subtitles_6 @ 0000018cc6f59e00] Loading font file 'C:/Windows/Fonts\MISTRAL.TTF'
[Parsed_subtitles_6 @ 0000018cc6f59e00] Loading font file 'C:/Windows/Fonts\mmrtext.ttf'
[Parsed_subtitles_6 @ 0000018cc6f59e00] Loading font file 'C:/Windows/Fonts\mmrtextb.ttf'
[Parsed_subtitles_6 @ 0000018cc6f59e00] Loading font file 'C:/Windows/Fonts\MOD20.TTF'
[Parsed_subtitles_6 @ 0000018cc6f59e00] Loading font file 'C:/Windows/Fonts\modern.fon'
[Parsed_subtitles_6 @ 0000018cc6f59e00] Loading font file 'C:/Windows/Fonts\monbaiti.ttf'
[Parsed_subtitles_6 @ 0000018cc6f59e00] Loading font file 'C:/Windows/Fonts\msgothic.ttc'
[Parsed_subtitles_6 @ 0000018cc6f59e00] Loading font file 'C:/Windows/Fonts\msjh.ttc'
[Parsed_subtitles_6 @ 0000018cc6f59e00] Loading font file 'C:/Windows/Fonts\msjhbd.ttc'
[Parsed_subtitles_6 @ 0000018cc6f59e00] Loading font file 'C:/Windows/Fonts\msjhl.ttc'
[Parsed_subtitles_6 @ 0000018cc6f59e00] Loading font file 'C:/Windows/Fonts\MSUIGHUB.TTF'
[Parsed_subtitles_6 @ 0000018cc6f59e00] Loading font file 'C:/Windows/Fonts\MSUIGHUR.TTF'
[Parsed_subtitles_6 @ 0000018cc6f59e00] Loading font file 'C:/Windows/Fonts\msyh.ttc'
[Parsed_subtitles_6 @ 0000018cc6f59e00] Loading font file 'C:/Windows/Fonts\msyhbd.ttc'
[Parsed_subtitles_6 @ 0000018cc6f59e00] Loading font file 'C:/Windows/Fonts\msyhl.ttc'
[Parsed_subtitles_6 @ 0000018cc6f59e00] Loading font file 'C:/Windows/Fonts\msyi.ttf'
[Parsed_subtitles_6 @ 0000018cc6f59e00] Loading font file 'C:/Windows/Fonts\MTCORSVA.TTF'
[Parsed_subtitles_6 @ 0000018cc6f59e00] Loading font file 'C:/Windows/Fonts\MTEXTRA.TTF'
[Parsed_subtitles_6 @ 0000018cc6f59e00] Loading font file 'C:/Windows/Fonts\mvboli.ttf'
[Parsed_subtitles_6 @ 0000018cc6f59e00] Loading font file 'C:/Windows/Fonts\NIAGENG.TTF'
[Parsed_subtitles_6 @ 0000018cc6f59e00] Loading font file 'C:/Windows/Fonts\NIAGSOL.TTF'
[Parsed_subtitles_6 @ 0000018cc6f59e00] Loading font file 'C:/Windows/Fonts\Nirmala.ttc'
[Parsed_subtitles_6 @ 0000018cc6f59e00] Loading font file 'C:/Windows/Fonts\ntailu.ttf'
[Parsed_subtitles_6 @ 0000018cc6f59e00] Loading font file 'C:/Windows/Fonts\ntailub.ttf'
[Parsed_subtitles_6 @ 0000018cc6f59e00] Loading font file 'C:/Windows/Fonts\OCRAEXT.TTF'
[Parsed_subtitles_6 @ 0000018cc6f59e00] Loading font file 'C:/Windows/Fonts\OLDENGL.TTF'
[Parsed_subtitles_6 @ 0000018cc6f59e00] Loading font file 'C:/Windows/Fonts\ONYX.TTF'
[Parsed_subtitles_6 @ 0000018cc6f59e00] Loading font file 'C:/Windows/Fonts\OUTLOOK.TTF'
[Parsed_subtitles_6 @ 0000018cc6f59e00] Loading font file 'C:/Windows/Fonts\pala.ttf'
[Parsed_subtitles_6 @ 0000018cc6f59e00] Loading font file 'C:/Windows/Fonts\palab.ttf'
[Parsed_subtitles_6 @ 0000018cc6f59e00] Loading font file 'C:/Windows/Fonts\palabi.ttf'
[Parsed_subtitles_6 @ 0000018cc6f59e00] Loading font file 'C:/Windows/Fonts\palai.ttf'
[Parsed_subtitles_6 @ 0000018cc6f59e00] Loading font file 'C:/Windows/Fonts\PALSCRI.TTF'
[Parsed_subtitles_6 @ 0000018cc6f59e00] Loading font file 'C:/Windows/Fonts\PAPYRUS.TTF'
[Parsed_subtitles_6 @ 0000018cc6f59e00] Loading font file 'C:/Windows/Fonts\PARCHM.TTF'
[Parsed_subtitles_6 @ 0000018cc6f59e00] Loading font file 'C:/Windows/Fonts\PERBI___.TTF'
[Parsed_subtitles_6 @ 0000018cc6f59e00] Loading font file 'C:/Windows/Fonts\PERB____.TTF'
[Parsed_subtitles_6 @ 0000018cc6f59e00] Loading font file 'C:/Windows/Fonts\PERI____.TTF'
[Parsed_subtitles_6 @ 0000018cc6f59e00] Loading font file 'C:/Windows/Fonts\PERTIBD.TTF'
[Parsed_subtitles_6 @ 0000018cc6f59e00] Loading font file 'C:/Windows/Fonts\PERTILI.TTF'
[Parsed_subtitles_6 @ 0000018cc6f59e00] Loading font file 'C:/Windows/Fonts\PER_____.TTF'
[Parsed_subtitles_6 @ 0000018cc6f59e00] Loading font file 'C:/Windows/Fonts\phagspa.ttf'
[Parsed_subtitles_6 @ 0000018cc6f59e00] Loading font file 'C:/Windows/Fonts\phagspab.ttf'
[Parsed_subtitles_6 @ 0000018cc6f59e00] Loading font file 'C:/Windows/Fonts\PLAYBILL.TTF'
[Parsed_subtitles_6 @ 0000018cc6f59e00] Loading font file 'C:/Windows/Fonts\POORICH.TTF'
[Parsed_subtitles_6 @ 0000018cc6f59e00] Loading font file 'C:/Windows/Fonts\PRISTINA.TTF'
[Parsed_subtitles_6 @ 0000018cc6f59e00] Loading font file 'C:/Windows/Fonts\RAGE.TTF'
[Parsed_subtitles_6 @ 0000018cc6f59e00] Loading font file 'C:/Windows/Fonts\RAVIE.TTF'
[Parsed_subtitles_6 @ 0000018cc6f59e00] Loading font file 'C:/Windows/Fonts\REFSAN.TTF'
[Parsed_subtitles_6 @ 0000018cc6f59e00] Loading font file 'C:/Windows/Fonts\REFSPCL.TTF'
[Parsed_subtitles_6 @ 0000018cc6f59e00] Loading font file 'C:/Windows/Fonts\ROCCB___.TTF'
[Parsed_subtitles_6 @ 0000018cc6f59e00] Loading font file 'C:/Windows/Fonts\ROCC____.TTF'
[Parsed_subtitles_6 @ 0000018cc6f59e00] Loading font file 'C:/Windows/Fonts\ROCK.TTF'
[Parsed_subtitles_6 @ 0000018cc6f59e00] Loading font file 'C:/Windows/Fonts\ROCKB.TTF'
[Parsed_subtitles_6 @ 0000018cc6f59e00] Loading font file 'C:/Windows/Fonts\ROCKBI.TTF'
[Parsed_subtitles_6 @ 0000018cc6f59e00] Loading font file 'C:/Windows/Fonts\ROCKEB.TTF'
[Parsed_subtitles_6 @ 0000018cc6f59e00] Loading font file 'C:/Windows/Fonts\ROCKI.TTF'
[Parsed_subtitles_6 @ 0000018cc6f59e00] Loading font file 'C:/Windows/Fonts\roman.fon'
[Parsed_subtitles_6 @ 0000018cc6f59e00] Loading font file 'C:/Windows/Fonts\s8514fix.fon'
[Parsed_subtitles_6 @ 0000018cc6f59e00] Loading font file 'C:/Windows/Fonts\s8514oem.fon'
[Parsed_subtitles_6 @ 0000018cc6f59e00] Loading font file 'C:/Windows/Fonts\s8514sys.fon'
[Parsed_subtitles_6 @ 0000018cc6f59e00] Loading font file 'C:/Windows/Fonts\SansSerifCollection.ttf'
[Parsed_subtitles_6 @ 0000018cc6f59e00] Loading font file 'C:/Windows/Fonts\SCHLBKB.TTF'
[Parsed_subtitles_6 @ 0000018cc6f59e00] Loading font file 'C:/Windows/Fonts\SCHLBKBI.TTF'
[Parsed_subtitles_6 @ 0000018cc6f59e00] Loading font file 'C:/Windows/Fonts\SCHLBKI.TTF'
[Parsed_subtitles_6 @ 0000018cc6f59e00] Loading font file 'C:/Windows/Fonts\script.fon'
[Parsed_subtitles_6 @ 0000018cc6f59e00] Loading font file 'C:/Windows/Fonts\SCRIPTBL.TTF'
[Parsed_subtitles_6 @ 0000018cc6f59e00] Loading font file 'C:/Windows/Fonts\segmdl2.ttf'
[Parsed_subtitles_6 @ 0000018cc6f59e00] Loading font file 'C:/Windows/Fonts\SegoeIcons.ttf'
[Parsed_subtitles_6 @ 0000018cc6f59e00] Loading font file 'C:/Windows/Fonts\segoepr.ttf'
[Parsed_subtitles_6 @ 0000018cc6f59e00] Loading font file 'C:/Windows/Fonts\segoeprb.ttf'
[Parsed_subtitles_6 @ 0000018cc6f59e00] Loading font file 'C:/Windows/Fonts\segoesc.ttf'
[Parsed_subtitles_6 @ 0000018cc6f59e00] Loading font file 'C:/Windows/Fonts\segoescb.ttf'
[Parsed_subtitles_6 @ 0000018cc6f59e00] Loading font file 'C:/Windows/Fonts\segoeui.ttf'
[Parsed_subtitles_6 @ 0000018cc6f59e00] Loading font file 'C:/Windows/Fonts\segoeuib.ttf'
[Parsed_subtitles_6 @ 0000018cc6f59e00] Loading font file 'C:/Windows/Fonts\segoeuii.ttf'
[Parsed_subtitles_6 @ 0000018cc6f59e00] Loading font file 'C:/Windows/Fonts\segoeuil.ttf'
[Parsed_subtitles_6 @ 0000018cc6f59e00] Loading font file 'C:/Windows/Fonts\segoeuisl.ttf'
[Parsed_subtitles_6 @ 0000018cc6f59e00] Loading font file 'C:/Windows/Fonts\segoeuiz.ttf'
[Parsed_subtitles_6 @ 0000018cc6f59e00] Loading font file 'C:/Windows/Fonts\seguibl.ttf'
[Parsed_subtitles_6 @ 0000018cc6f59e00] Loading font file 'C:/Windows/Fonts\seguibli.ttf'
[Parsed_subtitles_6 @ 0000018cc6f59e00] Loading font file 'C:/Windows/Fonts\seguiemj.ttf'
[Parsed_subtitles_6 @ 0000018cc6f59e00] Loading font file 'C:/Windows/Fonts\seguihis.ttf'
[Parsed_subtitles_6 @ 0000018cc6f59e00] Loading font file 'C:/Windows/Fonts\seguili.ttf'
[Parsed_subtitles_6 @ 0000018cc6f59e00] Loading font file 'C:/Windows/Fonts\seguisb.ttf'
[Parsed_subtitles_6 @ 0000018cc6f59e00] Loading font file 'C:/Windows/Fonts\seguisbi.ttf'
[Parsed_subtitles_6 @ 0000018cc6f59e00] Loading font file 'C:/Windows/Fonts\seguisli.ttf'
[Parsed_subtitles_6 @ 0000018cc6f59e00] Loading font file 'C:/Windows/Fonts\seguisym.ttf'
[Parsed_subtitles_6 @ 0000018cc6f59e00] Loading font file 'C:/Windows/Fonts\SegUIVar.ttf'
[Parsed_subtitles_6 @ 0000018cc6f59e00] Loading font file 'C:/Windows/Fonts\sere1255.fon'
[Parsed_subtitles_6 @ 0000018cc6f59e00] Loading font file 'C:/Windows/Fonts\sere1256.fon'
[Parsed_subtitles_6 @ 0000018cc6f59e00] Loading font file 'C:/Windows/Fonts\sere1257.fon'
[Parsed_subtitles_6 @ 0000018cc6f59e00] Loading font file 'C:/Windows/Fonts\serf1255.fon'
[Parsed_subtitles_6 @ 0000018cc6f59e00] Loading font file 'C:/Windows/Fonts\serf1256.fon'
[Parsed_subtitles_6 @ 0000018cc6f59e00] Loading font file 'C:/Windows/Fonts\serf1257.fon'
[Parsed_subtitles_6 @ 0000018cc6f59e00] Loading font file 'C:/Windows/Fonts\serife.fon'
[Parsed_subtitles_6 @ 0000018cc6f59e00] Loading font file 'C:/Windows/Fonts\serifee.fon'
[Parsed_subtitles_6 @ 0000018cc6f59e00] Loading font file 'C:/Windows/Fonts\serifeg.fon'
[Parsed_subtitles_6 @ 0000018cc6f59e00] Loading font file 'C:/Windows/Fonts\serifer.fon'
[Parsed_subtitles_6 @ 0000018cc6f59e00] Loading font file 'C:/Windows/Fonts\serifet.fon'
[Parsed_subtitles_6 @ 0000018cc6f59e00] Loading font file 'C:/Windows/Fonts\seriff.fon'
[Parsed_subtitles_6 @ 0000018cc6f59e00] Loading font file 'C:/Windows/Fonts\seriffe.fon'
[Parsed_subtitles_6 @ 0000018cc6f59e00] Loading font file 'C:/Windows/Fonts\seriffg.fon'
[Parsed_subtitles_6 @ 0000018cc6f59e00] Loading font file 'C:/Windows/Fonts\seriffr.fon'
[Parsed_subtitles_6 @ 0000018cc6f59e00] Loading font file 'C:/Windows/Fonts\serifft.fon'
[Parsed_subtitles_6 @ 0000018cc6f59e00] Loading font file 'C:/Windows/Fonts\SHOWG.TTF'
[Parsed_subtitles_6 @ 0000018cc6f59e00] Loading font file 'C:/Windows/Fonts\simsun.ttc'
[Parsed_subtitles_6 @ 0000018cc6f59e00] Loading font file 'C:/Windows/Fonts\simsunb.ttf'
[Parsed_subtitles_6 @ 0000018cc6f59e00] Loading font file 'C:/Windows/Fonts\SimsunExtG.ttf'
[Parsed_subtitles_6 @ 0000018cc6f59e00] Loading font file 'C:/Windows/Fonts\SitkaVF-Italic.ttf'
[Parsed_subtitles_6 @ 0000018cc6f59e00] Loading font file 'C:/Windows/Fonts\SitkaVF.ttf'
[Parsed_subtitles_6 @ 0000018cc6f59e00] Loading font file 'C:/Windows/Fonts\smae1255.fon'
[Parsed_subtitles_6 @ 0000018cc6f59e00] Loading font file 'C:/Windows/Fonts\smae1256.fon'
[Parsed_subtitles_6 @ 0000018cc6f59e00] Loading font file 'C:/Windows/Fonts\smae1257.fon'
[Parsed_subtitles_6 @ 0000018cc6f59e00] Loading font file 'C:/Windows/Fonts\smaf1255.fon'
[Parsed_subtitles_6 @ 0000018cc6f59e00] Loading font file 'C:/Windows/Fonts\smaf1256.fon'
[Parsed_subtitles_6 @ 0000018cc6f59e00] Loading font file 'C:/Windows/Fonts\smaf1257.fon'
[Parsed_subtitles_6 @ 0000018cc6f59e00] Loading font file 'C:/Windows/Fonts\smalle.fon'
[Parsed_subtitles_6 @ 0000018cc6f59e00] Loading font file 'C:/Windows/Fonts\smallee.fon'
[Parsed_subtitles_6 @ 0000018cc6f59e00] Loading font file 'C:/Windows/Fonts\smalleg.fon'
[Parsed_subtitles_6 @ 0000018cc6f59e00] Loading font file 'C:/Windows/Fonts\smaller.fon'
[Parsed_subtitles_6 @ 0000018cc6f59e00] Loading font file 'C:/Windows/Fonts\smallet.fon'
[Parsed_subtitles_6 @ 0000018cc6f59e00] Loading font file 'C:/Windows/Fonts\smallf.fon'
[Parsed_subtitles_6 @ 0000018cc6f59e00] Loading font file 'C:/Windows/Fonts\smallfe.fon'
[Parsed_subtitles_6 @ 0000018cc6f59e00] Loading font file 'C:/Windows/Fonts\smallfg.fon'
[Parsed_subtitles_6 @ 0000018cc6f59e00] Loading font file 'C:/Windows/Fonts\smallfr.fon'
[Parsed_subtitles_6 @ 0000018cc6f59e00] Loading font file 'C:/Windows/Fonts\smallft.fon'
[Parsed_subtitles_6 @ 0000018cc6f59e00] Loading font file 'C:/Windows/Fonts\SNAP____.TTF'
[Parsed_subtitles_6 @ 0000018cc6f59e00] Loading font file 'C:/Windows/Fonts\ssee1255.fon'
[Parsed_subtitles_6 @ 0000018cc6f59e00] Loading font file 'C:/Windows/Fonts\ssee1256.fon'
[Parsed_subtitles_6 @ 0000018cc6f59e00] Loading font file 'C:/Windows/Fonts\ssee1257.fon'
[Parsed_subtitles_6 @ 0000018cc6f59e00] Loading font file 'C:/Windows/Fonts\ssee874.fon'
[Parsed_subtitles_6 @ 0000018cc6f59e00] Loading font file 'C:/Windows/Fonts\ssef1255.fon'
[Parsed_subtitles_6 @ 0000018cc6f59e00] Loading font file 'C:/Windows/Fonts\ssef1256.fon'
[Parsed_subtitles_6 @ 0000018cc6f59e00] Loading font file 'C:/Windows/Fonts\ssef1257.fon'
[Parsed_subtitles_6 @ 0000018cc6f59e00] Loading font file 'C:/Windows/Fonts\ssef874.fon'
[Parsed_subtitles_6 @ 0000018cc6f59e00] Loading font file 'C:/Windows/Fonts\sserife.fon'
[Parsed_subtitles_6 @ 0000018cc6f59e00] Loading font file 'C:/Windows/Fonts\sserifee.fon'
[Parsed_subtitles_6 @ 0000018cc6f59e00] Loading font file 'C:/Windows/Fonts\sserifeg.fon'
[Parsed_subtitles_6 @ 0000018cc6f59e00] Loading font file 'C:/Windows/Fonts\sserifer.fon'
[Parsed_subtitles_6 @ 0000018cc6f59e00] Loading font file 'C:/Windows/Fonts\sserifet.fon'
[Parsed_subtitles_6 @ 0000018cc6f59e00] Loading font file 'C:/Windows/Fonts\sseriff.fon'
[Parsed_subtitles_6 @ 0000018cc6f59e00] Loading font file 'C:/Windows/Fonts\sseriffe.fon'
[Parsed_subtitles_6 @ 0000018cc6f59e00] Loading font file 'C:/Windows/Fonts\sseriffg.fon'
[Parsed_subtitles_6 @ 0000018cc6f59e00] Loading font file 'C:/Windows/Fonts\sseriffr.fon'
[Parsed_subtitles_6 @ 0000018cc6f59e00] Loading font file 'C:/Windows/Fonts\sserifft.fon'
[Parsed_subtitles_6 @ 0000018cc6f59e00] Loading font file 'C:/Windows/Fonts\StaticCache.dat'
[Parsed_subtitles_6 @ 0000018cc6f59e00] Loading font file 'C:/Windows/Fonts\STENCIL.TTF'
[Parsed_subtitles_6 @ 0000018cc6f59e00] Loading font file 'C:/Windows/Fonts\svgafix.fon'
[Parsed_subtitles_6 @ 0000018cc6f59e00] Loading font file 'C:/Windows/Fonts\svgasys.fon'
[Parsed_subtitles_6 @ 0000018cc6f59e00] Loading font file 'C:/Windows/Fonts\sylfaen.ttf'
[Parsed_subtitles_6 @ 0000018cc6f59e00] Loading font file 'C:/Windows/Fonts\symbol.ttf'
[Parsed_subtitles_6 @ 0000018cc6f59e00] Loading font file 'C:/Windows/Fonts\tahoma.ttf'
[Parsed_subtitles_6 @ 0000018cc6f59e00] Loading font file 'C:/Windows/Fonts\tahomabd.ttf'
[Parsed_subtitles_6 @ 0000018cc6f59e00] Loading font file 'C:/Windows/Fonts\taile.ttf'
[Parsed_subtitles_6 @ 0000018cc6f59e00] Loading font file 'C:/Windows/Fonts\taileb.ttf'
[Parsed_subtitles_6 @ 0000018cc6f59e00] Loading font file 'C:/Windows/Fonts\TCBI____.TTF'
[Parsed_subtitles_6 @ 0000018cc6f59e00] Loading font file 'C:/Windows/Fonts\TCB_____.TTF'
[Parsed_subtitles_6 @ 0000018cc6f59e00] Loading font file 'C:/Windows/Fonts\TCCB____.TTF'
[Parsed_subtitles_6 @ 0000018cc6f59e00] Loading font file 'C:/Windows/Fonts\TCCEB.TTF'
[Parsed_subtitles_6 @ 0000018cc6f59e00] Loading font file 'C:/Windows/Fonts\TCCM____.TTF'
[Parsed_subtitles_6 @ 0000018cc6f59e00] Loading font file 'C:/Windows/Fonts\TCMI____.TTF'
[Parsed_subtitles_6 @ 0000018cc6f59e00] Loading font file 'C:/Windows/Fonts\TCM_____.TTF'
[Parsed_subtitles_6 @ 0000018cc6f59e00] Loading font file 'C:/Windows/Fonts\TEMPSITC.TTF'
[Parsed_subtitles_6 @ 0000018cc6f59e00] Loading font file 'C:/Windows/Fonts\times.ttf'
[Parsed_subtitles_6 @ 0000018cc6f59e00] Loading font file 'C:/Windows/Fonts\timesbd.ttf'
[Parsed_subtitles_6 @ 0000018cc6f59e00] Loading font file 'C:/Windows/Fonts\timesbi.ttf'
[Parsed_subtitles_6 @ 0000018cc6f59e00] Loading font file 'C:/Windows/Fonts\timesi.ttf'
[Parsed_subtitles_6 @ 0000018cc6f59e00] Loading font file 'C:/Windows/Fonts\trebuc.ttf'
[Parsed_subtitles_6 @ 0000018cc6f59e00] Loading font file 'C:/Windows/Fonts\trebucbd.ttf'
[Parsed_subtitles_6 @ 0000018cc6f59e00] Loading font file 'C:/Windows/Fonts\trebucbi.ttf'
[Parsed_subtitles_6 @ 0000018cc6f59e00] Loading font file 'C:/Windows/Fonts\trebucit.ttf'
[Parsed_subtitles_6 @ 0000018cc6f59e00] Loading font file 'C:/Windows/Fonts\verdana.ttf'
[Parsed_subtitles_6 @ 0000018cc6f59e00] Loading font file 'C:/Windows/Fonts\verdanab.ttf'
[Parsed_subtitles_6 @ 0000018cc6f59e00] Loading font file 'C:/Windows/Fonts\verdanai.ttf'
[Parsed_subtitles_6 @ 0000018cc6f59e00] Loading font file 'C:/Windows/Fonts\verdanaz.ttf'
[Parsed_subtitles_6 @ 0000018cc6f59e00] Loading font file 'C:/Windows/Fonts\vga737.fon'
[Parsed_subtitles_6 @ 0000018cc6f59e00] Loading font file 'C:/Windows/Fonts\vga775.fon'
[Parsed_subtitles_6 @ 0000018cc6f59e00] Loading font file 'C:/Windows/Fonts\vga850.fon'
[Parsed_subtitles_6 @ 0000018cc6f59e00] Loading font file 'C:/Windows/Fonts\vga852.fon'
[Parsed_subtitles_6 @ 0000018cc6f59e00] Loading font file 'C:/Windows/Fonts\vga855.fon'
[Parsed_subtitles_6 @ 0000018cc6f59e00] Loading font file 'C:/Windows/Fonts\vga857.fon'
[Parsed_subtitles_6 @ 0000018cc6f59e00] Loading font file 'C:/Windows/Fonts\vga860.fon'
[Parsed_subtitles_6 @ 0000018cc6f59e00] Loading font file 'C:/Windows/Fonts\vga861.fon'
[Parsed_subtitles_6 @ 0000018cc6f59e00] Loading font file 'C:/Windows/Fonts\vga863.fon'
[Parsed_subtitles_6 @ 0000018cc6f59e00] Loading font file 'C:/Windows/Fonts\vga865.fon'
[Parsed_subtitles_6 @ 0000018cc6f59e00] Loading font file 'C:/Windows/Fonts\vga866.fon'
[Parsed_subtitles_6 @ 0000018cc6f59e00] Loading font file 'C:/Windows/Fonts\vga869.fon'
[Parsed_subtitles_6 @ 0000018cc6f59e00] Loading font file 'C:/Windows/Fonts\vga932.fon'
[Parsed_subtitles_6 @ 0000018cc6f59e00] Loading font file 'C:/Windows/Fonts\vga936.fon'
[Parsed_subtitles_6 @ 0000018cc6f59e00] Loading font file 'C:/Windows/Fonts\vga949.fon'
[Parsed_subtitles_6 @ 0000018cc6f59e00] Loading font file 'C:/Windows/Fonts\vga950.fon'
[Parsed_subtitles_6 @ 0000018cc6f59e00] Loading font file 'C:/Windows/Fonts\vgaf1255.fon'
[Parsed_subtitles_6 @ 0000018cc6f59e00] Loading font file 'C:/Windows/Fonts\vgaf1256.fon'
[Parsed_subtitles_6 @ 0000018cc6f59e00] Loading font file 'C:/Windows/Fonts\vgaf1257.fon'
[Parsed_subtitles_6 @ 0000018cc6f59e00] Loading font file 'C:/Windows/Fonts\vgaf874.fon'
[Parsed_subtitles_6 @ 0000018cc6f59e00] Loading font file 'C:/Windows/Fonts\vgafix.fon'
[Parsed_subtitles_6 @ 0000018cc6f59e00] Loading font file 'C:/Windows/Fonts\vgafixe.fon'
[Parsed_subtitles_6 @ 0000018cc6f59e00] Loading font file 'C:/Windows/Fonts\vgafixg.fon'
[Parsed_subtitles_6 @ 0000018cc6f59e00] Loading font file 'C:/Windows/Fonts\vgafixr.fon'
[Parsed_subtitles_6 @ 0000018cc6f59e00] Loading font file 'C:/Windows/Fonts\vgafixt.fon'
[Parsed_subtitles_6 @ 0000018cc6f59e00] Loading font file 'C:/Windows/Fonts\vgaoem.fon'
[Parsed_subtitles_6 @ 0000018cc6f59e00] Loading font file 'C:/Windows/Fonts\vgas1255.fon'
[Parsed_subtitles_6 @ 0000018cc6f59e00] Loading font file 'C:/Windows/Fonts\vgas1256.fon'
[Parsed_subtitles_6 @ 0000018cc6f59e00] Loading font file 'C:/Windows/Fonts\vgas1257.fon'
[Parsed_subtitles_6 @ 0000018cc6f59e00] Loading font file 'C:/Windows/Fonts\vgas874.fon'
[Parsed_subtitles_6 @ 0000018cc6f59e00] Loading font file 'C:/Windows/Fonts\vgasys.fon'
[Parsed_subtitles_6 @ 0000018cc6f59e00] Loading font file 'C:/Windows/Fonts\vgasyse.fon'
[Parsed_subtitles_6 @ 0000018cc6f59e00] Loading font file 'C:/Windows/Fonts\vgasysg.fon'
[Parsed_subtitles_6 @ 0000018cc6f59e00] Loading font file 'C:/Windows/Fonts\vgasysr.fon'
[Parsed_subtitles_6 @ 0000018cc6f59e00] Loading font file 'C:/Windows/Fonts\vgasyst.fon'
[Parsed_subtitles_6 @ 0000018cc6f59e00] Loading font file 'C:/Windows/Fonts\VINERITC.TTF'
[Parsed_subtitles_6 @ 0000018cc6f59e00] Loading font file 'C:/Windows/Fonts\VIVALDII.TTF'
[Parsed_subtitles_6 @ 0000018cc6f59e00] Loading font file 'C:/Windows/Fonts\VLADIMIR.TTF'
[Parsed_subtitles_6 @ 0000018cc6f59e00] Loading font file 'C:/Windows/Fonts\webdings.ttf'
[Parsed_subtitles_6 @ 0000018cc6f59e00] Loading font file 'C:/Windows/Fonts\wingding.ttf'
[Parsed_subtitles_6 @ 0000018cc6f59e00] Loading font file 'C:/Windows/Fonts\WINGDNG2.TTF'
[Parsed_subtitles_6 @ 0000018cc6f59e00] Loading font file 'C:/Windows/Fonts\WINGDNG3.TTF'
[Parsed_subtitles_6 @ 0000018cc6f59e00] Loading font file 'C:/Windows/Fonts\YuGothB.ttc'
[Parsed_subtitles_6 @ 0000018cc6f59e00] Loading font file 'C:/Windows/Fonts\YuGothL.ttc'
[Parsed_subtitles_6 @ 0000018cc6f59e00] Loading font file 'C:/Windows/Fonts\YuGothM.ttc'
[Parsed_subtitles_6 @ 0000018cc6f59e00] Loading font file 'C:/Windows/Fonts\YuGothR.ttc'
[Parsed_subtitles_6 @ 0000018cc6f59e00] No charmap autodetected, trying the first one
[Parsed_subtitles_6 @ 0000018cc6f59e00] Error getting metadata for embedded font '8514fix.fon'
[Parsed_subtitles_6 @ 0000018cc6f59e00] No charmap autodetected, trying the first one
[Parsed_subtitles_6 @ 0000018cc6f59e00] Error getting metadata for embedded font '8514fixe.fon'
[Parsed_subtitles_6 @ 0000018cc6f59e00] No charmap autodetected, trying the first one
[Parsed_subtitles_6 @ 0000018cc6f59e00] Error getting metadata for embedded font '8514fixg.fon'
[Parsed_subtitles_6 @ 0000018cc6f59e00] No charmap autodetected, trying the first one
[Parsed_subtitles_6 @ 0000018cc6f59e00] Error getting metadata for embedded font '8514fixr.fon'
[Parsed_subtitles_6 @ 0000018cc6f59e00] No charmap autodetected, trying the first one
[Parsed_subtitles_6 @ 0000018cc6f59e00] Error getting metadata for embedded font '8514fixt.fon'
[Parsed_subtitles_6 @ 0000018cc6f59e00] No charmap autodetected, trying the first one
[Parsed_subtitles_6 @ 0000018cc6f59e00] Error getting metadata for embedded font '8514oem.fon'
[Parsed_subtitles_6 @ 0000018cc6f59e00] No charmap autodetected, trying the first one
[Parsed_subtitles_6 @ 0000018cc6f59e00] Error getting metadata for embedded font '8514oeme.fon'
[Parsed_subtitles_6 @ 0000018cc6f59e00] No charmap autodetected, trying the first one
[Parsed_subtitles_6 @ 0000018cc6f59e00] Error getting metadata for embedded font '8514oemg.fon'
[Parsed_subtitles_6 @ 0000018cc6f59e00] No charmap autodetected, trying the first one
[Parsed_subtitles_6 @ 0000018cc6f59e00] Error getting metadata for embedded font '8514oemr.fon'
[Parsed_subtitles_6 @ 0000018cc6f59e00] No charmap autodetected, trying the first one
[Parsed_subtitles_6 @ 0000018cc6f59e00] Error getting metadata for embedded font '8514oemt.fon'
[Parsed_subtitles_6 @ 0000018cc6f59e00] No charmap autodetected, trying the first one
[Parsed_subtitles_6 @ 0000018cc6f59e00] Error getting metadata for embedded font '8514sys.fon'
[Parsed_subtitles_6 @ 0000018cc6f59e00] No charmap autodetected, trying the first one
[Parsed_subtitles_6 @ 0000018cc6f59e00] Error getting metadata for embedded font '8514syse.fon'
[Parsed_subtitles_6 @ 0000018cc6f59e00] No charmap autodetected, trying the first one
[Parsed_subtitles_6 @ 0000018cc6f59e00] Error getting metadata for embedded font '8514sysg.fon'
[Parsed_subtitles_6 @ 0000018cc6f59e00] No charmap autodetected, trying the first one
[Parsed_subtitles_6 @ 0000018cc6f59e00] Error getting metadata for embedded font '8514sysr.fon'
[Parsed_subtitles_6 @ 0000018cc6f59e00] No charmap autodetected, trying the first one
[Parsed_subtitles_6 @ 0000018cc6f59e00] Error getting metadata for embedded font '8514syst.fon'
[Parsed_subtitles_6 @ 0000018cc6f59e00] No charmap autodetected, trying the first one
[Parsed_subtitles_6 @ 0000018cc6f59e00] Error getting metadata for embedded font '85775.fon'
[Parsed_subtitles_6 @ 0000018cc6f59e00] No charmap autodetected, trying the first one
[Parsed_subtitles_6 @ 0000018cc6f59e00] Error getting metadata for embedded font '85855.fon'
[Parsed_subtitles_6 @ 0000018cc6f59e00] No charmap autodetected, trying the first one
[Parsed_subtitles_6 @ 0000018cc6f59e00] Error getting metadata for embedded font '85f1255.fon'
[Parsed_subtitles_6 @ 0000018cc6f59e00] No charmap autodetected, trying the first one
[Parsed_subtitles_6 @ 0000018cc6f59e00] Error getting metadata for embedded font '85f1256.fon'
[Parsed_subtitles_6 @ 0000018cc6f59e00] No charmap autodetected, trying the first one
[Parsed_subtitles_6 @ 0000018cc6f59e00] Error getting metadata for embedded font '85f1257.fon'
[Parsed_subtitles_6 @ 0000018cc6f59e00] No charmap autodetected, trying the first one
[Parsed_subtitles_6 @ 0000018cc6f59e00] Error getting metadata for embedded font '85f874.fon'
[Parsed_subtitles_6 @ 0000018cc6f59e00] No charmap autodetected, trying the first one
[Parsed_subtitles_6 @ 0000018cc6f59e00] Error getting metadata for embedded font '85s1255.fon'
[Parsed_subtitles_6 @ 0000018cc6f59e00] No charmap autodetected, trying the first one
[Parsed_subtitles_6 @ 0000018cc6f59e00] Error getting metadata for embedded font '85s1256.fon'
[Parsed_subtitles_6 @ 0000018cc6f59e00] No charmap autodetected, trying the first one
[Parsed_subtitles_6 @ 0000018cc6f59e00] Error getting metadata for embedded font '85s1257.fon'
[Parsed_subtitles_6 @ 0000018cc6f59e00] No charmap autodetected, trying the first one
[Parsed_subtitles_6 @ 0000018cc6f59e00] Error getting metadata for embedded font '85s874.fon'
[Parsed_subtitles_6 @ 0000018cc6f59e00] No charmap autodetected, trying the first one
[Parsed_subtitles_6 @ 0000018cc6f59e00] Error getting metadata for embedded font 'app775.fon'
[Parsed_subtitles_6 @ 0000018cc6f59e00] No charmap autodetected, trying the first one
[Parsed_subtitles_6 @ 0000018cc6f59e00] Error getting metadata for embedded font 'app775.fon'
[Parsed_subtitles_6 @ 0000018cc6f59e00] No charmap autodetected, trying the first one
[Parsed_subtitles_6 @ 0000018cc6f59e00] Error getting metadata for embedded font 'app775.fon'
[Parsed_subtitles_6 @ 0000018cc6f59e00] No charmap autodetected, trying the first one
[Parsed_subtitles_6 @ 0000018cc6f59e00] Error getting metadata for embedded font 'app775.fon'
[Parsed_subtitles_6 @ 0000018cc6f59e00] No charmap autodetected, trying the first one
[Parsed_subtitles_6 @ 0000018cc6f59e00] Error getting metadata for embedded font 'app775.fon'
[Parsed_subtitles_6 @ 0000018cc6f59e00] No charmap autodetected, trying the first one
[Parsed_subtitles_6 @ 0000018cc6f59e00] Error getting metadata for embedded font 'app775.fon'
[Parsed_subtitles_6 @ 0000018cc6f59e00] No charmap autodetected, trying the first one
[Parsed_subtitles_6 @ 0000018cc6f59e00] Error getting metadata for embedded font 'app850.fon'
[Parsed_subtitles_6 @ 0000018cc6f59e00] No charmap autodetected, trying the first one
[Parsed_subtitles_6 @ 0000018cc6f59e00] Error getting metadata for embedded font 'app850.fon'
[Parsed_subtitles_6 @ 0000018cc6f59e00] No charmap autodetected, trying the first one
[Parsed_subtitles_6 @ 0000018cc6f59e00] Error getting metadata for embedded font 'app850.fon'
[Parsed_subtitles_6 @ 0000018cc6f59e00] No charmap autodetected, trying the first one
[Parsed_subtitles_6 @ 0000018cc6f59e00] Error getting metadata for embedded font 'app850.fon'
[Parsed_subtitles_6 @ 0000018cc6f59e00] No charmap autodetected, trying the first one
[Parsed_subtitles_6 @ 0000018cc6f59e00] Error getting metadata for embedded font 'app850.fon'
[Parsed_subtitles_6 @ 0000018cc6f59e00] No charmap autodetected, trying the first one
[Parsed_subtitles_6 @ 0000018cc6f59e00] Error getting metadata for embedded font 'app850.fon'
[Parsed_subtitles_6 @ 0000018cc6f59e00] No charmap autodetected, trying the first one
[Parsed_subtitles_6 @ 0000018cc6f59e00] Error getting metadata for embedded font 'app852.fon'
[Parsed_subtitles_6 @ 0000018cc6f59e00] No charmap autodetected, trying the first one
[Parsed_subtitles_6 @ 0000018cc6f59e00] Error getting metadata for embedded font 'app852.fon'
[Parsed_subtitles_6 @ 0000018cc6f59e00] No charmap autodetected, trying the first one
[Parsed_subtitles_6 @ 0000018cc6f59e00] Error getting metadata for embedded font 'app852.fon'
[Parsed_subtitles_6 @ 0000018cc6f59e00] No charmap autodetected, trying the first one
[Parsed_subtitles_6 @ 0000018cc6f59e00] Error getting metadata for embedded font 'app852.fon'
[Parsed_subtitles_6 @ 0000018cc6f59e00] No charmap autodetected, trying the first one
[Parsed_subtitles_6 @ 0000018cc6f59e00] Error getting metadata for embedded font 'app852.fon'
[Parsed_subtitles_6 @ 0000018cc6f59e00] No charmap autodetected, trying the first one
[Parsed_subtitles_6 @ 0000018cc6f59e00] Error getting metadata for embedded font 'app852.fon'
[Parsed_subtitles_6 @ 0000018cc6f59e00] No charmap autodetected, trying the first one
[Parsed_subtitles_6 @ 0000018cc6f59e00] Error getting metadata for embedded font 'app855.fon'
[Parsed_subtitles_6 @ 0000018cc6f59e00] No charmap autodetected, trying the first one
[Parsed_subtitles_6 @ 0000018cc6f59e00] Error getting metadata for embedded font 'app855.fon'
[Parsed_subtitles_6 @ 0000018cc6f59e00] No charmap autodetected, trying the first one
[Parsed_subtitles_6 @ 0000018cc6f59e00] Error getting metadata for embedded font 'app855.fon'
[Parsed_subtitles_6 @ 0000018cc6f59e00] No charmap autodetected, trying the first one
[Parsed_subtitles_6 @ 0000018cc6f59e00] Error getting metadata for embedded font 'app855.fon'
[Parsed_subtitles_6 @ 0000018cc6f59e00] No charmap autodetected, trying the first one
[Parsed_subtitles_6 @ 0000018cc6f59e00] Error getting metadata for embedded font 'app855.fon'
[Parsed_subtitles_6 @ 0000018cc6f59e00] No charmap autodetected, trying the first one
[Parsed_subtitles_6 @ 0000018cc6f59e00] Error getting metadata for embedded font 'app855.fon'
[Parsed_subtitles_6 @ 0000018cc6f59e00] No charmap autodetected, trying the first one
[Parsed_subtitles_6 @ 0000018cc6f59e00] Error getting metadata for embedded font 'app857.fon'
[Parsed_subtitles_6 @ 0000018cc6f59e00] No charmap autodetected, trying the first one
[Parsed_subtitles_6 @ 0000018cc6f59e00] Error getting metadata for embedded font 'app857.fon'
[Parsed_subtitles_6 @ 0000018cc6f59e00] No charmap autodetected, trying the first one
[Parsed_subtitles_6 @ 0000018cc6f59e00] Error getting metadata for embedded font 'app857.fon'
[Parsed_subtitles_6 @ 0000018cc6f59e00] No charmap autodetected, trying the first one
[Parsed_subtitles_6 @ 0000018cc6f59e00] Error getting metadata for embedded font 'app857.fon'
[Parsed_subtitles_6 @ 0000018cc6f59e00] No charmap autodetected, trying the first one
[Parsed_subtitles_6 @ 0000018cc6f59e00] Error getting metadata for embedded font 'app857.fon'
[Parsed_subtitles_6 @ 0000018cc6f59e00] No charmap autodetected, trying the first one
[Parsed_subtitles_6 @ 0000018cc6f59e00] Error getting metadata for embedded font 'app857.fon'
[Parsed_subtitles_6 @ 0000018cc6f59e00] No charmap autodetected, trying the first one
[Parsed_subtitles_6 @ 0000018cc6f59e00] Error getting metadata for embedded font 'app866.fon'
[Parsed_subtitles_6 @ 0000018cc6f59e00] No charmap autodetected, trying the first one
[Parsed_subtitles_6 @ 0000018cc6f59e00] Error getting metadata for embedded font 'app866.fon'
[Parsed_subtitles_6 @ 0000018cc6f59e00] No charmap autodetected, trying the first one
[Parsed_subtitles_6 @ 0000018cc6f59e00] Error getting metadata for embedded font 'app866.fon'
[Parsed_subtitles_6 @ 0000018cc6f59e00] No charmap autodetected, trying the first one
[Parsed_subtitles_6 @ 0000018cc6f59e00] Error getting metadata for embedded font 'app866.fon'
[Parsed_subtitles_6 @ 0000018cc6f59e00] No charmap autodetected, trying the first one
[Parsed_subtitles_6 @ 0000018cc6f59e00] Error getting metadata for embedded font 'app866.fon'
[Parsed_subtitles_6 @ 0000018cc6f59e00] No charmap autodetected, trying the first one
[Parsed_subtitles_6 @ 0000018cc6f59e00] Error getting metadata for embedded font 'app866.fon'
[Parsed_subtitles_6 @ 0000018cc6f59e00] No charmap autodetected, trying the first one
[Parsed_subtitles_6 @ 0000018cc6f59e00] Error getting metadata for embedded font 'app932.fon'
[Parsed_subtitles_6 @ 0000018cc6f59e00] No charmap autodetected, trying the first one
[Parsed_subtitles_6 @ 0000018cc6f59e00] Error getting metadata for embedded font 'app932.fon'
[Parsed_subtitles_6 @ 0000018cc6f59e00] No charmap autodetected, trying the first one
[Parsed_subtitles_6 @ 0000018cc6f59e00] Error getting metadata for embedded font 'app932.fon'
[Parsed_subtitles_6 @ 0000018cc6f59e00] No charmap autodetected, trying the first one
[Parsed_subtitles_6 @ 0000018cc6f59e00] Error getting metadata for embedded font 'app932.fon'
[Parsed_subtitles_6 @ 0000018cc6f59e00] No charmap autodetected, trying the first one
[Parsed_subtitles_6 @ 0000018cc6f59e00] Error getting metadata for embedded font 'app932.fon'
[Parsed_subtitles_6 @ 0000018cc6f59e00] No charmap autodetected, trying the first one
[Parsed_subtitles_6 @ 0000018cc6f59e00] Error getting metadata for embedded font 'app932.fon'
[Parsed_subtitles_6 @ 0000018cc6f59e00] No charmap autodetected, trying the first one
[Parsed_subtitles_6 @ 0000018cc6f59e00] Error getting metadata for embedded font 'app932.fon'
[Parsed_subtitles_6 @ 0000018cc6f59e00] No charmap autodetected, trying the first one
[Parsed_subtitles_6 @ 0000018cc6f59e00] Error getting metadata for embedded font 'app932.fon'
[Parsed_subtitles_6 @ 0000018cc6f59e00] No charmap autodetected, trying the first one
[Parsed_subtitles_6 @ 0000018cc6f59e00] Error getting metadata for embedded font 'app932.fon'
[Parsed_subtitles_6 @ 0000018cc6f59e00] No charmap autodetected, trying the first one
[Parsed_subtitles_6 @ 0000018cc6f59e00] Error getting metadata for embedded font 'app932.fon'
[Parsed_subtitles_6 @ 0000018cc6f59e00] No charmap autodetected, trying the first one
[Parsed_subtitles_6 @ 0000018cc6f59e00] Error getting metadata for embedded font 'app932.fon'
[Parsed_subtitles_6 @ 0000018cc6f59e00] No charmap autodetected, trying the first one
[Parsed_subtitles_6 @ 0000018cc6f59e00] Error getting metadata for embedded font 'app932.fon'
[Parsed_subtitles_6 @ 0000018cc6f59e00] No charmap autodetected, trying the first one
[Parsed_subtitles_6 @ 0000018cc6f59e00] Error getting metadata for embedded font 'app936.fon'
[Parsed_subtitles_6 @ 0000018cc6f59e00] No charmap autodetected, trying the first one
[Parsed_subtitles_6 @ 0000018cc6f59e00] Error getting metadata for embedded font 'app936.fon'
[Parsed_subtitles_6 @ 0000018cc6f59e00] No charmap autodetected, trying the first one
[Parsed_subtitles_6 @ 0000018cc6f59e00] Error getting metadata for embedded font 'app936.fon'
[Parsed_subtitles_6 @ 0000018cc6f59e00] No charmap autodetected, trying the first one
[Parsed_subtitles_6 @ 0000018cc6f59e00] Error getting metadata for embedded font 'app936.fon'
[Parsed_subtitles_6 @ 0000018cc6f59e00] No charmap autodetected, trying the first one
[Parsed_subtitles_6 @ 0000018cc6f59e00] Error getting metadata for embedded font 'app936.fon'
[Parsed_subtitles_6 @ 0000018cc6f59e00] No charmap autodetected, trying the first one
[Parsed_subtitles_6 @ 0000018cc6f59e00] Error getting metadata for embedded font 'app936.fon'
[Parsed_subtitles_6 @ 0000018cc6f59e00] No charmap autodetected, trying the first one
[Parsed_subtitles_6 @ 0000018cc6f59e00] Error getting metadata for embedded font 'app936.fon'
[Parsed_subtitles_6 @ 0000018cc6f59e00] No charmap autodetected, trying the first one
[Parsed_subtitles_6 @ 0000018cc6f59e00] Error getting metadata for embedded font 'app936.fon'
[Parsed_subtitles_6 @ 0000018cc6f59e00] No charmap autodetected, trying the first one
[Parsed_subtitles_6 @ 0000018cc6f59e00] Error getting metadata for embedded font 'app936.fon'
[Parsed_subtitles_6 @ 0000018cc6f59e00] No charmap autodetected, trying the first one
[Parsed_subtitles_6 @ 0000018cc6f59e00] Error getting metadata for embedded font 'app936.fon'
[Parsed_subtitles_6 @ 0000018cc6f59e00] No charmap autodetected, trying the first one
[Parsed_subtitles_6 @ 0000018cc6f59e00] Error getting metadata for embedded font 'app936.fon'
[Parsed_subtitles_6 @ 0000018cc6f59e00] No charmap autodetected, trying the first one
[Parsed_subtitles_6 @ 0000018cc6f59e00] Error getting metadata for embedded font 'app936.fon'
[Parsed_subtitles_6 @ 0000018cc6f59e00] No charmap autodetected, trying the first one
[Parsed_subtitles_6 @ 0000018cc6f59e00] Error getting metadata for embedded font 'app949.fon'
[Parsed_subtitles_6 @ 0000018cc6f59e00] No charmap autodetected, trying the first one
[Parsed_subtitles_6 @ 0000018cc6f59e00] Error getting metadata for embedded font 'app949.fon'
[Parsed_subtitles_6 @ 0000018cc6f59e00] No charmap autodetected, trying the first one
[Parsed_subtitles_6 @ 0000018cc6f59e00] Error getting metadata for embedded font 'app949.fon'
[Parsed_subtitles_6 @ 0000018cc6f59e00] No charmap autodetected, trying the first one
[Parsed_subtitles_6 @ 0000018cc6f59e00] Error getting metadata for embedded font 'app949.fon'
[Parsed_subtitles_6 @ 0000018cc6f59e00] No charmap autodetected, trying the first one
[Parsed_subtitles_6 @ 0000018cc6f59e00] Error getting metadata for embedded font 'app949.fon'
[Parsed_subtitles_6 @ 0000018cc6f59e00] No charmap autodetected, trying the first one
[Parsed_subtitles_6 @ 0000018cc6f59e00] Error getting metadata for embedded font 'app949.fon'
[Parsed_subtitles_6 @ 0000018cc6f59e00] No charmap autodetected, trying the first one
[Parsed_subtitles_6 @ 0000018cc6f59e00] Error getting metadata for embedded font 'app949.fon'
[Parsed_subtitles_6 @ 0000018cc6f59e00] No charmap autodetected, trying the first one
[Parsed_subtitles_6 @ 0000018cc6f59e00] Error getting metadata for embedded font 'app949.fon'
[Parsed_subtitles_6 @ 0000018cc6f59e00] No charmap autodetected, trying the first one
[Parsed_subtitles_6 @ 0000018cc6f59e00] Error getting metadata for embedded font 'app949.fon'
[Parsed_subtitles_6 @ 0000018cc6f59e00] No charmap autodetected, trying the first one
[Parsed_subtitles_6 @ 0000018cc6f59e00] Error getting metadata for embedded font 'app949.fon'
[Parsed_subtitles_6 @ 0000018cc6f59e00] No charmap autodetected, trying the first one
[Parsed_subtitles_6 @ 0000018cc6f59e00] Error getting metadata for embedded font 'app949.fon'
[Parsed_subtitles_6 @ 0000018cc6f59e00] No charmap autodetected, trying the first one
[Parsed_subtitles_6 @ 0000018cc6f59e00] Error getting metadata for embedded font 'app949.fon'
[Parsed_subtitles_6 @ 0000018cc6f59e00] No charmap autodetected, trying the first one
[Parsed_subtitles_6 @ 0000018cc6f59e00] Error getting metadata for embedded font 'app950.fon'
[Parsed_subtitles_6 @ 0000018cc6f59e00] No charmap autodetected, trying the first one
[Parsed_subtitles_6 @ 0000018cc6f59e00] Error getting metadata for embedded font 'app950.fon'
[Parsed_subtitles_6 @ 0000018cc6f59e00] No charmap autodetected, trying the first one
[Parsed_subtitles_6 @ 0000018cc6f59e00] Error getting metadata for embedded font 'app950.fon'
[Parsed_subtitles_6 @ 0000018cc6f59e00] No charmap autodetected, trying the first one
[Parsed_subtitles_6 @ 0000018cc6f59e00] Error getting metadata for embedded font 'app950.fon'
[Parsed_subtitles_6 @ 0000018cc6f59e00] No charmap autodetected, trying the first one
[Parsed_subtitles_6 @ 0000018cc6f59e00] Error getting metadata for embedded font 'app950.fon'
[Parsed_subtitles_6 @ 0000018cc6f59e00] No charmap autodetected, trying the first one
[Parsed_subtitles_6 @ 0000018cc6f59e00] Error getting metadata for embedded font 'app950.fon'
[Parsed_subtitles_6 @ 0000018cc6f59e00] No charmap autodetected, trying the first one
[Parsed_subtitles_6 @ 0000018cc6f59e00] Error getting metadata for embedded font 'app950.fon'
[Parsed_subtitles_6 @ 0000018cc6f59e00] No charmap autodetected, trying the first one
[Parsed_subtitles_6 @ 0000018cc6f59e00] Error getting metadata for embedded font 'app950.fon'
[Parsed_subtitles_6 @ 0000018cc6f59e00] No charmap autodetected, trying the first one
[Parsed_subtitles_6 @ 0000018cc6f59e00] Error getting metadata for embedded font 'app950.fon'
[Parsed_subtitles_6 @ 0000018cc6f59e00] No charmap autodetected, trying the first one
[Parsed_subtitles_6 @ 0000018cc6f59e00] Error getting metadata for embedded font 'app950.fon'
[Parsed_subtitles_6 @ 0000018cc6f59e00] No charmap autodetected, trying the first one
[Parsed_subtitles_6 @ 0000018cc6f59e00] Error getting metadata for embedded font 'app950.fon'
[Parsed_subtitles_6 @ 0000018cc6f59e00] No charmap autodetected, trying the first one
[Parsed_subtitles_6 @ 0000018cc6f59e00] Error getting metadata for embedded font 'app950.fon'
[Parsed_subtitles_6 @ 0000018cc6f59e00] No charmap autodetected, trying the first one
[Parsed_subtitles_6 @ 0000018cc6f59e00] Error getting metadata for embedded font 'c8514fix.fon'
[Parsed_subtitles_6 @ 0000018cc6f59e00] No charmap autodetected, trying the first one
[Parsed_subtitles_6 @ 0000018cc6f59e00] Error getting metadata for embedded font 'c8514oem.fon'
[Parsed_subtitles_6 @ 0000018cc6f59e00] No charmap autodetected, trying the first one
[Parsed_subtitles_6 @ 0000018cc6f59e00] Error getting metadata for embedded font 'c8514sys.fon'
[Parsed_subtitles_6 @ 0000018cc6f59e00] No charmap autodetected, trying the first one
[Parsed_subtitles_6 @ 0000018cc6f59e00] Error getting metadata for embedded font 'c8514sys.fon'
[Parsed_subtitles_6 @ 0000018cc6f59e00] No charmap autodetected, trying the first one
[Parsed_subtitles_6 @ 0000018cc6f59e00] Error getting metadata for embedded font 'cga40737.fon'
[Parsed_subtitles_6 @ 0000018cc6f59e00] No charmap autodetected, trying the first one
[Parsed_subtitles_6 @ 0000018cc6f59e00] Error getting metadata for embedded font 'cga40850.fon'
[Parsed_subtitles_6 @ 0000018cc6f59e00] No charmap autodetected, trying the first one
[Parsed_subtitles_6 @ 0000018cc6f59e00] Error getting metadata for embedded font 'cga40852.fon'
[Parsed_subtitles_6 @ 0000018cc6f59e00] No charmap autodetected, trying the first one
[Parsed_subtitles_6 @ 0000018cc6f59e00] Error getting metadata for embedded font 'cga40857.fon'
[Parsed_subtitles_6 @ 0000018cc6f59e00] No charmap autodetected, trying the first one
[Parsed_subtitles_6 @ 0000018cc6f59e00] Error getting metadata for embedded font 'cga40866.fon'
[Parsed_subtitles_6 @ 0000018cc6f59e00] No charmap autodetected, trying the first one
[Parsed_subtitles_6 @ 0000018cc6f59e00] Error getting metadata for embedded font 'cga40869.fon'
[Parsed_subtitles_6 @ 0000018cc6f59e00] No charmap autodetected, trying the first one
[Parsed_subtitles_6 @ 0000018cc6f59e00] Error getting metadata for embedded font 'cga40woa.fon'
[Parsed_subtitles_6 @ 0000018cc6f59e00] No charmap autodetected, trying the first one
[Parsed_subtitles_6 @ 0000018cc6f59e00] Error getting metadata for embedded font 'cga80737.fon'
[Parsed_subtitles_6 @ 0000018cc6f59e00] No charmap autodetected, trying the first one
[Parsed_subtitles_6 @ 0000018cc6f59e00] Error getting metadata for embedded font 'cga80850.fon'
[Parsed_subtitles_6 @ 0000018cc6f59e00] No charmap autodetected, trying the first one
[Parsed_subtitles_6 @ 0000018cc6f59e00] Error getting metadata for embedded font 'cga80852.fon'
[Parsed_subtitles_6 @ 0000018cc6f59e00] No charmap autodetected, trying the first one
[Parsed_subtitles_6 @ 0000018cc6f59e00] Error getting metadata for embedded font 'cga80857.fon'
[Parsed_subtitles_6 @ 0000018cc6f59e00] No charmap autodetected, trying the first one
[Parsed_subtitles_6 @ 0000018cc6f59e00] Error getting metadata for embedded font 'cga80866.fon'
[Parsed_subtitles_6 @ 0000018cc6f59e00] No charmap autodetected, trying the first one
[Parsed_subtitles_6 @ 0000018cc6f59e00] Error getting metadata for embedded font 'cga80869.fon'
[Parsed_subtitles_6 @ 0000018cc6f59e00] No charmap autodetected, trying the first one
[Parsed_subtitles_6 @ 0000018cc6f59e00] Error getting metadata for embedded font 'cga80woa.fon'
[Parsed_subtitles_6 @ 0000018cc6f59e00] No charmap autodetected, trying the first one
[Parsed_subtitles_6 @ 0000018cc6f59e00] Error getting metadata for embedded font 'coue1255.fon'
[Parsed_subtitles_6 @ 0000018cc6f59e00] No charmap autodetected, trying the first one
[Parsed_subtitles_6 @ 0000018cc6f59e00] Error getting metadata for embedded font 'coue1255.fon'
[Parsed_subtitles_6 @ 0000018cc6f59e00] No charmap autodetected, trying the first one
[Parsed_subtitles_6 @ 0000018cc6f59e00] Error getting metadata for embedded font 'coue1255.fon'
[Parsed_subtitles_6 @ 0000018cc6f59e00] No charmap autodetected, trying the first one
[Parsed_subtitles_6 @ 0000018cc6f59e00] Error getting metadata for embedded font 'coue1256.fon'
[Parsed_subtitles_6 @ 0000018cc6f59e00] No charmap autodetected, trying the first one
[Parsed_subtitles_6 @ 0000018cc6f59e00] Error getting metadata for embedded font 'coue1256.fon'
[Parsed_subtitles_6 @ 0000018cc6f59e00] No charmap autodetected, trying the first one
[Parsed_subtitles_6 @ 0000018cc6f59e00] Error getting metadata for embedded font 'coue1256.fon'
[Parsed_subtitles_6 @ 0000018cc6f59e00] No charmap autodetected, trying the first one
[Parsed_subtitles_6 @ 0000018cc6f59e00] Error getting metadata for embedded font 'coue1257.fon'
[Parsed_subtitles_6 @ 0000018cc6f59e00] No charmap autodetected, trying the first one
[Parsed_subtitles_6 @ 0000018cc6f59e00] Error getting metadata for embedded font 'coue1257.fon'
[Parsed_subtitles_6 @ 0000018cc6f59e00] No charmap autodetected, trying the first one
[Parsed_subtitles_6 @ 0000018cc6f59e00] Error getting metadata for embedded font 'coue1257.fon'
[Parsed_subtitles_6 @ 0000018cc6f59e00] No charmap autodetected, trying the first one
[Parsed_subtitles_6 @ 0000018cc6f59e00] Error getting metadata for embedded font 'couf1255.fon'
[Parsed_subtitles_6 @ 0000018cc6f59e00] No charmap autodetected, trying the first one
[Parsed_subtitles_6 @ 0000018cc6f59e00] Error getting metadata for embedded font 'couf1255.fon'
[Parsed_subtitles_6 @ 0000018cc6f59e00] No charmap autodetected, trying the first one
[Parsed_subtitles_6 @ 0000018cc6f59e00] Error getting metadata for embedded font 'couf1255.fon'
[Parsed_subtitles_6 @ 0000018cc6f59e00] No charmap autodetected, trying the first one
[Parsed_subtitles_6 @ 0000018cc6f59e00] Error getting metadata for embedded font 'couf1256.fon'
[Parsed_subtitles_6 @ 0000018cc6f59e00] No charmap autodetected, trying the first one
[Parsed_subtitles_6 @ 0000018cc6f59e00] Error getting metadata for embedded font 'couf1256.fon'
[Parsed_subtitles_6 @ 0000018cc6f59e00] No charmap autodetected, trying the first one
[Parsed_subtitles_6 @ 0000018cc6f59e00] Error getting metadata for embedded font 'couf1256.fon'
[Parsed_subtitles_6 @ 0000018cc6f59e00] No charmap autodetected, trying the first one
[Parsed_subtitles_6 @ 0000018cc6f59e00] Error getting metadata for embedded font 'couf1257.fon'
[Parsed_subtitles_6 @ 0000018cc6f59e00] No charmap autodetected, trying the first one
[Parsed_subtitles_6 @ 0000018cc6f59e00] Error getting metadata for embedded font 'couf1257.fon'
[Parsed_subtitles_6 @ 0000018cc6f59e00] No charmap autodetected, trying the first one
[Parsed_subtitles_6 @ 0000018cc6f59e00] Error getting metadata for embedded font 'couf1257.fon'
[Parsed_subtitles_6 @ 0000018cc6f59e00] No charmap autodetected, trying the first one
[Parsed_subtitles_6 @ 0000018cc6f59e00] Error getting metadata for embedded font 'coure.fon'
[Parsed_subtitles_6 @ 0000018cc6f59e00] No charmap autodetected, trying the first one
[Parsed_subtitles_6 @ 0000018cc6f59e00] Error getting metadata for embedded font 'coure.fon'
[Parsed_subtitles_6 @ 0000018cc6f59e00] No charmap autodetected, trying the first one
[Parsed_subtitles_6 @ 0000018cc6f59e00] Error getting metadata for embedded font 'coure.fon'
[Parsed_subtitles_6 @ 0000018cc6f59e00] No charmap autodetected, trying the first one
[Parsed_subtitles_6 @ 0000018cc6f59e00] Error getting metadata for embedded font 'couree.fon'
[Parsed_subtitles_6 @ 0000018cc6f59e00] No charmap autodetected, trying the first one
[Parsed_subtitles_6 @ 0000018cc6f59e00] Error getting metadata for embedded font 'couree.fon'
[Parsed_subtitles_6 @ 0000018cc6f59e00] No charmap autodetected, trying the first one
[Parsed_subtitles_6 @ 0000018cc6f59e00] Error getting metadata for embedded font 'couree.fon'
[Parsed_subtitles_6 @ 0000018cc6f59e00] No charmap autodetected, trying the first one
[Parsed_subtitles_6 @ 0000018cc6f59e00] Error getting metadata for embedded font 'coureg.fon'
[Parsed_subtitles_6 @ 0000018cc6f59e00] No charmap autodetected, trying the first one
[Parsed_subtitles_6 @ 0000018cc6f59e00] Error getting metadata for embedded font 'coureg.fon'
[Parsed_subtitles_6 @ 0000018cc6f59e00] No charmap autodetected, trying the first one
[Parsed_subtitles_6 @ 0000018cc6f59e00] Error getting metadata for embedded font 'coureg.fon'
[Parsed_subtitles_6 @ 0000018cc6f59e00] No charmap autodetected, trying the first one
[Parsed_subtitles_6 @ 0000018cc6f59e00] Error getting metadata for embedded font 'courer.fon'
[Parsed_subtitles_6 @ 0000018cc6f59e00] No charmap autodetected, trying the first one
[Parsed_subtitles_6 @ 0000018cc6f59e00] Error getting metadata for embedded font 'courer.fon'
[Parsed_subtitles_6 @ 0000018cc6f59e00] No charmap autodetected, trying the first one
[Parsed_subtitles_6 @ 0000018cc6f59e00] Error getting metadata for embedded font 'courer.fon'
[Parsed_subtitles_6 @ 0000018cc6f59e00] No charmap autodetected, trying the first one
[Parsed_subtitles_6 @ 0000018cc6f59e00] Error getting metadata for embedded font 'couret.fon'
[Parsed_subtitles_6 @ 0000018cc6f59e00] No charmap autodetected, trying the first one
[Parsed_subtitles_6 @ 0000018cc6f59e00] Error getting metadata for embedded font 'couret.fon'
[Parsed_subtitles_6 @ 0000018cc6f59e00] No charmap autodetected, trying the first one
[Parsed_subtitles_6 @ 0000018cc6f59e00] Error getting metadata for embedded font 'couret.fon'
[Parsed_subtitles_6 @ 0000018cc6f59e00] No charmap autodetected, trying the first one
[Parsed_subtitles_6 @ 0000018cc6f59e00] Error getting metadata for embedded font 'courf.fon'
[Parsed_subtitles_6 @ 0000018cc6f59e00] No charmap autodetected, trying the first one
[Parsed_subtitles_6 @ 0000018cc6f59e00] Error getting metadata for embedded font 'courf.fon'
[Parsed_subtitles_6 @ 0000018cc6f59e00] No charmap autodetected, trying the first one
[Parsed_subtitles_6 @ 0000018cc6f59e00] Error getting metadata for embedded font 'courf.fon'
[Parsed_subtitles_6 @ 0000018cc6f59e00] No charmap autodetected, trying the first one
[Parsed_subtitles_6 @ 0000018cc6f59e00] Error getting metadata for embedded font 'courfe.fon'
[Parsed_subtitles_6 @ 0000018cc6f59e00] No charmap autodetected, trying the first one
[Parsed_subtitles_6 @ 0000018cc6f59e00] Error getting metadata for embedded font 'courfe.fon'
[Parsed_subtitles_6 @ 0000018cc6f59e00] No charmap autodetected, trying the first one
[Parsed_subtitles_6 @ 0000018cc6f59e00] Error getting metadata for embedded font 'courfe.fon'
[Parsed_subtitles_6 @ 0000018cc6f59e00] No charmap autodetected, trying the first one
[Parsed_subtitles_6 @ 0000018cc6f59e00] Error getting metadata for embedded font 'courfg.fon'
[Parsed_subtitles_6 @ 0000018cc6f59e00] No charmap autodetected, trying the first one
[Parsed_subtitles_6 @ 0000018cc6f59e00] Error getting metadata for embedded font 'courfg.fon'
[Parsed_subtitles_6 @ 0000018cc6f59e00] No charmap autodetected, trying the first one
[Parsed_subtitles_6 @ 0000018cc6f59e00] Error getting metadata for embedded font 'courfg.fon'
[Parsed_subtitles_6 @ 0000018cc6f59e00] No charmap autodetected, trying the first one
[Parsed_subtitles_6 @ 0000018cc6f59e00] Error getting metadata for embedded font 'courfr.fon'
[Parsed_subtitles_6 @ 0000018cc6f59e00] No charmap autodetected, trying the first one
[Parsed_subtitles_6 @ 0000018cc6f59e00] Error getting metadata for embedded font 'courfr.fon'
[Parsed_subtitles_6 @ 0000018cc6f59e00] No charmap autodetected, trying the first one
[Parsed_subtitles_6 @ 0000018cc6f59e00] Error getting metadata for embedded font 'courfr.fon'
[Parsed_subtitles_6 @ 0000018cc6f59e00] No charmap autodetected, trying the first one
[Parsed_subtitles_6 @ 0000018cc6f59e00] Error getting metadata for embedded font 'courft.fon'
[Parsed_subtitles_6 @ 0000018cc6f59e00] No charmap autodetected, trying the first one
[Parsed_subtitles_6 @ 0000018cc6f59e00] Error getting metadata for embedded font 'courft.fon'
[Parsed_subtitles_6 @ 0000018cc6f59e00] No charmap autodetected, trying the first one
[Parsed_subtitles_6 @ 0000018cc6f59e00] Error getting metadata for embedded font 'courft.fon'
[Parsed_subtitles_6 @ 0000018cc6f59e00] No charmap autodetected, trying the first one
[Parsed_subtitles_6 @ 0000018cc6f59e00] Error getting metadata for embedded font 'cvgafix.fon'
[Parsed_subtitles_6 @ 0000018cc6f59e00] No charmap autodetected, trying the first one
[Parsed_subtitles_6 @ 0000018cc6f59e00] Error getting metadata for embedded font 'cvgasys.fon'
[Parsed_subtitles_6 @ 0000018cc6f59e00] No charmap autodetected, trying the first one
[Parsed_subtitles_6 @ 0000018cc6f59e00] Error getting metadata for embedded font 'cvgasys.fon'
[Parsed_subtitles_6 @ 0000018cc6f59e00] Error opening memory font 'desktop.ini'
[Parsed_subtitles_6 @ 0000018cc6f59e00] No charmap autodetected, trying the first one
[Parsed_subtitles_6 @ 0000018cc6f59e00] Error getting metadata for embedded font 'dos737.fon'
[Parsed_subtitles_6 @ 0000018cc6f59e00] No charmap autodetected, trying the first one
[Parsed_subtitles_6 @ 0000018cc6f59e00] Error getting metadata for embedded font 'dos737.fon'
[Parsed_subtitles_6 @ 0000018cc6f59e00] No charmap autodetected, trying the first one
[Parsed_subtitles_6 @ 0000018cc6f59e00] Error getting metadata for embedded font 'dos737.fon'
[Parsed_subtitles_6 @ 0000018cc6f59e00] No charmap autodetected, trying the first one
[Parsed_subtitles_6 @ 0000018cc6f59e00] Error getting metadata for embedded font 'dos737.fon'
[Parsed_subtitles_6 @ 0000018cc6f59e00] No charmap autodetected, trying the first one
[Parsed_subtitles_6 @ 0000018cc6f59e00] Error getting metadata for embedded font 'dos737.fon'
[Parsed_subtitles_6 @ 0000018cc6f59e00] No charmap autodetected, trying the first one
[Parsed_subtitles_6 @ 0000018cc6f59e00] Error getting metadata for embedded font 'dos737.fon'
[Parsed_subtitles_6 @ 0000018cc6f59e00] No charmap autodetected, trying the first one
[Parsed_subtitles_6 @ 0000018cc6f59e00] Error getting metadata for embedded font 'dos869.fon'
[Parsed_subtitles_6 @ 0000018cc6f59e00] No charmap autodetected, trying the first one
[Parsed_subtitles_6 @ 0000018cc6f59e00] Error getting metadata for embedded font 'dos869.fon'
[Parsed_subtitles_6 @ 0000018cc6f59e00] No charmap autodetected, trying the first one
[Parsed_subtitles_6 @ 0000018cc6f59e00] Error getting metadata for embedded font 'dos869.fon'
[Parsed_subtitles_6 @ 0000018cc6f59e00] No charmap autodetected, trying the first one
[Parsed_subtitles_6 @ 0000018cc6f59e00] Error getting metadata for embedded font 'dos869.fon'
[Parsed_subtitles_6 @ 0000018cc6f59e00] No charmap autodetected, trying the first one
[Parsed_subtitles_6 @ 0000018cc6f59e00] Error getting metadata for embedded font 'dos869.fon'
[Parsed_subtitles_6 @ 0000018cc6f59e00] No charmap autodetected, trying the first one
[Parsed_subtitles_6 @ 0000018cc6f59e00] Error getting metadata for embedded font 'dos869.fon'
[Parsed_subtitles_6 @ 0000018cc6f59e00] No charmap autodetected, trying the first one
[Parsed_subtitles_6 @ 0000018cc6f59e00] Error getting metadata for embedded font 'dosapp.fon'
[Parsed_subtitles_6 @ 0000018cc6f59e00] No charmap autodetected, trying the first one
[Parsed_subtitles_6 @ 0000018cc6f59e00] Error getting metadata for embedded font 'dosapp.fon'
[Parsed_subtitles_6 @ 0000018cc6f59e00] No charmap autodetected, trying the first one
[Parsed_subtitles_6 @ 0000018cc6f59e00] Error getting metadata for embedded font 'dosapp.fon'
[Parsed_subtitles_6 @ 0000018cc6f59e00] No charmap autodetected, trying the first one
[Parsed_subtitles_6 @ 0000018cc6f59e00] Error getting metadata for embedded font 'dosapp.fon'
[Parsed_subtitles_6 @ 0000018cc6f59e00] No charmap autodetected, trying the first one
[Parsed_subtitles_6 @ 0000018cc6f59e00] Error getting metadata for embedded font 'dosapp.fon'
[Parsed_subtitles_6 @ 0000018cc6f59e00] No charmap autodetected, trying the first one
[Parsed_subtitles_6 @ 0000018cc6f59e00] Error getting metadata for embedded font 'dosapp.fon'
[Parsed_subtitles_6 @ 0000018cc6f59e00] No charmap autodetected, trying the first one
[Parsed_subtitles_6 @ 0000018cc6f59e00] Error getting metadata for embedded font 'ega40737.fon'
[Parsed_subtitles_6 @ 0000018cc6f59e00] No charmap autodetected, trying the first one
[Parsed_subtitles_6 @ 0000018cc6f59e00] Error getting metadata for embedded font 'ega40850.fon'
[Parsed_subtitles_6 @ 0000018cc6f59e00] No charmap autodetected, trying the first one
[Parsed_subtitles_6 @ 0000018cc6f59e00] Error getting metadata for embedded font 'ega40852.fon'
[Parsed_subtitles_6 @ 0000018cc6f59e00] No charmap autodetected, trying the first one
[Parsed_subtitles_6 @ 0000018cc6f59e00] Error getting metadata for embedded font 'ega40857.fon'
[Parsed_subtitles_6 @ 0000018cc6f59e00] No charmap autodetected, trying the first one
[Parsed_subtitles_6 @ 0000018cc6f59e00] Error getting metadata for embedded font 'ega40866.fon'
[Parsed_subtitles_6 @ 0000018cc6f59e00] No charmap autodetected, trying the first one
[Parsed_subtitles_6 @ 0000018cc6f59e00] Error getting metadata for embedded font 'ega40869.fon'
[Parsed_subtitles_6 @ 0000018cc6f59e00] No charmap autodetected, trying the first one
[Parsed_subtitles_6 @ 0000018cc6f59e00] Error getting metadata for embedded font 'ega40woa.fon'
[Parsed_subtitles_6 @ 0000018cc6f59e00] No charmap autodetected, trying the first one
[Parsed_subtitles_6 @ 0000018cc6f59e00] Error getting metadata for embedded font 'ega80737.fon'
[Parsed_subtitles_6 @ 0000018cc6f59e00] No charmap autodetected, trying the first one
[Parsed_subtitles_6 @ 0000018cc6f59e00] Error getting metadata for embedded font 'ega80850.fon'
[Parsed_subtitles_6 @ 0000018cc6f59e00] No charmap autodetected, trying the first one
[Parsed_subtitles_6 @ 0000018cc6f59e00] Error getting metadata for embedded font 'ega80852.fon'
[Parsed_subtitles_6 @ 0000018cc6f59e00] No charmap autodetected, trying the first one
[Parsed_subtitles_6 @ 0000018cc6f59e00] Error getting metadata for embedded font 'ega80857.fon'
[Parsed_subtitles_6 @ 0000018cc6f59e00] No charmap autodetected, trying the first one
[Parsed_subtitles_6 @ 0000018cc6f59e00] Error getting metadata for embedded font 'ega80866.fon'
[Parsed_subtitles_6 @ 0000018cc6f59e00] No charmap autodetected, trying the first one
[Parsed_subtitles_6 @ 0000018cc6f59e00] Error getting metadata for embedded font 'ega80869.fon'
[Parsed_subtitles_6 @ 0000018cc6f59e00] No charmap autodetected, trying the first one
[Parsed_subtitles_6 @ 0000018cc6f59e00] Error getting metadata for embedded font 'ega80woa.fon'
[Parsed_subtitles_6 @ 0000018cc6f59e00] Error opening memory font 'fms_metadata.xml'
[Parsed_subtitles_6 @ 0000018cc6f59e00] Error opening memory font 'GlobalMonospace.CompositeFont'
[Parsed_subtitles_6 @ 0000018cc6f59e00] Error opening memory font 'GlobalSansSerif.CompositeFont'
[Parsed_subtitles_6 @ 0000018cc6f59e00] Error opening memory font 'GlobalSerif.CompositeFont'
[Parsed_subtitles_6 @ 0000018cc6f59e00] Error opening memory font 'GlobalUserInterface.CompositeFont'
[Parsed_subtitles_6 @ 0000018cc6f59e00] No charmap autodetected, trying the first one
[Parsed_subtitles_6 @ 0000018cc6f59e00] Error getting metadata for embedded font 'h8514fix.fon'
[Parsed_subtitles_6 @ 0000018cc6f59e00] No charmap autodetected, trying the first one
[Parsed_subtitles_6 @ 0000018cc6f59e00] Error getting metadata for embedded font 'h8514oem.fon'
[Parsed_subtitles_6 @ 0000018cc6f59e00] No charmap autodetected, trying the first one
[Parsed_subtitles_6 @ 0000018cc6f59e00] Error getting metadata for embedded font 'h8514sys.fon'
[Parsed_subtitles_6 @ 0000018cc6f59e00] No charmap autodetected, trying the first one
[Parsed_subtitles_6 @ 0000018cc6f59e00] Error getting metadata for embedded font 'hvgafix.fon'
[Parsed_subtitles_6 @ 0000018cc6f59e00] No charmap autodetected, trying the first one
[Parsed_subtitles_6 @ 0000018cc6f59e00] Error getting metadata for embedded font 'hvgasys.fon'
[Parsed_subtitles_6 @ 0000018cc6f59e00] No charmap autodetected, trying the first one
[Parsed_subtitles_6 @ 0000018cc6f59e00] Error getting metadata for embedded font 'j8514fix.fon'
[Parsed_subtitles_6 @ 0000018cc6f59e00] No charmap autodetected, trying the first one
[Parsed_subtitles_6 @ 0000018cc6f59e00] Error getting metadata for embedded font 'j8514oem.fon'
[Parsed_subtitles_6 @ 0000018cc6f59e00] No charmap autodetected, trying the first one
[Parsed_subtitles_6 @ 0000018cc6f59e00] Error getting metadata for embedded font 'j8514sys.fon'
[Parsed_subtitles_6 @ 0000018cc6f59e00] No charmap autodetected, trying the first one
[Parsed_subtitles_6 @ 0000018cc6f59e00] Error getting metadata for embedded font 'jsmalle.fon'
[Parsed_subtitles_6 @ 0000018cc6f59e00] No charmap autodetected, trying the first one
[Parsed_subtitles_6 @ 0000018cc6f59e00] Error getting metadata for embedded font 'jsmalle.fon'
[Parsed_subtitles_6 @ 0000018cc6f59e00] No charmap autodetected, trying the first one
[Parsed_subtitles_6 @ 0000018cc6f59e00] Error getting metadata for embedded font 'jsmalle.fon'
[Parsed_subtitles_6 @ 0000018cc6f59e00] No charmap autodetected, trying the first one
[Parsed_subtitles_6 @ 0000018cc6f59e00] Error getting metadata for embedded font 'jsmalle.fon'
[Parsed_subtitles_6 @ 0000018cc6f59e00] No charmap autodetected, trying the first one
[Parsed_subtitles_6 @ 0000018cc6f59e00] Error getting metadata for embedded font 'jsmalle.fon'
[Parsed_subtitles_6 @ 0000018cc6f59e00] No charmap autodetected, trying the first one
[Parsed_subtitles_6 @ 0000018cc6f59e00] Error getting metadata for embedded font 'jsmalle.fon'
[Parsed_subtitles_6 @ 0000018cc6f59e00] No charmap autodetected, trying the first one
[Parsed_subtitles_6 @ 0000018cc6f59e00] Error getting metadata for embedded font 'jsmalle.fon'
[Parsed_subtitles_6 @ 0000018cc6f59e00] No charmap autodetected, trying the first one
[Parsed_subtitles_6 @ 0000018cc6f59e00] Error getting metadata for embedded font 'jsmalle.fon'
[Parsed_subtitles_6 @ 0000018cc6f59e00] No charmap autodetected, trying the first one
[Parsed_subtitles_6 @ 0000018cc6f59e00] Error getting metadata for embedded font 'jsmalle.fon'
[Parsed_subtitles_6 @ 0000018cc6f59e00] No charmap autodetected, trying the first one
[Parsed_subtitles_6 @ 0000018cc6f59e00] Error getting metadata for embedded font 'jsmalle.fon'
[Parsed_subtitles_6 @ 0000018cc6f59e00] No charmap autodetected, trying the first one
[Parsed_subtitles_6 @ 0000018cc6f59e00] Error getting metadata for embedded font 'jsmalle.fon'
[Parsed_subtitles_6 @ 0000018cc6f59e00] No charmap autodetected, trying the first one
[Parsed_subtitles_6 @ 0000018cc6f59e00] Error getting metadata for embedded font 'jsmalle.fon'
[Parsed_subtitles_6 @ 0000018cc6f59e00] No charmap autodetected, trying the first one
[Parsed_subtitles_6 @ 0000018cc6f59e00] Error getting metadata for embedded font 'jsmalle.fon'
[Parsed_subtitles_6 @ 0000018cc6f59e00] No charmap autodetected, trying the first one
[Parsed_subtitles_6 @ 0000018cc6f59e00] Error getting metadata for embedded font 'jsmalle.fon'
[Parsed_subtitles_6 @ 0000018cc6f59e00] No charmap autodetected, trying the first one
[Parsed_subtitles_6 @ 0000018cc6f59e00] Error getting metadata for embedded font 'jsmallf.fon'
[Parsed_subtitles_6 @ 0000018cc6f59e00] No charmap autodetected, trying the first one
[Parsed_subtitles_6 @ 0000018cc6f59e00] Error getting metadata for embedded font 'jsmallf.fon'
[Parsed_subtitles_6 @ 0000018cc6f59e00] No charmap autodetected, trying the first one
[Parsed_subtitles_6 @ 0000018cc6f59e00] Error getting metadata for embedded font 'jsmallf.fon'
[Parsed_subtitles_6 @ 0000018cc6f59e00] No charmap autodetected, trying the first one
[Parsed_subtitles_6 @ 0000018cc6f59e00] Error getting metadata for embedded font 'jsmallf.fon'
[Parsed_subtitles_6 @ 0000018cc6f59e00] No charmap autodetected, trying the first one
[Parsed_subtitles_6 @ 0000018cc6f59e00] Error getting metadata for embedded font 'jsmallf.fon'
[Parsed_subtitles_6 @ 0000018cc6f59e00] No charmap autodetected, trying the first one
[Parsed_subtitles_6 @ 0000018cc6f59e00] Error getting metadata for embedded font 'jsmallf.fon'
[Parsed_subtitles_6 @ 0000018cc6f59e00] No charmap autodetected, trying the first one
[Parsed_subtitles_6 @ 0000018cc6f59e00] Error getting metadata for embedded font 'jsmallf.fon'
[Parsed_subtitles_6 @ 0000018cc6f59e00] No charmap autodetected, trying the first one
[Parsed_subtitles_6 @ 0000018cc6f59e00] Error getting metadata for embedded font 'jsmallf.fon'
[Parsed_subtitles_6 @ 0000018cc6f59e00] No charmap autodetected, trying the first one
[Parsed_subtitles_6 @ 0000018cc6f59e00] Error getting metadata for embedded font 'jsmallf.fon'
[Parsed_subtitles_6 @ 0000018cc6f59e00] No charmap autodetected, trying the first one
[Parsed_subtitles_6 @ 0000018cc6f59e00] Error getting metadata for embedded font 'jsmallf.fon'
[Parsed_subtitles_6 @ 0000018cc6f59e00] No charmap autodetected, trying the first one
[Parsed_subtitles_6 @ 0000018cc6f59e00] Error getting metadata for embedded font 'jsmallf.fon'
[Parsed_subtitles_6 @ 0000018cc6f59e00] No charmap autodetected, trying the first one
[Parsed_subtitles_6 @ 0000018cc6f59e00] Error getting metadata for embedded font 'jsmallf.fon'
[Parsed_subtitles_6 @ 0000018cc6f59e00] No charmap autodetected, trying the first one
[Parsed_subtitles_6 @ 0000018cc6f59e00] Error getting metadata for embedded font 'jvgafix.fon'
[Parsed_subtitles_6 @ 0000018cc6f59e00] No charmap autodetected, trying the first one
[Parsed_subtitles_6 @ 0000018cc6f59e00] Error getting metadata for embedded font 'jvgasys.fon'
[Parsed_subtitles_6 @ 0000018cc6f59e00] Error opening memory font 'modern.fon'
[Parsed_subtitles_6 @ 0000018cc6f59e00] Error opening memory font 'roman.fon'
[Parsed_subtitles_6 @ 0000018cc6f59e00] No charmap autodetected, trying the first one
[Parsed_subtitles_6 @ 0000018cc6f59e00] Error getting metadata for embedded font 's8514fix.fon'
[Parsed_subtitles_6 @ 0000018cc6f59e00] No charmap autodetected, trying the first one
[Parsed_subtitles_6 @ 0000018cc6f59e00] Error getting metadata for embedded font 's8514oem.fon'
[Parsed_subtitles_6 @ 0000018cc6f59e00] No charmap autodetected, trying the first one
[Parsed_subtitles_6 @ 0000018cc6f59e00] Error getting metadata for embedded font 's8514sys.fon'
[Parsed_subtitles_6 @ 0000018cc6f59e00] No charmap autodetected, trying the first one
[Parsed_subtitles_6 @ 0000018cc6f59e00] Error getting metadata for embedded font 's8514sys.fon'
[Parsed_subtitles_6 @ 0000018cc6f59e00] Error opening memory font 'script.fon'
[Parsed_subtitles_6 @ 0000018cc6f59e00] No charmap autodetected, trying the first one
[Parsed_subtitles_6 @ 0000018cc6f59e00] Error getting metadata for embedded font 'sere1255.fon'
[Parsed_subtitles_6 @ 0000018cc6f59e00] No charmap autodetected, trying the first one
[Parsed_subtitles_6 @ 0000018cc6f59e00] Error getting metadata for embedded font 'sere1255.fon'
[Parsed_subtitles_6 @ 0000018cc6f59e00] No charmap autodetected, trying the first one
[Parsed_subtitles_6 @ 0000018cc6f59e00] Error getting metadata for embedded font 'sere1255.fon'
[Parsed_subtitles_6 @ 0000018cc6f59e00] No charmap autodetected, trying the first one
[Parsed_subtitles_6 @ 0000018cc6f59e00] Error getting metadata for embedded font 'sere1255.fon'
[Parsed_subtitles_6 @ 0000018cc6f59e00] No charmap autodetected, trying the first one
[Parsed_subtitles_6 @ 0000018cc6f59e00] Error getting metadata for embedded font 'sere1255.fon'
[Parsed_subtitles_6 @ 0000018cc6f59e00] No charmap autodetected, trying the first one
[Parsed_subtitles_6 @ 0000018cc6f59e00] Error getting metadata for embedded font 'sere1255.fon'
[Parsed_subtitles_6 @ 0000018cc6f59e00] No charmap autodetected, trying the first one
[Parsed_subtitles_6 @ 0000018cc6f59e00] Error getting metadata for embedded font 'sere1256.fon'
[Parsed_subtitles_6 @ 0000018cc6f59e00] No charmap autodetected, trying the first one
[Parsed_subtitles_6 @ 0000018cc6f59e00] Error getting metadata for embedded font 'sere1256.fon'
[Parsed_subtitles_6 @ 0000018cc6f59e00] No charmap autodetected, trying the first one
[Parsed_subtitles_6 @ 0000018cc6f59e00] Error getting metadata for embedded font 'sere1256.fon'
[Parsed_subtitles_6 @ 0000018cc6f59e00] No charmap autodetected, trying the first one
[Parsed_subtitles_6 @ 0000018cc6f59e00] Error getting metadata for embedded font 'sere1256.fon'
[Parsed_subtitles_6 @ 0000018cc6f59e00] No charmap autodetected, trying the first one
[Parsed_subtitles_6 @ 0000018cc6f59e00] Error getting metadata for embedded font 'sere1256.fon'
[Parsed_subtitles_6 @ 0000018cc6f59e00] No charmap autodetected, trying the first one
[Parsed_subtitles_6 @ 0000018cc6f59e00] Error getting metadata for embedded font 'sere1256.fon'
[Parsed_subtitles_6 @ 0000018cc6f59e00] No charmap autodetected, trying the first one
[Parsed_subtitles_6 @ 0000018cc6f59e00] Error getting metadata for embedded font 'sere1257.fon'
[Parsed_subtitles_6 @ 0000018cc6f59e00] No charmap autodetected, trying the first one
[Parsed_subtitles_6 @ 0000018cc6f59e00] Error getting metadata for embedded font 'sere1257.fon'
[Parsed_subtitles_6 @ 0000018cc6f59e00] No charmap autodetected, trying the first one
[Parsed_subtitles_6 @ 0000018cc6f59e00] Error getting metadata for embedded font 'sere1257.fon'
[Parsed_subtitles_6 @ 0000018cc6f59e00] No charmap autodetected, trying the first one
[Parsed_subtitles_6 @ 0000018cc6f59e00] Error getting metadata for embedded font 'sere1257.fon'
[Parsed_subtitles_6 @ 0000018cc6f59e00] No charmap autodetected, trying the first one
[Parsed_subtitles_6 @ 0000018cc6f59e00] Error getting metadata for embedded font 'sere1257.fon'
[Parsed_subtitles_6 @ 0000018cc6f59e00] No charmap autodetected, trying the first one
[Parsed_subtitles_6 @ 0000018cc6f59e00] Error getting metadata for embedded font 'sere1257.fon'
[Parsed_subtitles_6 @ 0000018cc6f59e00] No charmap autodetected, trying the first one
[Parsed_subtitles_6 @ 0000018cc6f59e00] Error getting metadata for embedded font 'serf1255.fon'
[Parsed_subtitles_6 @ 0000018cc6f59e00] No charmap autodetected, trying the first one
[Parsed_subtitles_6 @ 0000018cc6f59e00] Error getting metadata for embedded font 'serf1255.fon'
[Parsed_subtitles_6 @ 0000018cc6f59e00] No charmap autodetected, trying the first one
[Parsed_subtitles_6 @ 0000018cc6f59e00] Error getting metadata for embedded font 'serf1255.fon'
[Parsed_subtitles_6 @ 0000018cc6f59e00] No charmap autodetected, trying the first one
[Parsed_subtitles_6 @ 0000018cc6f59e00] Error getting metadata for embedded font 'serf1255.fon'
[Parsed_subtitles_6 @ 0000018cc6f59e00] No charmap autodetected, trying the first one
[Parsed_subtitles_6 @ 0000018cc6f59e00] Error getting metadata for embedded font 'serf1255.fon'
[Parsed_subtitles_6 @ 0000018cc6f59e00] No charmap autodetected, trying the first one
[Parsed_subtitles_6 @ 0000018cc6f59e00] Error getting metadata for embedded font 'serf1255.fon'
[Parsed_subtitles_6 @ 0000018cc6f59e00] No charmap autodetected, trying the first one
[Parsed_subtitles_6 @ 0000018cc6f59e00] Error getting metadata for embedded font 'serf1256.fon'
[Parsed_subtitles_6 @ 0000018cc6f59e00] No charmap autodetected, trying the first one
[Parsed_subtitles_6 @ 0000018cc6f59e00] Error getting metadata for embedded font 'serf1256.fon'
[Parsed_subtitles_6 @ 0000018cc6f59e00] No charmap autodetected, trying the first one
[Parsed_subtitles_6 @ 0000018cc6f59e00] Error getting metadata for embedded font 'serf1256.fon'
[Parsed_subtitles_6 @ 0000018cc6f59e00] No charmap autodetected, trying the first one
[Parsed_subtitles_6 @ 0000018cc6f59e00] Error getting metadata for embedded font 'serf1256.fon'
[Parsed_subtitles_6 @ 0000018cc6f59e00] No charmap autodetected, trying the first one
[Parsed_subtitles_6 @ 0000018cc6f59e00] Error getting metadata for embedded font 'serf1256.fon'
[Parsed_subtitles_6 @ 0000018cc6f59e00] No charmap autodetected, trying the first one
[Parsed_subtitles_6 @ 0000018cc6f59e00] Error getting metadata for embedded font 'serf1256.fon'
[Parsed_subtitles_6 @ 0000018cc6f59e00] No charmap autodetected, trying the first one
[Parsed_subtitles_6 @ 0000018cc6f59e00] Error getting metadata for embedded font 'serf1257.fon'
[Parsed_subtitles_6 @ 0000018cc6f59e00] No charmap autodetected, trying the first one
[Parsed_subtitles_6 @ 0000018cc6f59e00] Error getting metadata for embedded font 'serf1257.fon'
[Parsed_subtitles_6 @ 0000018cc6f59e00] No charmap autodetected, trying the first one
[Parsed_subtitles_6 @ 0000018cc6f59e00] Error getting metadata for embedded font 'serf1257.fon'
[Parsed_subtitles_6 @ 0000018cc6f59e00] No charmap autodetected, trying the first one
[Parsed_subtitles_6 @ 0000018cc6f59e00] Error getting metadata for embedded font 'serf1257.fon'
[Parsed_subtitles_6 @ 0000018cc6f59e00] No charmap autodetected, trying the first one
[Parsed_subtitles_6 @ 0000018cc6f59e00] Error getting metadata for embedded font 'serf1257.fon'
[Parsed_subtitles_6 @ 0000018cc6f59e00] No charmap autodetected, trying the first one
[Parsed_subtitles_6 @ 0000018cc6f59e00] Error getting metadata for embedded font 'serf1257.fon'
[Parsed_subtitles_6 @ 0000018cc6f59e00] No charmap autodetected, trying the first one
[Parsed_subtitles_6 @ 0000018cc6f59e00] Error getting metadata for embedded font 'serife.fon'
[Parsed_subtitles_6 @ 0000018cc6f59e00] No charmap autodetected, trying the first one
[Parsed_subtitles_6 @ 0000018cc6f59e00] Error getting metadata for embedded font 'serife.fon'
[Parsed_subtitles_6 @ 0000018cc6f59e00] No charmap autodetected, trying the first one
[Parsed_subtitles_6 @ 0000018cc6f59e00] Error getting metadata for embedded font 'serife.fon'
[Parsed_subtitles_6 @ 0000018cc6f59e00] No charmap autodetected, trying the first one
[Parsed_subtitles_6 @ 0000018cc6f59e00] Error getting metadata for embedded font 'serife.fon'
[Parsed_subtitles_6 @ 0000018cc6f59e00] No charmap autodetected, trying the first one
[Parsed_subtitles_6 @ 0000018cc6f59e00] Error getting metadata for embedded font 'serife.fon'
[Parsed_subtitles_6 @ 0000018cc6f59e00] No charmap autodetected, trying the first one
[Parsed_subtitles_6 @ 0000018cc6f59e00] Error getting metadata for embedded font 'serife.fon'
[Parsed_subtitles_6 @ 0000018cc6f59e00] No charmap autodetected, trying the first one
[Parsed_subtitles_6 @ 0000018cc6f59e00] Error getting metadata for embedded font 'serifee.fon'
[Parsed_subtitles_6 @ 0000018cc6f59e00] No charmap autodetected, trying the first one
[Parsed_subtitles_6 @ 0000018cc6f59e00] Error getting metadata for embedded font 'serifee.fon'
[Parsed_subtitles_6 @ 0000018cc6f59e00] No charmap autodetected, trying the first one
[Parsed_subtitles_6 @ 0000018cc6f59e00] Error getting metadata for embedded font 'serifee.fon'
[Parsed_subtitles_6 @ 0000018cc6f59e00] No charmap autodetected, trying the first one
[Parsed_subtitles_6 @ 0000018cc6f59e00] Error getting metadata for embedded font 'serifee.fon'
[Parsed_subtitles_6 @ 0000018cc6f59e00] No charmap autodetected, trying the first one
[Parsed_subtitles_6 @ 0000018cc6f59e00] Error getting metadata for embedded font 'serifee.fon'
[Parsed_subtitles_6 @ 0000018cc6f59e00] No charmap autodetected, trying the first one
[Parsed_subtitles_6 @ 0000018cc6f59e00] Error getting metadata for embedded font 'serifee.fon'
[Parsed_subtitles_6 @ 0000018cc6f59e00] No charmap autodetected, trying the first one
[Parsed_subtitles_6 @ 0000018cc6f59e00] Error getting metadata for embedded font 'serifeg.fon'
[Parsed_subtitles_6 @ 0000018cc6f59e00] No charmap autodetected, trying the first one
[Parsed_subtitles_6 @ 0000018cc6f59e00] Error getting metadata for embedded font 'serifeg.fon'
[Parsed_subtitles_6 @ 0000018cc6f59e00] No charmap autodetected, trying the first one
[Parsed_subtitles_6 @ 0000018cc6f59e00] Error getting metadata for embedded font 'serifeg.fon'
[Parsed_subtitles_6 @ 0000018cc6f59e00] No charmap autodetected, trying the first one
[Parsed_subtitles_6 @ 0000018cc6f59e00] Error getting metadata for embedded font 'serifeg.fon'
[Parsed_subtitles_6 @ 0000018cc6f59e00] No charmap autodetected, trying the first one
[Parsed_subtitles_6 @ 0000018cc6f59e00] Error getting metadata for embedded font 'serifeg.fon'
[Parsed_subtitles_6 @ 0000018cc6f59e00] No charmap autodetected, trying the first one
[Parsed_subtitles_6 @ 0000018cc6f59e00] Error getting metadata for embedded font 'serifeg.fon'
[Parsed_subtitles_6 @ 0000018cc6f59e00] No charmap autodetected, trying the first one
[Parsed_subtitles_6 @ 0000018cc6f59e00] Error getting metadata for embedded font 'serifer.fon'
[Parsed_subtitles_6 @ 0000018cc6f59e00] No charmap autodetected, trying the first one
[Parsed_subtitles_6 @ 0000018cc6f59e00] Error getting metadata for embedded font 'serifer.fon'
[Parsed_subtitles_6 @ 0000018cc6f59e00] No charmap autodetected, trying the first one
[Parsed_subtitles_6 @ 0000018cc6f59e00] Error getting metadata for embedded font 'serifer.fon'
[Parsed_subtitles_6 @ 0000018cc6f59e00] No charmap autodetected, trying the first one
[Parsed_subtitles_6 @ 0000018cc6f59e00] Error getting metadata for embedded font 'serifer.fon'
[Parsed_subtitles_6 @ 0000018cc6f59e00] No charmap autodetected, trying the first one
[Parsed_subtitles_6 @ 0000018cc6f59e00] Error getting metadata for embedded font 'serifer.fon'
[Parsed_subtitles_6 @ 0000018cc6f59e00] No charmap autodetected, trying the first one
[Parsed_subtitles_6 @ 0000018cc6f59e00] Error getting metadata for embedded font 'serifer.fon'
[Parsed_subtitles_6 @ 0000018cc6f59e00] No charmap autodetected, trying the first one
[Parsed_subtitles_6 @ 0000018cc6f59e00] Error getting metadata for embedded font 'serifet.fon'
[Parsed_subtitles_6 @ 0000018cc6f59e00] No charmap autodetected, trying the first one
[Parsed_subtitles_6 @ 0000018cc6f59e00] Error getting metadata for embedded font 'serifet.fon'
[Parsed_subtitles_6 @ 0000018cc6f59e00] No charmap autodetected, trying the first one
[Parsed_subtitles_6 @ 0000018cc6f59e00] Error getting metadata for embedded font 'serifet.fon'
[Parsed_subtitles_6 @ 0000018cc6f59e00] No charmap autodetected, trying the first one
[Parsed_subtitles_6 @ 0000018cc6f59e00] Error getting metadata for embedded font 'serifet.fon'
[Parsed_subtitles_6 @ 0000018cc6f59e00] No charmap autodetected, trying the first one
[Parsed_subtitles_6 @ 0000018cc6f59e00] Error getting metadata for embedded font 'serifet.fon'
[Parsed_subtitles_6 @ 0000018cc6f59e00] No charmap autodetected, trying the first one
[Parsed_subtitles_6 @ 0000018cc6f59e00] Error getting metadata for embedded font 'serifet.fon'
[Parsed_subtitles_6 @ 0000018cc6f59e00] No charmap autodetected, trying the first one
[Parsed_subtitles_6 @ 0000018cc6f59e00] Error getting metadata for embedded font 'seriff.fon'
[Parsed_subtitles_6 @ 0000018cc6f59e00] No charmap autodetected, trying the first one
[Parsed_subtitles_6 @ 0000018cc6f59e00] Error getting metadata for embedded font 'seriff.fon'
[Parsed_subtitles_6 @ 0000018cc6f59e00] No charmap autodetected, trying the first one
[Parsed_subtitles_6 @ 0000018cc6f59e00] Error getting metadata for embedded font 'seriff.fon'
[Parsed_subtitles_6 @ 0000018cc6f59e00] No charmap autodetected, trying the first one
[Parsed_subtitles_6 @ 0000018cc6f59e00] Error getting metadata for embedded font 'seriff.fon'
[Parsed_subtitles_6 @ 0000018cc6f59e00] No charmap autodetected, trying the first one
[Parsed_subtitles_6 @ 0000018cc6f59e00] Error getting metadata for embedded font 'seriff.fon'
[Parsed_subtitles_6 @ 0000018cc6f59e00] No charmap autodetected, trying the first one
[Parsed_subtitles_6 @ 0000018cc6f59e00] Error getting metadata for embedded font 'seriff.fon'
[Parsed_subtitles_6 @ 0000018cc6f59e00] No charmap autodetected, trying the first one
[Parsed_subtitles_6 @ 0000018cc6f59e00] Error getting metadata for embedded font 'seriffe.fon'
[Parsed_subtitles_6 @ 0000018cc6f59e00] No charmap autodetected, trying the first one
[Parsed_subtitles_6 @ 0000018cc6f59e00] Error getting metadata for embedded font 'seriffe.fon'
[Parsed_subtitles_6 @ 0000018cc6f59e00] No charmap autodetected, trying the first one
[Parsed_subtitles_6 @ 0000018cc6f59e00] Error getting metadata for embedded font 'seriffe.fon'
[Parsed_subtitles_6 @ 0000018cc6f59e00] No charmap autodetected, trying the first one
[Parsed_subtitles_6 @ 0000018cc6f59e00] Error getting metadata for embedded font 'seriffe.fon'
[Parsed_subtitles_6 @ 0000018cc6f59e00] No charmap autodetected, trying the first one
[Parsed_subtitles_6 @ 0000018cc6f59e00] Error getting metadata for embedded font 'seriffe.fon'
[Parsed_subtitles_6 @ 0000018cc6f59e00] No charmap autodetected, trying the first one
[Parsed_subtitles_6 @ 0000018cc6f59e00] Error getting metadata for embedded font 'seriffe.fon'
[Parsed_subtitles_6 @ 0000018cc6f59e00] No charmap autodetected, trying the first one
[Parsed_subtitles_6 @ 0000018cc6f59e00] Error getting metadata for embedded font 'seriffg.fon'
[Parsed_subtitles_6 @ 0000018cc6f59e00] No charmap autodetected, trying the first one
[Parsed_subtitles_6 @ 0000018cc6f59e00] Error getting metadata for embedded font 'seriffg.fon'
[Parsed_subtitles_6 @ 0000018cc6f59e00] No charmap autodetected, trying the first one
[Parsed_subtitles_6 @ 0000018cc6f59e00] Error getting metadata for embedded font 'seriffg.fon'
[Parsed_subtitles_6 @ 0000018cc6f59e00] No charmap autodetected, trying the first one
[Parsed_subtitles_6 @ 0000018cc6f59e00] Error getting metadata for embedded font 'seriffg.fon'
[Parsed_subtitles_6 @ 0000018cc6f59e00] No charmap autodetected, trying the first one
[Parsed_subtitles_6 @ 0000018cc6f59e00] Error getting metadata for embedded font 'seriffg.fon'
[Parsed_subtitles_6 @ 0000018cc6f59e00] No charmap autodetected, trying the first one
[Parsed_subtitles_6 @ 0000018cc6f59e00] Error getting metadata for embedded font 'seriffg.fon'
[Parsed_subtitles_6 @ 0000018cc6f59e00] No charmap autodetected, trying the first one
[Parsed_subtitles_6 @ 0000018cc6f59e00] Error getting metadata for embedded font 'seriffr.fon'
[Parsed_subtitles_6 @ 0000018cc6f59e00] No charmap autodetected, trying the first one
[Parsed_subtitles_6 @ 0000018cc6f59e00] Error getting metadata for embedded font 'seriffr.fon'
[Parsed_subtitles_6 @ 0000018cc6f59e00] No charmap autodetected, trying the first one
[Parsed_subtitles_6 @ 0000018cc6f59e00] Error getting metadata for embedded font 'seriffr.fon'
[Parsed_subtitles_6 @ 0000018cc6f59e00] No charmap autodetected, trying the first one
[Parsed_subtitles_6 @ 0000018cc6f59e00] Error getting metadata for embedded font 'seriffr.fon'
[Parsed_subtitles_6 @ 0000018cc6f59e00] No charmap autodetected, trying the first one
[Parsed_subtitles_6 @ 0000018cc6f59e00] Error getting metadata for embedded font 'seriffr.fon'
[Parsed_subtitles_6 @ 0000018cc6f59e00] No charmap autodetected, trying the first one
[Parsed_subtitles_6 @ 0000018cc6f59e00] Error getting metadata for embedded font 'seriffr.fon'
[Parsed_subtitles_6 @ 0000018cc6f59e00] No charmap autodetected, trying the first one
[Parsed_subtitles_6 @ 0000018cc6f59e00] Error getting metadata for embedded font 'serifft.fon'
[Parsed_subtitles_6 @ 0000018cc6f59e00] No charmap autodetected, trying the first one
[Parsed_subtitles_6 @ 0000018cc6f59e00] Error getting metadata for embedded font 'serifft.fon'
[Parsed_subtitles_6 @ 0000018cc6f59e00] No charmap autodetected, trying the first one
[Parsed_subtitles_6 @ 0000018cc6f59e00] Error getting metadata for embedded font 'serifft.fon'
[Parsed_subtitles_6 @ 0000018cc6f59e00] No charmap autodetected, trying the first one
[Parsed_subtitles_6 @ 0000018cc6f59e00] Error getting metadata for embedded font 'serifft.fon'
[Parsed_subtitles_6 @ 0000018cc6f59e00] No charmap autodetected, trying the first one
[Parsed_subtitles_6 @ 0000018cc6f59e00] Error getting metadata for embedded font 'serifft.fon'
[Parsed_subtitles_6 @ 0000018cc6f59e00] No charmap autodetected, trying the first one
[Parsed_subtitles_6 @ 0000018cc6f59e00] Error getting metadata for embedded font 'serifft.fon'
[Parsed_subtitles_6 @ 0000018cc6f59e00] No charmap autodetected, trying the first one
[Parsed_subtitles_6 @ 0000018cc6f59e00] Error getting metadata for embedded font 'smae1255.fon'
[Parsed_subtitles_6 @ 0000018cc6f59e00] No charmap autodetected, trying the first one
[Parsed_subtitles_6 @ 0000018cc6f59e00] Error getting metadata for embedded font 'smae1255.fon'
[Parsed_subtitles_6 @ 0000018cc6f59e00] No charmap autodetected, trying the first one
[Parsed_subtitles_6 @ 0000018cc6f59e00] Error getting metadata for embedded font 'smae1255.fon'
[Parsed_subtitles_6 @ 0000018cc6f59e00] No charmap autodetected, trying the first one
[Parsed_subtitles_6 @ 0000018cc6f59e00] Error getting metadata for embedded font 'smae1255.fon'
[Parsed_subtitles_6 @ 0000018cc6f59e00] No charmap autodetected, trying the first one
[Parsed_subtitles_6 @ 0000018cc6f59e00] Error getting metadata for embedded font 'smae1255.fon'
[Parsed_subtitles_6 @ 0000018cc6f59e00] No charmap autodetected, trying the first one
[Parsed_subtitles_6 @ 0000018cc6f59e00] Error getting metadata for embedded font 'smae1255.fon'
[Parsed_subtitles_6 @ 0000018cc6f59e00] No charmap autodetected, trying the first one
[Parsed_subtitles_6 @ 0000018cc6f59e00] Error getting metadata for embedded font 'smae1255.fon'
[Parsed_subtitles_6 @ 0000018cc6f59e00] No charmap autodetected, trying the first one
[Parsed_subtitles_6 @ 0000018cc6f59e00] Error getting metadata for embedded font 'smae1255.fon'
[Parsed_subtitles_6 @ 0000018cc6f59e00] No charmap autodetected, trying the first one
[Parsed_subtitles_6 @ 0000018cc6f59e00] Error getting metadata for embedded font 'smae1256.fon'
[Parsed_subtitles_6 @ 0000018cc6f59e00] No charmap autodetected, trying the first one
[Parsed_subtitles_6 @ 0000018cc6f59e00] Error getting metadata for embedded font 'smae1256.fon'
[Parsed_subtitles_6 @ 0000018cc6f59e00] No charmap autodetected, trying the first one
[Parsed_subtitles_6 @ 0000018cc6f59e00] Error getting metadata for embedded font 'smae1256.fon'
[Parsed_subtitles_6 @ 0000018cc6f59e00] No charmap autodetected, trying the first one
[Parsed_subtitles_6 @ 0000018cc6f59e00] Error getting metadata for embedded font 'smae1256.fon'
[Parsed_subtitles_6 @ 0000018cc6f59e00] No charmap autodetected, trying the first one
[Parsed_subtitles_6 @ 0000018cc6f59e00] Error getting metadata for embedded font 'smae1256.fon'
[Parsed_subtitles_6 @ 0000018cc6f59e00] No charmap autodetected, trying the first one
[Parsed_subtitles_6 @ 0000018cc6f59e00] Error getting metadata for embedded font 'smae1256.fon'
[Parsed_subtitles_6 @ 0000018cc6f59e00] No charmap autodetected, trying the first one
[Parsed_subtitles_6 @ 0000018cc6f59e00] Error getting metadata for embedded font 'smae1256.fon'
[Parsed_subtitles_6 @ 0000018cc6f59e00] No charmap autodetected, trying the first one
[Parsed_subtitles_6 @ 0000018cc6f59e00] Error getting metadata for embedded font 'smae1256.fon'
[Parsed_subtitles_6 @ 0000018cc6f59e00] No charmap autodetected, trying the first one
[Parsed_subtitles_6 @ 0000018cc6f59e00] Error getting metadata for embedded font 'smae1256.fon'
[Parsed_subtitles_6 @ 0000018cc6f59e00] No charmap autodetected, trying the first one
[Parsed_subtitles_6 @ 0000018cc6f59e00] Error getting metadata for embedded font 'smae1256.fon'
[Parsed_subtitles_6 @ 0000018cc6f59e00] No charmap autodetected, trying the first one
[Parsed_subtitles_6 @ 0000018cc6f59e00] Error getting metadata for embedded font 'smae1257.fon'
[Parsed_subtitles_6 @ 0000018cc6f59e00] No charmap autodetected, trying the first one
[Parsed_subtitles_6 @ 0000018cc6f59e00] Error getting metadata for embedded font 'smae1257.fon'
[Parsed_subtitles_6 @ 0000018cc6f59e00] No charmap autodetected, trying the first one
[Parsed_subtitles_6 @ 0000018cc6f59e00] Error getting metadata for embedded font 'smae1257.fon'
[Parsed_subtitles_6 @ 0000018cc6f59e00] No charmap autodetected, trying the first one
[Parsed_subtitles_6 @ 0000018cc6f59e00] Error getting metadata for embedded font 'smae1257.fon'
[Parsed_subtitles_6 @ 0000018cc6f59e00] No charmap autodetected, trying the first one
[Parsed_subtitles_6 @ 0000018cc6f59e00] Error getting metadata for embedded font 'smae1257.fon'
[Parsed_subtitles_6 @ 0000018cc6f59e00] No charmap autodetected, trying the first one
[Parsed_subtitles_6 @ 0000018cc6f59e00] Error getting metadata for embedded font 'smae1257.fon'
[Parsed_subtitles_6 @ 0000018cc6f59e00] No charmap autodetected, trying the first one
[Parsed_subtitles_6 @ 0000018cc6f59e00] Error getting metadata for embedded font 'smae1257.fon'
[Parsed_subtitles_6 @ 0000018cc6f59e00] No charmap autodetected, trying the first one
[Parsed_subtitles_6 @ 0000018cc6f59e00] Error getting metadata for embedded font 'smae1257.fon'
[Parsed_subtitles_6 @ 0000018cc6f59e00] No charmap autodetected, trying the first one
[Parsed_subtitles_6 @ 0000018cc6f59e00] Error getting metadata for embedded font 'smaf1255.fon'
[Parsed_subtitles_6 @ 0000018cc6f59e00] No charmap autodetected, trying the first one
[Parsed_subtitles_6 @ 0000018cc6f59e00] Error getting metadata for embedded font 'smaf1255.fon'
[Parsed_subtitles_6 @ 0000018cc6f59e00] No charmap autodetected, trying the first one
[Parsed_subtitles_6 @ 0000018cc6f59e00] Error getting metadata for embedded font 'smaf1255.fon'
[Parsed_subtitles_6 @ 0000018cc6f59e00] No charmap autodetected, trying the first one
[Parsed_subtitles_6 @ 0000018cc6f59e00] Error getting metadata for embedded font 'smaf1255.fon'
[Parsed_subtitles_6 @ 0000018cc6f59e00] No charmap autodetected, trying the first one
[Parsed_subtitles_6 @ 0000018cc6f59e00] Error getting metadata for embedded font 'smaf1255.fon'
[Parsed_subtitles_6 @ 0000018cc6f59e00] No charmap autodetected, trying the first one
[Parsed_subtitles_6 @ 0000018cc6f59e00] Error getting metadata for embedded font 'smaf1255.fon'
[Parsed_subtitles_6 @ 0000018cc6f59e00] No charmap autodetected, trying the first one
[Parsed_subtitles_6 @ 0000018cc6f59e00] Error getting metadata for embedded font 'smaf1256.fon'
[Parsed_subtitles_6 @ 0000018cc6f59e00] No charmap autodetected, trying the first one
[Parsed_subtitles_6 @ 0000018cc6f59e00] Error getting metadata for embedded font 'smaf1256.fon'
[Parsed_subtitles_6 @ 0000018cc6f59e00] No charmap autodetected, trying the first one
[Parsed_subtitles_6 @ 0000018cc6f59e00] Error getting metadata for embedded font 'smaf1256.fon'
[Parsed_subtitles_6 @ 0000018cc6f59e00] No charmap autodetected, trying the first one
[Parsed_subtitles_6 @ 0000018cc6f59e00] Error getting metadata for embedded font 'smaf1256.fon'
[Parsed_subtitles_6 @ 0000018cc6f59e00] No charmap autodetected, trying the first one
[Parsed_subtitles_6 @ 0000018cc6f59e00] Error getting metadata for embedded font 'smaf1256.fon'
[Parsed_subtitles_6 @ 0000018cc6f59e00] No charmap autodetected, trying the first one
[Parsed_subtitles_6 @ 0000018cc6f59e00] Error getting metadata for embedded font 'smaf1256.fon'
[Parsed_subtitles_6 @ 0000018cc6f59e00] No charmap autodetected, trying the first one
[Parsed_subtitles_6 @ 0000018cc6f59e00] Error getting metadata for embedded font 'smaf1256.fon'
[Parsed_subtitles_6 @ 0000018cc6f59e00] No charmap autodetected, trying the first one
[Parsed_subtitles_6 @ 0000018cc6f59e00] Error getting metadata for embedded font 'smaf1256.fon'
[Parsed_subtitles_6 @ 0000018cc6f59e00] No charmap autodetected, trying the first one
[Parsed_subtitles_6 @ 0000018cc6f59e00] Error getting metadata for embedded font 'smaf1256.fon'
[Parsed_subtitles_6 @ 0000018cc6f59e00] No charmap autodetected, trying the first one
[Parsed_subtitles_6 @ 0000018cc6f59e00] Error getting metadata for embedded font 'smaf1256.fon'
[Parsed_subtitles_6 @ 0000018cc6f59e00] No charmap autodetected, trying the first one
[Parsed_subtitles_6 @ 0000018cc6f59e00] Error getting metadata for embedded font 'smaf1257.fon'
[Parsed_subtitles_6 @ 0000018cc6f59e00] No charmap autodetected, trying the first one
[Parsed_subtitles_6 @ 0000018cc6f59e00] Error getting metadata for embedded font 'smaf1257.fon'
[Parsed_subtitles_6 @ 0000018cc6f59e00] No charmap autodetected, trying the first one
[Parsed_subtitles_6 @ 0000018cc6f59e00] Error getting metadata for embedded font 'smaf1257.fon'
[Parsed_subtitles_6 @ 0000018cc6f59e00] No charmap autodetected, trying the first one
[Parsed_subtitles_6 @ 0000018cc6f59e00] Error getting metadata for embedded font 'smaf1257.fon'
[Parsed_subtitles_6 @ 0000018cc6f59e00] No charmap autodetected, trying the first one
[Parsed_subtitles_6 @ 0000018cc6f59e00] Error getting metadata for embedded font 'smaf1257.fon'
[Parsed_subtitles_6 @ 0000018cc6f59e00] No charmap autodetected, trying the first one
[Parsed_subtitles_6 @ 0000018cc6f59e00] Error getting metadata for embedded font 'smaf1257.fon'
[Parsed_subtitles_6 @ 0000018cc6f59e00] No charmap autodetected, trying the first one
[Parsed_subtitles_6 @ 0000018cc6f59e00] Error getting metadata for embedded font 'smalle.fon'
[Parsed_subtitles_6 @ 0000018cc6f59e00] No charmap autodetected, trying the first one
[Parsed_subtitles_6 @ 0000018cc6f59e00] Error getting metadata for embedded font 'smalle.fon'
[Parsed_subtitles_6 @ 0000018cc6f59e00] No charmap autodetected, trying the first one
[Parsed_subtitles_6 @ 0000018cc6f59e00] Error getting metadata for embedded font 'smalle.fon'
[Parsed_subtitles_6 @ 0000018cc6f59e00] No charmap autodetected, trying the first one
[Parsed_subtitles_6 @ 0000018cc6f59e00] Error getting metadata for embedded font 'smalle.fon'
[Parsed_subtitles_6 @ 0000018cc6f59e00] No charmap autodetected, trying the first one
[Parsed_subtitles_6 @ 0000018cc6f59e00] Error getting metadata for embedded font 'smalle.fon'
[Parsed_subtitles_6 @ 0000018cc6f59e00] No charmap autodetected, trying the first one
[Parsed_subtitles_6 @ 0000018cc6f59e00] Error getting metadata for embedded font 'smalle.fon'
[Parsed_subtitles_6 @ 0000018cc6f59e00] No charmap autodetected, trying the first one
[Parsed_subtitles_6 @ 0000018cc6f59e00] Error getting metadata for embedded font 'smalle.fon'
[Parsed_subtitles_6 @ 0000018cc6f59e00] No charmap autodetected, trying the first one
[Parsed_subtitles_6 @ 0000018cc6f59e00] Error getting metadata for embedded font 'smalle.fon'
[Parsed_subtitles_6 @ 0000018cc6f59e00] No charmap autodetected, trying the first one
[Parsed_subtitles_6 @ 0000018cc6f59e00] Error getting metadata for embedded font 'smallee.fon'
[Parsed_subtitles_6 @ 0000018cc6f59e00] No charmap autodetected, trying the first one
[Parsed_subtitles_6 @ 0000018cc6f59e00] Error getting metadata for embedded font 'smallee.fon'
[Parsed_subtitles_6 @ 0000018cc6f59e00] No charmap autodetected, trying the first one
[Parsed_subtitles_6 @ 0000018cc6f59e00] Error getting metadata for embedded font 'smallee.fon'
[Parsed_subtitles_6 @ 0000018cc6f59e00] No charmap autodetected, trying the first one
[Parsed_subtitles_6 @ 0000018cc6f59e00] Error getting metadata for embedded font 'smallee.fon'
[Parsed_subtitles_6 @ 0000018cc6f59e00] No charmap autodetected, trying the first one
[Parsed_subtitles_6 @ 0000018cc6f59e00] Error getting metadata for embedded font 'smallee.fon'
[Parsed_subtitles_6 @ 0000018cc6f59e00] No charmap autodetected, trying the first one
[Parsed_subtitles_6 @ 0000018cc6f59e00] Error getting metadata for embedded font 'smallee.fon'
[Parsed_subtitles_6 @ 0000018cc6f59e00] No charmap autodetected, trying the first one
[Parsed_subtitles_6 @ 0000018cc6f59e00] Error getting metadata for embedded font 'smallee.fon'
[Parsed_subtitles_6 @ 0000018cc6f59e00] No charmap autodetected, trying the first one
[Parsed_subtitles_6 @ 0000018cc6f59e00] Error getting metadata for embedded font 'smallee.fon'
[Parsed_subtitles_6 @ 0000018cc6f59e00] No charmap autodetected, trying the first one
[Parsed_subtitles_6 @ 0000018cc6f59e00] Error getting metadata for embedded font 'smalleg.fon'
[Parsed_subtitles_6 @ 0000018cc6f59e00] No charmap autodetected, trying the first one
[Parsed_subtitles_6 @ 0000018cc6f59e00] Error getting metadata for embedded font 'smalleg.fon'
[Parsed_subtitles_6 @ 0000018cc6f59e00] No charmap autodetected, trying the first one
[Parsed_subtitles_6 @ 0000018cc6f59e00] Error getting metadata for embedded font 'smalleg.fon'
[Parsed_subtitles_6 @ 0000018cc6f59e00] No charmap autodetected, trying the first one
[Parsed_subtitles_6 @ 0000018cc6f59e00] Error getting metadata for embedded font 'smalleg.fon'
[Parsed_subtitles_6 @ 0000018cc6f59e00] No charmap autodetected, trying the first one
[Parsed_subtitles_6 @ 0000018cc6f59e00] Error getting metadata for embedded font 'smalleg.fon'
[Parsed_subtitles_6 @ 0000018cc6f59e00] No charmap autodetected, trying the first one
[Parsed_subtitles_6 @ 0000018cc6f59e00] Error getting metadata for embedded font 'smalleg.fon'
[Parsed_subtitles_6 @ 0000018cc6f59e00] No charmap autodetected, trying the first one
[Parsed_subtitles_6 @ 0000018cc6f59e00] Error getting metadata for embedded font 'smalleg.fon'
[Parsed_subtitles_6 @ 0000018cc6f59e00] No charmap autodetected, trying the first one
[Parsed_subtitles_6 @ 0000018cc6f59e00] Error getting metadata for embedded font 'smalleg.fon'
[Parsed_subtitles_6 @ 0000018cc6f59e00] No charmap autodetected, trying the first one
[Parsed_subtitles_6 @ 0000018cc6f59e00] Error getting metadata for embedded font 'smaller.fon'
[Parsed_subtitles_6 @ 0000018cc6f59e00] No charmap autodetected, trying the first one
[Parsed_subtitles_6 @ 0000018cc6f59e00] Error getting metadata for embedded font 'smaller.fon'
[Parsed_subtitles_6 @ 0000018cc6f59e00] No charmap autodetected, trying the first one
[Parsed_subtitles_6 @ 0000018cc6f59e00] Error getting metadata for embedded font 'smaller.fon'
[Parsed_subtitles_6 @ 0000018cc6f59e00] No charmap autodetected, trying the first one
[Parsed_subtitles_6 @ 0000018cc6f59e00] Error getting metadata for embedded font 'smaller.fon'
[Parsed_subtitles_6 @ 0000018cc6f59e00] No charmap autodetected, trying the first one
[Parsed_subtitles_6 @ 0000018cc6f59e00] Error getting metadata for embedded font 'smaller.fon'
[Parsed_subtitles_6 @ 0000018cc6f59e00] No charmap autodetected, trying the first one
[Parsed_subtitles_6 @ 0000018cc6f59e00] Error getting metadata for embedded font 'smaller.fon'
[Parsed_subtitles_6 @ 0000018cc6f59e00] No charmap autodetected, trying the first one
[Parsed_subtitles_6 @ 0000018cc6f59e00] Error getting metadata for embedded font 'smaller.fon'
[Parsed_subtitles_6 @ 0000018cc6f59e00] No charmap autodetected, trying the first one
[Parsed_subtitles_6 @ 0000018cc6f59e00] Error getting metadata for embedded font 'smaller.fon'
[Parsed_subtitles_6 @ 0000018cc6f59e00] No charmap autodetected, trying the first one
[Parsed_subtitles_6 @ 0000018cc6f59e00] Error getting metadata for embedded font 'smallet.fon'
[Parsed_subtitles_6 @ 0000018cc6f59e00] No charmap autodetected, trying the first one
[Parsed_subtitles_6 @ 0000018cc6f59e00] Error getting metadata for embedded font 'smallet.fon'
[Parsed_subtitles_6 @ 0000018cc6f59e00] No charmap autodetected, trying the first one
[Parsed_subtitles_6 @ 0000018cc6f59e00] Error getting metadata for embedded font 'smallet.fon'
[Parsed_subtitles_6 @ 0000018cc6f59e00] No charmap autodetected, trying the first one
[Parsed_subtitles_6 @ 0000018cc6f59e00] Error getting metadata for embedded font 'smallet.fon'
[Parsed_subtitles_6 @ 0000018cc6f59e00] No charmap autodetected, trying the first one
[Parsed_subtitles_6 @ 0000018cc6f59e00] Error getting metadata for embedded font 'smallet.fon'
[Parsed_subtitles_6 @ 0000018cc6f59e00] No charmap autodetected, trying the first one
[Parsed_subtitles_6 @ 0000018cc6f59e00] Error getting metadata for embedded font 'smallet.fon'
[Parsed_subtitles_6 @ 0000018cc6f59e00] No charmap autodetected, trying the first one
[Parsed_subtitles_6 @ 0000018cc6f59e00] Error getting metadata for embedded font 'smallet.fon'
[Parsed_subtitles_6 @ 0000018cc6f59e00] No charmap autodetected, trying the first one
[Parsed_subtitles_6 @ 0000018cc6f59e00] Error getting metadata for embedded font 'smallet.fon'
[Parsed_subtitles_6 @ 0000018cc6f59e00] No charmap autodetected, trying the first one
[Parsed_subtitles_6 @ 0000018cc6f59e00] Error getting metadata for embedded font 'smallf.fon'
[Parsed_subtitles_6 @ 0000018cc6f59e00] No charmap autodetected, trying the first one
[Parsed_subtitles_6 @ 0000018cc6f59e00] Error getting metadata for embedded font 'smallf.fon'
[Parsed_subtitles_6 @ 0000018cc6f59e00] No charmap autodetected, trying the first one
[Parsed_subtitles_6 @ 0000018cc6f59e00] Error getting metadata for embedded font 'smallf.fon'
[Parsed_subtitles_6 @ 0000018cc6f59e00] No charmap autodetected, trying the first one
[Parsed_subtitles_6 @ 0000018cc6f59e00] Error getting metadata for embedded font 'smallf.fon'
[Parsed_subtitles_6 @ 0000018cc6f59e00] No charmap autodetected, trying the first one
[Parsed_subtitles_6 @ 0000018cc6f59e00] Error getting metadata for embedded font 'smallf.fon'
[Parsed_subtitles_6 @ 0000018cc6f59e00] No charmap autodetected, trying the first one
[Parsed_subtitles_6 @ 0000018cc6f59e00] Error getting metadata for embedded font 'smallf.fon'
[Parsed_subtitles_6 @ 0000018cc6f59e00] No charmap autodetected, trying the first one
[Parsed_subtitles_6 @ 0000018cc6f59e00] Error getting metadata for embedded font 'smallfe.fon'
[Parsed_subtitles_6 @ 0000018cc6f59e00] No charmap autodetected, trying the first one
[Parsed_subtitles_6 @ 0000018cc6f59e00] Error getting metadata for embedded font 'smallfe.fon'
[Parsed_subtitles_6 @ 0000018cc6f59e00] No charmap autodetected, trying the first one
[Parsed_subtitles_6 @ 0000018cc6f59e00] Error getting metadata for embedded font 'smallfe.fon'
[Parsed_subtitles_6 @ 0000018cc6f59e00] No charmap autodetected, trying the first one
[Parsed_subtitles_6 @ 0000018cc6f59e00] Error getting metadata for embedded font 'smallfe.fon'
[Parsed_subtitles_6 @ 0000018cc6f59e00] No charmap autodetected, trying the first one
[Parsed_subtitles_6 @ 0000018cc6f59e00] Error getting metadata for embedded font 'smallfe.fon'
[Parsed_subtitles_6 @ 0000018cc6f59e00] No charmap autodetected, trying the first one
[Parsed_subtitles_6 @ 0000018cc6f59e00] Error getting metadata for embedded font 'smallfe.fon'
[Parsed_subtitles_6 @ 0000018cc6f59e00] No charmap autodetected, trying the first one
[Parsed_subtitles_6 @ 0000018cc6f59e00] Error getting metadata for embedded font 'smallfg.fon'
[Parsed_subtitles_6 @ 0000018cc6f59e00] No charmap autodetected, trying the first one
[Parsed_subtitles_6 @ 0000018cc6f59e00] Error getting metadata for embedded font 'smallfg.fon'
[Parsed_subtitles_6 @ 0000018cc6f59e00] No charmap autodetected, trying the first one
[Parsed_subtitles_6 @ 0000018cc6f59e00] Error getting metadata for embedded font 'smallfg.fon'
[Parsed_subtitles_6 @ 0000018cc6f59e00] No charmap autodetected, trying the first one
[Parsed_subtitles_6 @ 0000018cc6f59e00] Error getting metadata for embedded font 'smallfg.fon'
[Parsed_subtitles_6 @ 0000018cc6f59e00] No charmap autodetected, trying the first one
[Parsed_subtitles_6 @ 0000018cc6f59e00] Error getting metadata for embedded font 'smallfg.fon'
[Parsed_subtitles_6 @ 0000018cc6f59e00] No charmap autodetected, trying the first one
[Parsed_subtitles_6 @ 0000018cc6f59e00] Error getting metadata for embedded font 'smallfg.fon'
[Parsed_subtitles_6 @ 0000018cc6f59e00] No charmap autodetected, trying the first one
[Parsed_subtitles_6 @ 0000018cc6f59e00] Error getting metadata for embedded font 'smallfr.fon'
[Parsed_subtitles_6 @ 0000018cc6f59e00] No charmap autodetected, trying the first one
[Parsed_subtitles_6 @ 0000018cc6f59e00] Error getting metadata for embedded font 'smallfr.fon'
[Parsed_subtitles_6 @ 0000018cc6f59e00] No charmap autodetected, trying the first one
[Parsed_subtitles_6 @ 0000018cc6f59e00] Error getting metadata for embedded font 'smallfr.fon'
[Parsed_subtitles_6 @ 0000018cc6f59e00] No charmap autodetected, trying the first one
[Parsed_subtitles_6 @ 0000018cc6f59e00] Error getting metadata for embedded font 'smallfr.fon'
[Parsed_subtitles_6 @ 0000018cc6f59e00] No charmap autodetected, trying the first one
[Parsed_subtitles_6 @ 0000018cc6f59e00] Error getting metadata for embedded font 'smallfr.fon'
[Parsed_subtitles_6 @ 0000018cc6f59e00] No charmap autodetected, trying the first one
[Parsed_subtitles_6 @ 0000018cc6f59e00] Error getting metadata for embedded font 'smallfr.fon'
[Parsed_subtitles_6 @ 0000018cc6f59e00] No charmap autodetected, trying the first one
[Parsed_subtitles_6 @ 0000018cc6f59e00] Error getting metadata for embedded font 'smallft.fon'
[Parsed_subtitles_6 @ 0000018cc6f59e00] No charmap autodetected, trying the first one
[Parsed_subtitles_6 @ 0000018cc6f59e00] Error getting metadata for embedded font 'smallft.fon'
[Parsed_subtitles_6 @ 0000018cc6f59e00] No charmap autodetected, trying the first one
[Parsed_subtitles_6 @ 0000018cc6f59e00] Error getting metadata for embedded font 'smallft.fon'
[Parsed_subtitles_6 @ 0000018cc6f59e00] No charmap autodetected, trying the first one
[Parsed_subtitles_6 @ 0000018cc6f59e00] Error getting metadata for embedded font 'smallft.fon'
[Parsed_subtitles_6 @ 0000018cc6f59e00] No charmap autodetected, trying the first one
[Parsed_subtitles_6 @ 0000018cc6f59e00] Error getting metadata for embedded font 'smallft.fon'
[Parsed_subtitles_6 @ 0000018cc6f59e00] No charmap autodetected, trying the first one
[Parsed_subtitles_6 @ 0000018cc6f59e00] Error getting metadata for embedded font 'smallft.fon'
[Parsed_subtitles_6 @ 0000018cc6f59e00] No charmap autodetected, trying the first one
[Parsed_subtitles_6 @ 0000018cc6f59e00] Error getting metadata for embedded font 'ssee1255.fon'
[Parsed_subtitles_6 @ 0000018cc6f59e00] No charmap autodetected, trying the first one
[Parsed_subtitles_6 @ 0000018cc6f59e00] Error getting metadata for embedded font 'ssee1255.fon'
[Parsed_subtitles_6 @ 0000018cc6f59e00] No charmap autodetected, trying the first one
[Parsed_subtitles_6 @ 0000018cc6f59e00] Error getting metadata for embedded font 'ssee1255.fon'
[Parsed_subtitles_6 @ 0000018cc6f59e00] No charmap autodetected, trying the first one
[Parsed_subtitles_6 @ 0000018cc6f59e00] Error getting metadata for embedded font 'ssee1255.fon'
[Parsed_subtitles_6 @ 0000018cc6f59e00] No charmap autodetected, trying the first one
[Parsed_subtitles_6 @ 0000018cc6f59e00] Error getting metadata for embedded font 'ssee1255.fon'
[Parsed_subtitles_6 @ 0000018cc6f59e00] No charmap autodetected, trying the first one
[Parsed_subtitles_6 @ 0000018cc6f59e00] Error getting metadata for embedded font 'ssee1255.fon'
[Parsed_subtitles_6 @ 0000018cc6f59e00] No charmap autodetected, trying the first one
[Parsed_subtitles_6 @ 0000018cc6f59e00] Error getting metadata for embedded font 'ssee1256.fon'
[Parsed_subtitles_6 @ 0000018cc6f59e00] No charmap autodetected, trying the first one
[Parsed_subtitles_6 @ 0000018cc6f59e00] Error getting metadata for embedded font 'ssee1256.fon'
[Parsed_subtitles_6 @ 0000018cc6f59e00] No charmap autodetected, trying the first one
[Parsed_subtitles_6 @ 0000018cc6f59e00] Error getting metadata for embedded font 'ssee1256.fon'
[Parsed_subtitles_6 @ 0000018cc6f59e00] No charmap autodetected, trying the first one
[Parsed_subtitles_6 @ 0000018cc6f59e00] Error getting metadata for embedded font 'ssee1256.fon'
[Parsed_subtitles_6 @ 0000018cc6f59e00] No charmap autodetected, trying the first one
[Parsed_subtitles_6 @ 0000018cc6f59e00] Error getting metadata for embedded font 'ssee1256.fon'
[Parsed_subtitles_6 @ 0000018cc6f59e00] No charmap autodetected, trying the first one
[Parsed_subtitles_6 @ 0000018cc6f59e00] Error getting metadata for embedded font 'ssee1256.fon'
[Parsed_subtitles_6 @ 0000018cc6f59e00] No charmap autodetected, trying the first one
[Parsed_subtitles_6 @ 0000018cc6f59e00] Error getting metadata for embedded font 'ssee1257.fon'
[Parsed_subtitles_6 @ 0000018cc6f59e00] No charmap autodetected, trying the first one
[Parsed_subtitles_6 @ 0000018cc6f59e00] Error getting metadata for embedded font 'ssee1257.fon'
[Parsed_subtitles_6 @ 0000018cc6f59e00] No charmap autodetected, trying the first one
[Parsed_subtitles_6 @ 0000018cc6f59e00] Error getting metadata for embedded font 'ssee1257.fon'
[Parsed_subtitles_6 @ 0000018cc6f59e00] No charmap autodetected, trying the first one
[Parsed_subtitles_6 @ 0000018cc6f59e00] Error getting metadata for embedded font 'ssee1257.fon'
[Parsed_subtitles_6 @ 0000018cc6f59e00] No charmap autodetected, trying the first one
[Parsed_subtitles_6 @ 0000018cc6f59e00] Error getting metadata for embedded font 'ssee1257.fon'
[Parsed_subtitles_6 @ 0000018cc6f59e00] No charmap autodetected, trying the first one
[Parsed_subtitles_6 @ 0000018cc6f59e00] Error getting metadata for embedded font 'ssee1257.fon'
[Parsed_subtitles_6 @ 0000018cc6f59e00] No charmap autodetected, trying the first one
[Parsed_subtitles_6 @ 0000018cc6f59e00] Error getting metadata for embedded font 'ssee874.fon'
[Parsed_subtitles_6 @ 0000018cc6f59e00] No charmap autodetected, trying the first one
[Parsed_subtitles_6 @ 0000018cc6f59e00] Error getting metadata for embedded font 'ssee874.fon'
[Parsed_subtitles_6 @ 0000018cc6f59e00] No charmap autodetected, trying the first one
[Parsed_subtitles_6 @ 0000018cc6f59e00] Error getting metadata for embedded font 'ssee874.fon'
[Parsed_subtitles_6 @ 0000018cc6f59e00] No charmap autodetected, trying the first one
[Parsed_subtitles_6 @ 0000018cc6f59e00] Error getting metadata for embedded font 'ssee874.fon'
[Parsed_subtitles_6 @ 0000018cc6f59e00] No charmap autodetected, trying the first one
[Parsed_subtitles_6 @ 0000018cc6f59e00] Error getting metadata for embedded font 'ssee874.fon'
[Parsed_subtitles_6 @ 0000018cc6f59e00] No charmap autodetected, trying the first one
[Parsed_subtitles_6 @ 0000018cc6f59e00] Error getting metadata for embedded font 'ssee874.fon'
[Parsed_subtitles_6 @ 0000018cc6f59e00] No charmap autodetected, trying the first one
[Parsed_subtitles_6 @ 0000018cc6f59e00] Error getting metadata for embedded font 'ssee874.fon'
[Parsed_subtitles_6 @ 0000018cc6f59e00] No charmap autodetected, trying the first one
[Parsed_subtitles_6 @ 0000018cc6f59e00] Error getting metadata for embedded font 'ssef1255.fon'
[Parsed_subtitles_6 @ 0000018cc6f59e00] No charmap autodetected, trying the first one
[Parsed_subtitles_6 @ 0000018cc6f59e00] Error getting metadata for embedded font 'ssef1255.fon'
[Parsed_subtitles_6 @ 0000018cc6f59e00] No charmap autodetected, trying the first one
[Parsed_subtitles_6 @ 0000018cc6f59e00] Error getting metadata for embedded font 'ssef1255.fon'
[Parsed_subtitles_6 @ 0000018cc6f59e00] No charmap autodetected, trying the first one
[Parsed_subtitles_6 @ 0000018cc6f59e00] Error getting metadata for embedded font 'ssef1255.fon'
[Parsed_subtitles_6 @ 0000018cc6f59e00] No charmap autodetected, trying the first one
[Parsed_subtitles_6 @ 0000018cc6f59e00] Error getting metadata for embedded font 'ssef1255.fon'
[Parsed_subtitles_6 @ 0000018cc6f59e00] No charmap autodetected, trying the first one
[Parsed_subtitles_6 @ 0000018cc6f59e00] Error getting metadata for embedded font 'ssef1255.fon'
[Parsed_subtitles_6 @ 0000018cc6f59e00] No charmap autodetected, trying the first one
[Parsed_subtitles_6 @ 0000018cc6f59e00] Error getting metadata for embedded font 'ssef1256.fon'
[Parsed_subtitles_6 @ 0000018cc6f59e00] No charmap autodetected, trying the first one
[Parsed_subtitles_6 @ 0000018cc6f59e00] Error getting metadata for embedded font 'ssef1256.fon'
[Parsed_subtitles_6 @ 0000018cc6f59e00] No charmap autodetected, trying the first one
[Parsed_subtitles_6 @ 0000018cc6f59e00] Error getting metadata for embedded font 'ssef1256.fon'
[Parsed_subtitles_6 @ 0000018cc6f59e00] No charmap autodetected, trying the first one
[Parsed_subtitles_6 @ 0000018cc6f59e00] Error getting metadata for embedded font 'ssef1256.fon'
[Parsed_subtitles_6 @ 0000018cc6f59e00] No charmap autodetected, trying the first one
[Parsed_subtitles_6 @ 0000018cc6f59e00] Error getting metadata for embedded font 'ssef1256.fon'
[Parsed_subtitles_6 @ 0000018cc6f59e00] No charmap autodetected, trying the first one
[Parsed_subtitles_6 @ 0000018cc6f59e00] Error getting metadata for embedded font 'ssef1257.fon'
[Parsed_subtitles_6 @ 0000018cc6f59e00] No charmap autodetected, trying the first one
[Parsed_subtitles_6 @ 0000018cc6f59e00] Error getting metadata for embedded font 'ssef1257.fon'
[Parsed_subtitles_6 @ 0000018cc6f59e00] No charmap autodetected, trying the first one
[Parsed_subtitles_6 @ 0000018cc6f59e00] Error getting metadata for embedded font 'ssef1257.fon'
[Parsed_subtitles_6 @ 0000018cc6f59e00] No charmap autodetected, trying the first one
[Parsed_subtitles_6 @ 0000018cc6f59e00] Error getting metadata for embedded font 'ssef1257.fon'
[Parsed_subtitles_6 @ 0000018cc6f59e00] No charmap autodetected, trying the first one
[Parsed_subtitles_6 @ 0000018cc6f59e00] Error getting metadata for embedded font 'ssef1257.fon'
[Parsed_subtitles_6 @ 0000018cc6f59e00] No charmap autodetected, trying the first one
[Parsed_subtitles_6 @ 0000018cc6f59e00] Error getting metadata for embedded font 'ssef1257.fon'
[Parsed_subtitles_6 @ 0000018cc6f59e00] No charmap autodetected, trying the first one
[Parsed_subtitles_6 @ 0000018cc6f59e00] Error getting metadata for embedded font 'ssef874.fon'
[Parsed_subtitles_6 @ 0000018cc6f59e00] No charmap autodetected, trying the first one
[Parsed_subtitles_6 @ 0000018cc6f59e00] Error getting metadata for embedded font 'ssef874.fon'
[Parsed_subtitles_6 @ 0000018cc6f59e00] No charmap autodetected, trying the first one
[Parsed_subtitles_6 @ 0000018cc6f59e00] Error getting metadata for embedded font 'ssef874.fon'
[Parsed_subtitles_6 @ 0000018cc6f59e00] No charmap autodetected, trying the first one
[Parsed_subtitles_6 @ 0000018cc6f59e00] Error getting metadata for embedded font 'ssef874.fon'
[Parsed_subtitles_6 @ 0000018cc6f59e00] No charmap autodetected, trying the first one
[Parsed_subtitles_6 @ 0000018cc6f59e00] Error getting metadata for embedded font 'ssef874.fon'
[Parsed_subtitles_6 @ 0000018cc6f59e00] No charmap autodetected, trying the first one
[Parsed_subtitles_6 @ 0000018cc6f59e00] Error getting metadata for embedded font 'ssef874.fon'
[Parsed_subtitles_6 @ 0000018cc6f59e00] No charmap autodetected, trying the first one
[Parsed_subtitles_6 @ 0000018cc6f59e00] Error getting metadata for embedded font 'ssef874.fon'
[Parsed_subtitles_6 @ 0000018cc6f59e00] No charmap autodetected, trying the first one
[Parsed_subtitles_6 @ 0000018cc6f59e00] Error getting metadata for embedded font 'sserife.fon'
[Parsed_subtitles_6 @ 0000018cc6f59e00] No charmap autodetected, trying the first one
[Parsed_subtitles_6 @ 0000018cc6f59e00] Error getting metadata for embedded font 'sserife.fon'
[Parsed_subtitles_6 @ 0000018cc6f59e00] No charmap autodetected, trying the first one
[Parsed_subtitles_6 @ 0000018cc6f59e00] Error getting metadata for embedded font 'sserife.fon'
[Parsed_subtitles_6 @ 0000018cc6f59e00] No charmap autodetected, trying the first one
[Parsed_subtitles_6 @ 0000018cc6f59e00] Error getting metadata for embedded font 'sserife.fon'
[Parsed_subtitles_6 @ 0000018cc6f59e00] No charmap autodetected, trying the first one
[Parsed_subtitles_6 @ 0000018cc6f59e00] Error getting metadata for embedded font 'sserife.fon'
[Parsed_subtitles_6 @ 0000018cc6f59e00] No charmap autodetected, trying the first one
[Parsed_subtitles_6 @ 0000018cc6f59e00] Error getting metadata for embedded font 'sserife.fon'
[Parsed_subtitles_6 @ 0000018cc6f59e00] No charmap autodetected, trying the first one
[Parsed_subtitles_6 @ 0000018cc6f59e00] Error getting metadata for embedded font 'sserifee.fon'
[Parsed_subtitles_6 @ 0000018cc6f59e00] No charmap autodetected, trying the first one
[Parsed_subtitles_6 @ 0000018cc6f59e00] Error getting metadata for embedded font 'sserifee.fon'
[Parsed_subtitles_6 @ 0000018cc6f59e00] No charmap autodetected, trying the first one
[Parsed_subtitles_6 @ 0000018cc6f59e00] Error getting metadata for embedded font 'sserifee.fon'
[Parsed_subtitles_6 @ 0000018cc6f59e00] No charmap autodetected, trying the first one
[Parsed_subtitles_6 @ 0000018cc6f59e00] Error getting metadata for embedded font 'sserifee.fon'
[Parsed_subtitles_6 @ 0000018cc6f59e00] No charmap autodetected, trying the first one
[Parsed_subtitles_6 @ 0000018cc6f59e00] Error getting metadata for embedded font 'sserifee.fon'
[Parsed_subtitles_6 @ 0000018cc6f59e00] No charmap autodetected, trying the first one
[Parsed_subtitles_6 @ 0000018cc6f59e00] Error getting metadata for embedded font 'sserifee.fon'
[Parsed_subtitles_6 @ 0000018cc6f59e00] No charmap autodetected, trying the first one
[Parsed_subtitles_6 @ 0000018cc6f59e00] Error getting metadata for embedded font 'sserifeg.fon'
[Parsed_subtitles_6 @ 0000018cc6f59e00] No charmap autodetected, trying the first one
[Parsed_subtitles_6 @ 0000018cc6f59e00] Error getting metadata for embedded font 'sserifeg.fon'
[Parsed_subtitles_6 @ 0000018cc6f59e00] No charmap autodetected, trying the first one
[Parsed_subtitles_6 @ 0000018cc6f59e00] Error getting metadata for embedded font 'sserifeg.fon'
[Parsed_subtitles_6 @ 0000018cc6f59e00] No charmap autodetected, trying the first one
[Parsed_subtitles_6 @ 0000018cc6f59e00] Error getting metadata for embedded font 'sserifeg.fon'
[Parsed_subtitles_6 @ 0000018cc6f59e00] No charmap autodetected, trying the first one
[Parsed_subtitles_6 @ 0000018cc6f59e00] Error getting metadata for embedded font 'sserifeg.fon'
[Parsed_subtitles_6 @ 0000018cc6f59e00] No charmap autodetected, trying the first one
[Parsed_subtitles_6 @ 0000018cc6f59e00] Error getting metadata for embedded font 'sserifeg.fon'
[Parsed_subtitles_6 @ 0000018cc6f59e00] No charmap autodetected, trying the first one
[Parsed_subtitles_6 @ 0000018cc6f59e00] Error getting metadata for embedded font 'sserifer.fon'
[Parsed_subtitles_6 @ 0000018cc6f59e00] No charmap autodetected, trying the first one
[Parsed_subtitles_6 @ 0000018cc6f59e00] Error getting metadata for embedded font 'sserifer.fon'
[Parsed_subtitles_6 @ 0000018cc6f59e00] No charmap autodetected, trying the first one
[Parsed_subtitles_6 @ 0000018cc6f59e00] Error getting metadata for embedded font 'sserifer.fon'
[Parsed_subtitles_6 @ 0000018cc6f59e00] No charmap autodetected, trying the first one
[Parsed_subtitles_6 @ 0000018cc6f59e00] Error getting metadata for embedded font 'sserifer.fon'
[Parsed_subtitles_6 @ 0000018cc6f59e00] No charmap autodetected, trying the first one
[Parsed_subtitles_6 @ 0000018cc6f59e00] Error getting metadata for embedded font 'sserifer.fon'
[Parsed_subtitles_6 @ 0000018cc6f59e00] No charmap autodetected, trying the first one
[Parsed_subtitles_6 @ 0000018cc6f59e00] Error getting metadata for embedded font 'sserifer.fon'
[Parsed_subtitles_6 @ 0000018cc6f59e00] No charmap autodetected, trying the first one
[Parsed_subtitles_6 @ 0000018cc6f59e00] Error getting metadata for embedded font 'sserifet.fon'
[Parsed_subtitles_6 @ 0000018cc6f59e00] No charmap autodetected, trying the first one
[Parsed_subtitles_6 @ 0000018cc6f59e00] Error getting metadata for embedded font 'sserifet.fon'
[Parsed_subtitles_6 @ 0000018cc6f59e00] No charmap autodetected, trying the first one
[Parsed_subtitles_6 @ 0000018cc6f59e00] Error getting metadata for embedded font 'sserifet.fon'
[Parsed_subtitles_6 @ 0000018cc6f59e00] No charmap autodetected, trying the first one
[Parsed_subtitles_6 @ 0000018cc6f59e00] Error getting metadata for embedded font 'sserifet.fon'
[Parsed_subtitles_6 @ 0000018cc6f59e00] No charmap autodetected, trying the first one
[Parsed_subtitles_6 @ 0000018cc6f59e00] Error getting metadata for embedded font 'sserifet.fon'
[Parsed_subtitles_6 @ 0000018cc6f59e00] No charmap autodetected, trying the first one
[Parsed_subtitles_6 @ 0000018cc6f59e00] Error getting metadata for embedded font 'sserifet.fon'
[Parsed_subtitles_6 @ 0000018cc6f59e00] No charmap autodetected, trying the first one
[Parsed_subtitles_6 @ 0000018cc6f59e00] Error getting metadata for embedded font 'sseriff.fon'
[Parsed_subtitles_6 @ 0000018cc6f59e00] No charmap autodetected, trying the first one
[Parsed_subtitles_6 @ 0000018cc6f59e00] Error getting metadata for embedded font 'sseriff.fon'
[Parsed_subtitles_6 @ 0000018cc6f59e00] No charmap autodetected, trying the first one
[Parsed_subtitles_6 @ 0000018cc6f59e00] Error getting metadata for embedded font 'sseriff.fon'
[Parsed_subtitles_6 @ 0000018cc6f59e00] No charmap autodetected, trying the first one
[Parsed_subtitles_6 @ 0000018cc6f59e00] Error getting metadata for embedded font 'sseriff.fon'
[Parsed_subtitles_6 @ 0000018cc6f59e00] No charmap autodetected, trying the first one
[Parsed_subtitles_6 @ 0000018cc6f59e00] Error getting metadata for embedded font 'sseriff.fon'
[Parsed_subtitles_6 @ 0000018cc6f59e00] No charmap autodetected, trying the first one
[Parsed_subtitles_6 @ 0000018cc6f59e00] Error getting metadata for embedded font 'sseriff.fon'
[Parsed_subtitles_6 @ 0000018cc6f59e00] No charmap autodetected, trying the first one
[Parsed_subtitles_6 @ 0000018cc6f59e00] Error getting metadata for embedded font 'sseriffe.fon'
[Parsed_subtitles_6 @ 0000018cc6f59e00] No charmap autodetected, trying the first one
[Parsed_subtitles_6 @ 0000018cc6f59e00] Error getting metadata for embedded font 'sseriffe.fon'
[Parsed_subtitles_6 @ 0000018cc6f59e00] No charmap autodetected, trying the first one
[Parsed_subtitles_6 @ 0000018cc6f59e00] Error getting metadata for embedded font 'sseriffe.fon'
[Parsed_subtitles_6 @ 0000018cc6f59e00] No charmap autodetected, trying the first one
[Parsed_subtitles_6 @ 0000018cc6f59e00] Error getting metadata for embedded font 'sseriffe.fon'
[Parsed_subtitles_6 @ 0000018cc6f59e00] No charmap autodetected, trying the first one
[Parsed_subtitles_6 @ 0000018cc6f59e00] Error getting metadata for embedded font 'sseriffe.fon'
[Parsed_subtitles_6 @ 0000018cc6f59e00] No charmap autodetected, trying the first one
[Parsed_subtitles_6 @ 0000018cc6f59e00] Error getting metadata for embedded font 'sseriffe.fon'
[Parsed_subtitles_6 @ 0000018cc6f59e00] No charmap autodetected, trying the first one
[Parsed_subtitles_6 @ 0000018cc6f59e00] Error getting metadata for embedded font 'sseriffg.fon'
[Parsed_subtitles_6 @ 0000018cc6f59e00] No charmap autodetected, trying the first one
[Parsed_subtitles_6 @ 0000018cc6f59e00] Error getting metadata for embedded font 'sseriffg.fon'
[Parsed_subtitles_6 @ 0000018cc6f59e00] No charmap autodetected, trying the first one
[Parsed_subtitles_6 @ 0000018cc6f59e00] Error getting metadata for embedded font 'sseriffg.fon'
[Parsed_subtitles_6 @ 0000018cc6f59e00] No charmap autodetected, trying the first one
[Parsed_subtitles_6 @ 0000018cc6f59e00] Error getting metadata for embedded font 'sseriffg.fon'
[Parsed_subtitles_6 @ 0000018cc6f59e00] No charmap autodetected, trying the first one
[Parsed_subtitles_6 @ 0000018cc6f59e00] Error getting metadata for embedded font 'sseriffg.fon'
[Parsed_subtitles_6 @ 0000018cc6f59e00] No charmap autodetected, trying the first one
[Parsed_subtitles_6 @ 0000018cc6f59e00] Error getting metadata for embedded font 'sseriffg.fon'
[Parsed_subtitles_6 @ 0000018cc6f59e00] No charmap autodetected, trying the first one
[Parsed_subtitles_6 @ 0000018cc6f59e00] Error getting metadata for embedded font 'sseriffr.fon'
[Parsed_subtitles_6 @ 0000018cc6f59e00] No charmap autodetected, trying the first one
[Parsed_subtitles_6 @ 0000018cc6f59e00] Error getting metadata for embedded font 'sseriffr.fon'
[Parsed_subtitles_6 @ 0000018cc6f59e00] No charmap autodetected, trying the first one
[Parsed_subtitles_6 @ 0000018cc6f59e00] Error getting metadata for embedded font 'sseriffr.fon'
[Parsed_subtitles_6 @ 0000018cc6f59e00] No charmap autodetected, trying the first one
[Parsed_subtitles_6 @ 0000018cc6f59e00] Error getting metadata for embedded font 'sseriffr.fon'
[Parsed_subtitles_6 @ 0000018cc6f59e00] No charmap autodetected, trying the first one
[Parsed_subtitles_6 @ 0000018cc6f59e00] Error getting metadata for embedded font 'sseriffr.fon'
[Parsed_subtitles_6 @ 0000018cc6f59e00] No charmap autodetected, trying the first one
[Parsed_subtitles_6 @ 0000018cc6f59e00] Error getting metadata for embedded font 'sseriffr.fon'
[Parsed_subtitles_6 @ 0000018cc6f59e00] No charmap autodetected, trying the first one
[Parsed_subtitles_6 @ 0000018cc6f59e00] Error getting metadata for embedded font 'sserifft.fon'
[Parsed_subtitles_6 @ 0000018cc6f59e00] No charmap autodetected, trying the first one
[Parsed_subtitles_6 @ 0000018cc6f59e00] Error getting metadata for embedded font 'sserifft.fon'
[Parsed_subtitles_6 @ 0000018cc6f59e00] No charmap autodetected, trying the first one
[Parsed_subtitles_6 @ 0000018cc6f59e00] Error getting metadata for embedded font 'sserifft.fon'
[Parsed_subtitles_6 @ 0000018cc6f59e00] No charmap autodetected, trying the first one
[Parsed_subtitles_6 @ 0000018cc6f59e00] Error getting metadata for embedded font 'sserifft.fon'
[Parsed_subtitles_6 @ 0000018cc6f59e00] No charmap autodetected, trying the first one
[Parsed_subtitles_6 @ 0000018cc6f59e00] Error getting metadata for embedded font 'sserifft.fon'
[Parsed_subtitles_6 @ 0000018cc6f59e00] No charmap autodetected, trying the first one
[Parsed_subtitles_6 @ 0000018cc6f59e00] Error getting metadata for embedded font 'sserifft.fon'
[Parsed_subtitles_6 @ 0000018cc6f59e00] Error opening memory font 'StaticCache.dat'
[Parsed_subtitles_6 @ 0000018cc6f59e00] No charmap autodetected, trying the first one
[Parsed_subtitles_6 @ 0000018cc6f59e00] Error getting metadata for embedded font 'svgafix.fon'
[Parsed_subtitles_6 @ 0000018cc6f59e00] No charmap autodetected, trying the first one
[Parsed_subtitles_6 @ 0000018cc6f59e00] Error getting metadata for embedded font 'svgasys.fon'
[Parsed_subtitles_6 @ 0000018cc6f59e00] No charmap autodetected, trying the first one
[Parsed_subtitles_6 @ 0000018cc6f59e00] Error getting metadata for embedded font 'svgasys.fon'
[Parsed_subtitles_6 @ 0000018cc6f59e00] No charmap autodetected, trying the first one
[Parsed_subtitles_6 @ 0000018cc6f59e00] Error getting metadata for embedded font 'vga737.fon'
[Parsed_subtitles_6 @ 0000018cc6f59e00] No charmap autodetected, trying the first one
[Parsed_subtitles_6 @ 0000018cc6f59e00] Error getting metadata for embedded font 'vga775.fon'
[Parsed_subtitles_6 @ 0000018cc6f59e00] No charmap autodetected, trying the first one
[Parsed_subtitles_6 @ 0000018cc6f59e00] Error getting metadata for embedded font 'vga850.fon'
[Parsed_subtitles_6 @ 0000018cc6f59e00] No charmap autodetected, trying the first one
[Parsed_subtitles_6 @ 0000018cc6f59e00] Error getting metadata for embedded font 'vga852.fon'
[Parsed_subtitles_6 @ 0000018cc6f59e00] No charmap autodetected, trying the first one
[Parsed_subtitles_6 @ 0000018cc6f59e00] Error getting metadata for embedded font 'vga855.fon'
[Parsed_subtitles_6 @ 0000018cc6f59e00] No charmap autodetected, trying the first one
[Parsed_subtitles_6 @ 0000018cc6f59e00] Error getting metadata for embedded font 'vga857.fon'
[Parsed_subtitles_6 @ 0000018cc6f59e00] No charmap autodetected, trying the first one
[Parsed_subtitles_6 @ 0000018cc6f59e00] Error getting metadata for embedded font 'vga860.fon'
[Parsed_subtitles_6 @ 0000018cc6f59e00] No charmap autodetected, trying the first one
[Parsed_subtitles_6 @ 0000018cc6f59e00] Error getting metadata for embedded font 'vga861.fon'
[Parsed_subtitles_6 @ 0000018cc6f59e00] No charmap autodetected, trying the first one
[Parsed_subtitles_6 @ 0000018cc6f59e00] Error getting metadata for embedded font 'vga863.fon'
[Parsed_subtitles_6 @ 0000018cc6f59e00] No charmap autodetected, trying the first one
[Parsed_subtitles_6 @ 0000018cc6f59e00] Error getting metadata for embedded font 'vga865.fon'
[Parsed_subtitles_6 @ 0000018cc6f59e00] No charmap autodetected, trying the first one
[Parsed_subtitles_6 @ 0000018cc6f59e00] Error getting metadata for embedded font 'vga866.fon'
[Parsed_subtitles_6 @ 0000018cc6f59e00] No charmap autodetected, trying the first one
[Parsed_subtitles_6 @ 0000018cc6f59e00] Error getting metadata for embedded font 'vga869.fon'
[Parsed_subtitles_6 @ 0000018cc6f59e00] No charmap autodetected, trying the first one
[Parsed_subtitles_6 @ 0000018cc6f59e00] Error getting metadata for embedded font 'vga932.fon'
[Parsed_subtitles_6 @ 0000018cc6f59e00] No charmap autodetected, trying the first one
[Parsed_subtitles_6 @ 0000018cc6f59e00] Error getting metadata for embedded font 'vga936.fon'
[Parsed_subtitles_6 @ 0000018cc6f59e00] No charmap autodetected, trying the first one
[Parsed_subtitles_6 @ 0000018cc6f59e00] Error getting metadata for embedded font 'vga949.fon'
[Parsed_subtitles_6 @ 0000018cc6f59e00] No charmap autodetected, trying the first one
[Parsed_subtitles_6 @ 0000018cc6f59e00] Error getting metadata for embedded font 'vga950.fon'
[Parsed_subtitles_6 @ 0000018cc6f59e00] No charmap autodetected, trying the first one
[Parsed_subtitles_6 @ 0000018cc6f59e00] Error getting metadata for embedded font 'vgaf1255.fon'
[Parsed_subtitles_6 @ 0000018cc6f59e00] No charmap autodetected, trying the first one
[Parsed_subtitles_6 @ 0000018cc6f59e00] Error getting metadata for embedded font 'vgaf1256.fon'
[Parsed_subtitles_6 @ 0000018cc6f59e00] No charmap autodetected, trying the first one
[Parsed_subtitles_6 @ 0000018cc6f59e00] Error getting metadata for embedded font 'vgaf1257.fon'
[Parsed_subtitles_6 @ 0000018cc6f59e00] No charmap autodetected, trying the first one
[Parsed_subtitles_6 @ 0000018cc6f59e00] Error getting metadata for embedded font 'vgaf874.fon'
[Parsed_subtitles_6 @ 0000018cc6f59e00] No charmap autodetected, trying the first one
[Parsed_subtitles_6 @ 0000018cc6f59e00] Error getting metadata for embedded font 'vgafix.fon'
[Parsed_subtitles_6 @ 0000018cc6f59e00] No charmap autodetected, trying the first one
[Parsed_subtitles_6 @ 0000018cc6f59e00] Error getting metadata for embedded font 'vgafixe.fon'
[Parsed_subtitles_6 @ 0000018cc6f59e00] No charmap autodetected, trying the first one
[Parsed_subtitles_6 @ 0000018cc6f59e00] Error getting metadata for embedded font 'vgafixg.fon'
[Parsed_subtitles_6 @ 0000018cc6f59e00] No charmap autodetected, trying the first one
[Parsed_subtitles_6 @ 0000018cc6f59e00] Error getting metadata for embedded font 'vgafixr.fon'
[Parsed_subtitles_6 @ 0000018cc6f59e00] No charmap autodetected, trying the first one
[Parsed_subtitles_6 @ 0000018cc6f59e00] Error getting metadata for embedded font 'vgafixt.fon'
[Parsed_subtitles_6 @ 0000018cc6f59e00] No charmap autodetected, trying the first one
[Parsed_subtitles_6 @ 0000018cc6f59e00] Error getting metadata for embedded font 'vgaoem.fon'
[Parsed_subtitles_6 @ 0000018cc6f59e00] No charmap autodetected, trying the first one
[Parsed_subtitles_6 @ 0000018cc6f59e00] Error getting metadata for embedded font 'vgas1255.fon'
[Parsed_subtitles_6 @ 0000018cc6f59e00] No charmap autodetected, trying the first one
[Parsed_subtitles_6 @ 0000018cc6f59e00] Error getting metadata for embedded font 'vgas1256.fon'
[Parsed_subtitles_6 @ 0000018cc6f59e00] No charmap autodetected, trying the first one
[Parsed_subtitles_6 @ 0000018cc6f59e00] Error getting metadata for embedded font 'vgas1257.fon'
[Parsed_subtitles_6 @ 0000018cc6f59e00] No charmap autodetected, trying the first one
[Parsed_subtitles_6 @ 0000018cc6f59e00] Error getting metadata for embedded font 'vgas874.fon'
[Parsed_subtitles_6 @ 0000018cc6f59e00] No charmap autodetected, trying the first one
[Parsed_subtitles_6 @ 0000018cc6f59e00] Error getting metadata for embedded font 'vgasys.fon'
[Parsed_subtitles_6 @ 0000018cc6f59e00] No charmap autodetected, trying the first one
[Parsed_subtitles_6 @ 0000018cc6f59e00] Error getting metadata for embedded font 'vgasyse.fon'
[Parsed_subtitles_6 @ 0000018cc6f59e00] No charmap autodetected, trying the first one
[Parsed_subtitles_6 @ 0000018cc6f59e00] Error getting metadata for embedded font 'vgasysg.fon'
[Parsed_subtitles_6 @ 0000018cc6f59e00] No charmap autodetected, trying the first one
[Parsed_subtitles_6 @ 0000018cc6f59e00] Error getting metadata for embedded font 'vgasysr.fon'
[Parsed_subtitles_6 @ 0000018cc6f59e00] No charmap autodetected, trying the first one
[Parsed_subtitles_6 @ 0000018cc6f59e00] Error getting metadata for embedded font 'vgasyst.fon'
[Parsed_subtitles_6 @ 0000018cc6f59e00] Using font provider directwrite (with GDI)
Input #0, mov,mp4,m4a,3gp,3g2,mj2, from 'C:\Users\n\AppData\Local\Temp\tmpmeb7dnb8\clip_1_987_1093.mp4':
  Metadata:
    major_brand     : isom
    minor_version   : 512
    compatible_brands: isomiso2avc1mp41
    encoder         : Lavf63.5.101
  Duration: 00:01:46.76, start: 0.000000, bitrate: 4600 kb/s
  Stream #0:0[0x1](und): Video: h264 (Constrained Baseline) (avc1 / 0x31637661), yuv420p(tv, bt709, progressive), 1280x720 [SAR 1:1 DAR 16:9], 4511 kb/s, 25 fps, 25 tbr, 12800 tbn (default)
    Metadata:
      handler_name    : ISO Media file produced by Google Inc.
      encoder         : Lavc63.6.101 libx264
  Stream #0:1[0x2](und): Audio: aac (LC) (mp4a / 0x6134706D), 44100 Hz, stereo, fltp, 83 kb/s (default)
    Metadata:
      handler_name    : ISO Media file produced by Google Inc.
Input #1, mov,mp4,m4a,3gp,3g2,mj2, from 'C:\Users\n\Documents\hotshort\assets\transitions\light_leak_1080x1920_v3.mp4':
  Metadata:
    major_brand     : isom
    minor_version   : 512
    compatible_brands: isomiso2mp41
    encoder         : Lavf61.7.100
  Duration: 00:00:01.00, start: 0.000000, bitrate: 6185 kb/s
  Stream #1:0[0x1](und): Video: mpeg4 (Simple Profile) (mp4v / 0x7634706D), yuv420p, 1080x1920 [SAR 1:1 DAR 9:16], 6176 kb/s, 30 fps, 30 tbr, 15360 tbn (default)
    Metadata:
      handler_name    : VideoHandler
[aist#2:0/pcm_s16le @ 0000018cc8d81a80] Guessed Channel Layout: mono
Input #2, wav, from 'C:\Users\n\Documents\hotshort\assets\transitions\swoosh.wav':
  Duration: 00:00:01.00, bitrate: 705 kb/s
  Stream #2:0: Audio: pcm_s16le ([1][0][0][0] / 0x0001), 44100 Hz, mono, s16, 705 kb/s
[aist#3:0/pcm_s16le @ 0000018cc8d81e00] Guessed Channel Layout: mono
Input #3, wav, from 'C:\Users\n\Documents\hotshort\assets\transitions\camera_click.wav':
  Duration: 00:00:00.18, bitrate: 707 kb/s
  Stream #3:0: Audio: pcm_s16le ([1][0][0][0] / 0x0001), 44100 Hz, mono, s16, 705 kb/s
Input #4, mov,mp4,m4a,3gp,3g2,mj2, from 'C:\Users\n\Documents\hotshort\assets\Dopamine_assets\db_lxury.mp4':
  Metadata:
    major_brand     : mp42
    minor_version   : 0
    compatible_brands: mp42isom
  Duration: 00:00:05.69, start: 0.000000, bitrate: 1686 kb/s
  Stream #4:0[0x1](und): Video: h264 (High) (avc1 / 0x31637661), yuv420p(tv, bt709/bt709/smpte170m, progressive), 478x850, 1366 kb/s, 30.04 fps, 30 tbr, 90k tbn (default)
  Stream #4:1[0x2](und): Audio: aac (LC) (mp4a / 0x6134706D), 44100 Hz, stereo, fltp, 317 kb/s (default)
Input #5, mov,mp4,m4a,3gp,3g2,mj2, from 'C:\Users\n\Documents\hotshort\assets\Dopamine_assets\DB_LUXURY_1.mp4':
  Metadata:
    major_brand     : qt  
    minor_version   : 0
    compatible_brands: qt  
    creation_time   : 2024-07-25T02:19:59.000000Z
    com.apple.quicktime.location.accuracy.horizontal: 4.742039
    com.apple.quicktime.cinematic-video: 
    com.apple.quicktime.location.ISO6709: +36.2251+029.3756+003.930/
    com.apple.quicktime.make: Apple
    com.apple.quicktime.model: iPhone 15 Pro Max
    com.apple.quicktime.software: 17.6
    com.apple.quicktime.creationdate: 2024-07-24T19:58:46+0300
  Duration: 00:00:11.34, start: 0.000000, bitrate: 20665 kb/s
  Stream #5:0[0x1](und): Video: hevc (Main 10) (hvc1 / 0x31637668), yuv420p10le(tv, bt2020nc/bt2020/arib-std-b67), 3840x2160, 20468 kb/s, 30 fps, 30 tbr, 600 tbn (default)
    Metadata:
      creation_time   : 2024-07-25T02:19:59.000000Z
      handler_name    : Core Media Video
      vendor_id       : [0][0][0][0]
      encoder         : HEVC
    Side data:
      DOVI configuration record: version: 1.0, profile: 8, level: 8, rpu flag: 1, el flag: 0, bl flag: 1, compatibility id: 4, compression: 0
      Display Matrix: rotation of -90.00 degrees
      Ambient viewing environment: ambient_illuminance=314.000000, ambient_light_x=0.312700, ambient_light_y=0.329000
  Stream #5:1[0x2](und): Audio: aac (LC) (mp4a / 0x6134706D), 44100 Hz, stereo, fltp, 188 kb/s (default)
    Metadata:
      creation_time   : 2024-07-25T02:19:59.000000Z
      handler_name    : Core Media Audio
      vendor_id       : [0][0][0][0]
[aist#6:1/pcm_s16le @ 0000018cdc50efc0] Guessed Channel Layout: mono
Input #6, mov,mp4,m4a,3gp,3g2,mj2, from 'C:\Users\n\Documents\hotshort\assets\Dopamine_assets\IMG_1722.mp4':
  Metadata:
    major_brand     : qt  
    minor_version   : 0
    compatible_brands: qt  
    creation_time   : 2024-07-24T15:34:05.000000Z
    com.apple.quicktime.location.accuracy.horizontal: 4.771754
    com.apple.quicktime.location.ISO6709: +36.2252+029.3648+000.391/
    com.apple.quicktime.make: Apple
    com.apple.quicktime.model: iPhone 14 Pro Max
    com.apple.quicktime.software: 17.6
    com.apple.quicktime.creationdate: 2024-07-24T18:34:04+0300
  Duration: 00:00:05.77, start: 0.000000, bitrate: 10535 kb/s
  Stream group #6:0[0x3]: Track Reference:
    Stream #6:0[0x1](und): Video: hevc (Main) (hvc1 / 0x31637668), yuvj420p(pc, smpte170m/smpte432/bt709), 1920x1440, 9710 kb/s, 30 fps, 30 tbr, 600 tbn (default)
      Metadata:
        creation_time   : 2024-07-24T15:34:05.000000Z
        handler_name    : Core Media Video
        vendor_id       : [0][0][0][0]
        encoder         : HEVC
      Side data:
        Display Matrix: rotation of -90.00 degrees
    Stream #6:2[0x3](und): Data: none (mebx / 0x7862656D), 0 kb/s (default)
      Metadata:
        creation_time   : 2024-07-24T15:34:05.000000Z
        handler_name    : Core Media Metadata
  Stream group #6:1[0x4]: Track Reference:
    Stream #6:0[0x1](und): Video: hevc (Main) (hvc1 / 0x31637668), yuvj420p(pc, smpte170m/smpte432/bt709), 1920x1440, 9710 kb/s, 30 fps, 30 tbr, 600 tbn (default)
      Metadata:
        creation_time   : 2024-07-24T15:34:05.000000Z
        handler_name    : Core Media Video
        vendor_id       : [0][0][0][0]
        encoder         : HEVC
      Side data:
        Display Matrix: rotation of -90.00 degrees
    Stream #6:3[0x4](und): Data: none (mebx / 0x7862656D), 94 kb/s (default)
      Metadata:
        creation_time   : 2024-07-24T15:34:05.000000Z
        handler_name    : Core Media Metadata
  Stream #6:1[0x2](und): Audio: pcm_s16le (lpcm / 0x6D63706C), 44100 Hz, mono, s16, 705 kb/s (default)
    Metadata:
      creation_time   : 2024-07-24T15:34:05.000000Z
      handler_name    : Core Media Audio
      vendor_id       : [0][0][0][0]
[in#7 @ 0000018cc6f39ec0] st: 0 edit list: 1 Missing key frame while searching for timestamp: 1001
[in#7 @ 0000018cc6f39ec0] st: 0 edit list 1 Cannot find an index entry before timestamp: 1001.
[in#7 @ 0000018cc6f39ec0] infe version < 2 is not implemented. Update your FFmpeg version to the newest one from Git. If the problem still occurs, it means that your file has a feature which has not been implemented.
[aist#7:1/pcm_s16be @ 0000018cdc50f540] Guessed Channel Layout: stereo
Input #7, mov,mp4,m4a,3gp,3g2,mj2, from 'C:\Users\n\Documents\hotshort\assets\Dopamine_assets\DB_VIRAL_1.mp4':
  Metadata:
    major_brand     : XAVC
    minor_version   : 17506303
    compatible_brands: XAVCmp42nrasiso6
    creation_time   : 2024-07-27T20:45:20.000000Z
  Duration: 00:00:16.02, start: 0.000000, bitrate: 134222 kb/s
  Stream group #7:0[0x3]: Track Reference:
    Stream #7:0[0x1](und): Video: hevc (Rext) (hvc1 / 0x31637668), yuv422p10le(pc), 3840x2160 [SAR 1:1 DAR 16:9], 99334 kb/s, 23.98 fps, 23.98 tbr, 24k tbn (default)
      Metadata:
        creation_time   : 2024-07-27T20:45:20.000000Z
        handler_name    : Video Media Handler
        encoder         : HEVC Coding
    Stream #7:2[0x3](und): Data: none (rtmd / 0x646D7472), 5695 kb/s (default)
      Metadata:
        creation_time   : 2024-07-27T20:45:20.000000Z
        handler_name    : Timed Metadata Media Handler
        timecode        : 09:12:17:20
  Stream #7:1[0x2](und): Audio: pcm_s16be (twos / 0x736F7774), 48000 Hz, stereo, s16, 1536 kb/s (default)
    Metadata:
      creation_time   : 2024-07-27T20:45:20.000000Z
      handler_name    : Sound Media Handler
Input #8, mov,mp4,m4a,3gp,3g2,mj2, from 'C:\Users\n\Documents\hotshort\assets\Dopamine_assets\db_lxury.mp4':
  Metadata:
    major_brand     : mp42
    minor_version   : 0
    compatible_brands: mp42isom
  Duration: 00:00:05.69, start: 0.000000, bitrate: 1686 kb/s
  Stream #8:0[0x1](und): Video: h264 (High) (avc1 / 0x31637661), yuv420p(tv, bt709/bt709/smpte170m, progressive), 478x850, 1366 kb/s, 30.04 fps, 30 tbr, 90k tbn (default)
  Stream #8:1[0x2](und): Audio: aac (LC) (mp4a / 0x6134706D), 44100 Hz, stereo, fltp, 317 kb/s (default)
Input #9, mov,mp4,m4a,3gp,3g2,mj2, from 'C:\Users\n\Documents\hotshort\assets\Dopamine_assets\db_luxury_house.mp4':
  Metadata:
    major_brand     : mp42
    minor_version   : 0
    compatible_brands: mp42isom
  Duration: 00:00:03.35, start: 0.000000, bitrate: 1708 kb/s
  Stream #9:0[0x1](und): Video: h264 (High) (avc1 / 0x31637661), yuv420p(tv, bt709/bt709/smpte170m, progressive), 478x850, 1386 kb/s, 30.13 fps, 30 tbr, 90k tbn (default)
  Stream #9:1[0x2](und): Audio: aac (LC) (mp4a / 0x6134706D), 44100 Hz, stereo, fltp, 317 kb/s (default)
[in#10 @ 0000018cc6f38c00] st: 0 edit list: 1 Missing key frame while searching for timestamp: 1001
[in#10 @ 0000018cc6f38c00] st: 0 edit list 1 Cannot find an index entry before timestamp: 1001.
[in#10 @ 0000018cc6f38c00] infe version < 2 is not implemented. Update your FFmpeg version to the newest one from Git. If the problem still occurs, it means that your file has a feature which has not been implemented.
[aist#10:1/pcm_s16be @ 0000018cdc50f700] Guessed Channel Layout: stereo
Input #10, mov,mp4,m4a,3gp,3g2,mj2, from 'C:\Users\n\Documents\hotshort\assets\Dopamine_assets\DB_VIRAL_1.mp4':
  Metadata:
    major_brand     : XAVC
    minor_version   : 17506303
    compatible_brands: XAVCmp42nrasiso6
    creation_time   : 2024-07-27T20:45:20.000000Z
  Duration: 00:00:16.02, start: 0.000000, bitrate: 134222 kb/s
  Stream group #10:0[0x3]: Track Reference:
    Stream #10:0[0x1](und): Video: hevc (Rext) (hvc1 / 0x31637668), yuv422p10le(pc), 3840x2160 [SAR 1:1 DAR 16:9], 99334 kb/s, 23.98 fps, 23.98 tbr, 24k tbn (default)
      Metadata:
        creation_time   : 2024-07-27T20:45:20.000000Z
        handler_name    : Video Media Handler
        encoder         : HEVC Coding
    Stream #10:2[0x3](und): Data: none (rtmd / 0x646D7472), 5695 kb/s (default)
      Metadata:
        creation_time   : 2024-07-27T20:45:20.000000Z
        handler_name    : Timed Metadata Media Handler
        timecode        : 09:12:17:20
  Stream #10:1[0x2](und): Audio: pcm_s16be (twos / 0x736F7774), 48000 Hz, stereo, s16, 1536 kb/s (default)
    Metadata:
      creation_time   : 2024-07-27T20:45:20.000000Z
      handler_name    : Sound Media Handler
[aist#11:1/pcm_s16le @ 0000018cdc50f380] Guessed Channel Layout: mono
Input #11, mov,mp4,m4a,3gp,3g2,mj2, from 'C:\Users\n\Documents\hotshort\assets\Dopamine_assets\IMG_1722.mp4':
  Metadata:
    major_brand     : qt  
    minor_version   : 0
    compatible_brands: qt  
    creation_time   : 2024-07-24T15:34:05.000000Z
    com.apple.quicktime.location.accuracy.horizontal: 4.771754
    com.apple.quicktime.location.ISO6709: +36.2252+029.3648+000.391/
    com.apple.quicktime.make: Apple
    com.apple.quicktime.model: iPhone 14 Pro Max
    com.apple.quicktime.software: 17.6
    com.apple.quicktime.creationdate: 2024-07-24T18:34:04+0300
  Duration: 00:00:05.77, start: 0.000000, bitrate: 10535 kb/s
  Stream group #11:0[0x3]: Track Reference:
    Stream #11:0[0x1](und): Video: hevc (Main) (hvc1 / 0x31637668), yuvj420p(pc, smpte170m/smpte432/bt709), 1920x1440, 9710 kb/s, 30 fps, 30 tbr, 600 tbn (default)
      Metadata:
        creation_time   : 2024-07-24T15:34:05.000000Z
        handler_name    : Core Media Video
        vendor_id       : [0][0][0][0]
        encoder         : HEVC
      Side data:
        Display Matrix: rotation of -90.00 degrees
    Stream #11:2[0x3](und): Data: none (mebx / 0x7862656D), 0 kb/s (default)
      Metadata:
        creation_time   : 2024-07-24T15:34:05.000000Z
        handler_name    : Core Media Metadata
  Stream group #11:1[0x4]: Track Reference:
    Stream #11:0[0x1](und): Video: hevc (Main) (hvc1 / 0x31637668), yuvj420p(pc, smpte170m/smpte432/bt709), 1920x1440, 9710 kb/s, 30 fps, 30 tbr, 600 tbn (default)
      Metadata:
        creation_time   : 2024-07-24T15:34:05.000000Z
        handler_name    : Core Media Video
        vendor_id       : [0][0][0][0]
        encoder         : HEVC
      Side data:
        Display Matrix: rotation of -90.00 degrees
    Stream #11:3[0x4](und): Data: none (mebx / 0x7862656D), 94 kb/s (default)
      Metadata:
        creation_time   : 2024-07-24T15:34:05.000000Z
        handler_name    : Core Media Metadata
  Stream #11:1[0x2](und): Audio: pcm_s16le (lpcm / 0x6D63706C), 44100 Hz, mono, s16, 705 kb/s (default)
    Metadata:
      creation_time   : 2024-07-24T15:34:05.000000Z
      handler_name    : Core Media Audio
      vendor_id       : [0][0][0][0]
Input #12, mp3, from 'C:\Users\n\Documents\hotshort\assets\phonk_music\phonk_1.mp3':
  Metadata:
    encoder         : Lavf60.3.100
    title           : ï»¿Sky Verse
    artist          : ï»¿Lieless, Luuna, Yarimov
    TLEN            : 102000
    album           : ï»¿Sky Verse
    lyrics-eng      : [00:00.00]Heat.
                    : [00:02.08][Music]
                    : [00:07.20]Heat.
                    : [00:17.19]Heat.
                    : [00:38.48]Heat.
                    : [00:56.80]Heat. Heat.
                    : [01:15.11]Heat. Heat.
                    : [01:25.11]Yeah.
                    : [01:31.20]Heat.
                    : [01:40.10][Music]
                    : 
  Duration: 00:01:41.90, start: 0.011021, bitrate: 162 kb/s
  Stream #12:0: Audio: mp3 (mp3float), 48000 Hz, stereo, fltp, 160 kb/s, start 0.011021
    Metadata:
      encoder         : Lavc60.3.
  Stream #12:1: Video: mjpeg (Baseline), yuvj420p(pc, bt470bg/unknown/unknown), 1280x720 [SAR 1:1 DAR 16:9], 90k tbr, 90k tbn, start 0.011022 (attached pic)
    Metadata:
      title           : attached picture
      comment         : Cover (front)
[fc#0 @ 0000018cc6f21440] Filter 'amix:default' has output 2 (hs_final_a) unconnected
Error binding filtergraph inputs/outputs: Invalid argument
; [1644.6-1742.85]: FFmpeg failed with exit code 4294967274:
ffmpeg version N-125674-g9bc73ba344-20260719 Copyright (c) 2000-2026 the FFmpeg developers
  built with gcc 15.2.0 (crosstool-NG 1.28.0.23_185f348)
  configuration: --prefix=/ffbuild/prefix --pkg-config-flags=--static --pkg-config=pkg-config --cross-prefix=x86_64-w64-mingw32- --arch=x86_64 --target-os=mingw32 --enable-gpl --enable-version3 --disable-debug --disable-w32threads --enable-pthreads --enable-iconv --enable-zlib --enable-libxml2 --enable-libvmaf --enable-fontconfig --enable-libharfbuzz --enable-libfreetype --enable-libfribidi --enable-vulkan --enable-libvorbis --disable-libxcb --disable-xlib --disable-libpulse --enable-gmp --enable-lzma --enable-liblcevc-dec --enable-opencl --enable-amf --enable-libaom --enable-libaribb24 --enable-avisynth --enable-chromaprint --enable-libdav1d --enable-libdavs2 --enable-libdvdread --enable-libdvdnav --disable-libfdk-aac --enable-ffnvcodec --enable-cuda-llvm --enable-frei0r --enable-libgme --enable-libkvazaar --enable-libaribcaption --enable-libass --enable-libbluray --enable-libjxl --enable-libmp3lame --enable-libopus --enable-libplacebo --enable-librist --enable-libssh --enable-libtheora --enable-libvpx --enable-libwebp --enable-libzmq --enable-lv2 --enable-libvpl --enable-openal --enable-liboapv --enable-libopencore-amrnb --enable-libopencore-amrwb --enable-libopenh264 --enable-libopenjpeg --enable-libopenmpt --enable-librav1e --enable-librubberband --enable-schannel --enable-sdl2 --enable-libsnappy --enable-libsoxr --enable-libsrt --enable-libsvtav1 --enable-libtwolame --enable-libuavs3d --disable-libdrm --enable-vaapi --enable-libvidstab --enable-libvvenc --disable-whisper --enable-libx264 --enable-libx265 --enable-libxavs2 --enable-libxvid --enable-libzimg --enable-libzvbi --extra-cflags=-DLIBTWOLAME_STATIC --extra-cxxflags= --extra-libs=-lgomp --extra-ldflags=-pthread --extra-ldexeflags= --cc=x86_64-w64-mingw32-gcc --cxx=x86_64-w64-mingw32-g++ --ar=x86_64-w64-mingw32-gcc-ar --ranlib=x86_64-w64-mingw32-gcc-ranlib --nm=x86_64-w64-mingw32-gcc-nm --extra-version=20260719
  libavutil      61.  5.100 / 61.  5.100
  libavcodec     63.  6.101 / 63.  6.101
  libavformat    63.  5.101 / 63.  5.101
  libavdevice    63.  2.100 / 63.  2.100
  libavfilter    12.  3.101 / 12.  3.101
  libswscale     10.  2.100 / 10.  2.100
  libswresample   7.  2.100 /  7.  2.100
[Parsed_subtitles_6 @ 0000016185113780] libass API version: 0x1705000
[Parsed_subtitles_6 @ 0000016185113780] libass source: meson, commit: 4a05d8127f525943ebf45fdc6497c9e665947f0d
[Parsed_subtitles_6 @ 0000016185113780] Shaper: FriBidi 1.0.16 (SIMPLE) HarfBuzz-ng 14.2.1 (COMPLEX)
[Parsed_subtitles_6 @ 0000016185113780] Loading font file 'C:/Windows/Fonts\8514fix.fon'
[Parsed_subtitles_6 @ 0000016185113780] Loading font file 'C:/Windows/Fonts\8514fixe.fon'
[Parsed_subtitles_6 @ 0000016185113780] Loading font file 'C:/Windows/Fonts\8514fixg.fon'
[Parsed_subtitles_6 @ 0000016185113780] Loading font file 'C:/Windows/Fonts\8514fixr.fon'
[Parsed_subtitles_6 @ 0000016185113780] Loading font file 'C:/Windows/Fonts\8514fixt.fon'
[Parsed_subtitles_6 @ 0000016185113780] Loading font file 'C:/Windows/Fonts\8514oem.fon'
[Parsed_subtitles_6 @ 0000016185113780] Loading font file 'C:/Windows/Fonts\8514oeme.fon'
[Parsed_subtitles_6 @ 0000016185113780] Loading font file 'C:/Windows/Fonts\8514oemg.fon'
[Parsed_subtitles_6 @ 0000016185113780] Loading font file 'C:/Windows/Fonts\8514oemr.fon'
[Parsed_subtitles_6 @ 0000016185113780] Loading font file 'C:/Windows/Fonts\8514oemt.fon'
[Parsed_subtitles_6 @ 0000016185113780] Loading font file 'C:/Windows/Fonts\8514sys.fon'
[Parsed_subtitles_6 @ 0000016185113780] Loading font file 'C:/Windows/Fonts\8514syse.fon'
[Parsed_subtitles_6 @ 0000016185113780] Loading font file 'C:/Windows/Fonts\8514sysg.fon'
[Parsed_subtitles_6 @ 0000016185113780] Loading font file 'C:/Windows/Fonts\8514sysr.fon'
[Parsed_subtitles_6 @ 0000016185113780] Loading font file 'C:/Windows/Fonts\8514syst.fon'
[Parsed_subtitles_6 @ 0000016185113780] Loading font file 'C:/Windows/Fonts\85775.fon'
[Parsed_subtitles_6 @ 0000016185113780] Loading font file 'C:/Windows/Fonts\85855.fon'
[Parsed_subtitles_6 @ 0000016185113780] Loading font file 'C:/Windows/Fonts\85f1255.fon'
[Parsed_subtitles_6 @ 0000016185113780] Loading font file 'C:/Windows/Fonts\85f1256.fon'
[Parsed_subtitles_6 @ 0000016185113780] Loading font file 'C:/Windows/Fonts\85f1257.fon'
[Parsed_subtitles_6 @ 0000016185113780] Loading font file 'C:/Windows/Fonts\85f874.fon'
[Parsed_subtitles_6 @ 0000016185113780] Loading font file 'C:/Windows/Fonts\85s1255.fon'
[Parsed_subtitles_6 @ 0000016185113780] Loading font file 'C:/Windows/Fonts\85s1256.fon'
[Parsed_subtitles_6 @ 0000016185113780] Loading font file 'C:/Windows/Fonts\85s1257.fon'
[Parsed_subtitles_6 @ 0000016185113780] Loading font file 'C:/Windows/Fonts\85s874.fon'
[Parsed_subtitles_6 @ 0000016185113780] Loading font file 'C:/Windows/Fonts\AGENCYB.TTF'
[Parsed_subtitles_6 @ 0000016185113780] Loading font file 'C:/Windows/Fonts\AGENCYR.TTF'
[Parsed_subtitles_6 @ 0000016185113780] Loading font file 'C:/Windows/Fonts\ALGER.TTF'
[Parsed_subtitles_6 @ 0000016185113780] Loading font file 'C:/Windows/Fonts\ANTQUAB.TTF'
[Parsed_subtitles_6 @ 0000016185113780] Loading font file 'C:/Windows/Fonts\ANTQUABI.TTF'
[Parsed_subtitles_6 @ 0000016185113780] Loading font file 'C:/Windows/Fonts\ANTQUAI.TTF'
[Parsed_subtitles_6 @ 0000016185113780] Loading font file 'C:/Windows/Fonts\app775.fon'
[Parsed_subtitles_6 @ 0000016185113780] Loading font file 'C:/Windows/Fonts\app850.fon'
[Parsed_subtitles_6 @ 0000016185113780] Loading font file 'C:/Windows/Fonts\app852.fon'
[Parsed_subtitles_6 @ 0000016185113780] Loading font file 'C:/Windows/Fonts\app855.fon'
[Parsed_subtitles_6 @ 0000016185113780] Loading font file 'C:/Windows/Fonts\app857.fon'
[Parsed_subtitles_6 @ 0000016185113780] Loading font file 'C:/Windows/Fonts\app866.fon'
[Parsed_subtitles_6 @ 0000016185113780] Loading font file 'C:/Windows/Fonts\app932.fon'
[Parsed_subtitles_6 @ 0000016185113780] Loading font file 'C:/Windows/Fonts\app936.fon'
[Parsed_subtitles_6 @ 0000016185113780] Loading font file 'C:/Windows/Fonts\app949.fon'
[Parsed_subtitles_6 @ 0000016185113780] Loading font file 'C:/Windows/Fonts\app950.fon'
[Parsed_subtitles_6 @ 0000016185113780] Loading font file 'C:/Windows/Fonts\arial.ttf'
[Parsed_subtitles_6 @ 0000016185113780] Loading font file 'C:/Windows/Fonts\arialbd.ttf'
[Parsed_subtitles_6 @ 0000016185113780] Loading font file 'C:/Windows/Fonts\arialbi.ttf'
[Parsed_subtitles_6 @ 0000016185113780] Loading font file 'C:/Windows/Fonts\ariali.ttf'
[Parsed_subtitles_6 @ 0000016185113780] Loading font file 'C:/Windows/Fonts\ARIALN.TTF'
[Parsed_subtitles_6 @ 0000016185113780] Loading font file 'C:/Windows/Fonts\ARIALNB.TTF'
[Parsed_subtitles_6 @ 0000016185113780] Loading font file 'C:/Windows/Fonts\ARIALNBI.TTF'
[Parsed_subtitles_6 @ 0000016185113780] Loading font file 'C:/Windows/Fonts\ARIALNI.TTF'
[Parsed_subtitles_6 @ 0000016185113780] Loading font file 'C:/Windows/Fonts\ariblk.ttf'
[Parsed_subtitles_6 @ 0000016185113780] Loading font file 'C:/Windows/Fonts\ARLRDBD.TTF'
[Parsed_subtitles_6 @ 0000016185113780] Loading font file 'C:/Windows/Fonts\bahnschrift.ttf'
[Parsed_subtitles_6 @ 0000016185113780] Loading font file 'C:/Windows/Fonts\BASKVILL.TTF'
[Parsed_subtitles_6 @ 0000016185113780] Loading font file 'C:/Windows/Fonts\BAUHS93.TTF'
[Parsed_subtitles_6 @ 0000016185113780] Loading font file 'C:/Windows/Fonts\BELL.TTF'
[Parsed_subtitles_6 @ 0000016185113780] Loading font file 'C:/Windows/Fonts\BELLB.TTF'
[Parsed_subtitles_6 @ 0000016185113780] Loading font file 'C:/Windows/Fonts\BELLI.TTF'
[Parsed_subtitles_6 @ 0000016185113780] Loading font file 'C:/Windows/Fonts\BERNHC.TTF'
[Parsed_subtitles_6 @ 0000016185113780] Loading font file 'C:/Windows/Fonts\BKANT.TTF'
[Parsed_subtitles_6 @ 0000016185113780] Loading font file 'C:/Windows/Fonts\BOD_B.TTF'
[Parsed_subtitles_6 @ 0000016185113780] Loading font file 'C:/Windows/Fonts\BOD_BI.TTF'
[Parsed_subtitles_6 @ 0000016185113780] Loading font file 'C:/Windows/Fonts\BOD_BLAI.TTF'
[Parsed_subtitles_6 @ 0000016185113780] Loading font file 'C:/Windows/Fonts\BOD_BLAR.TTF'
[Parsed_subtitles_6 @ 0000016185113780] Loading font file 'C:/Windows/Fonts\BOD_CB.TTF'
[Parsed_subtitles_6 @ 0000016185113780] Loading font file 'C:/Windows/Fonts\BOD_CBI.TTF'
[Parsed_subtitles_6 @ 0000016185113780] Loading font file 'C:/Windows/Fonts\BOD_CI.TTF'
[Parsed_subtitles_6 @ 0000016185113780] Loading font file 'C:/Windows/Fonts\BOD_CR.TTF'
[Parsed_subtitles_6 @ 0000016185113780] Loading font file 'C:/Windows/Fonts\BOD_I.TTF'
[Parsed_subtitles_6 @ 0000016185113780] Loading font file 'C:/Windows/Fonts\BOD_PSTC.TTF'
[Parsed_subtitles_6 @ 0000016185113780] Loading font file 'C:/Windows/Fonts\BOD_R.TTF'
[Parsed_subtitles_6 @ 0000016185113780] Loading font file 'C:/Windows/Fonts\BOOKOS.TTF'
[Parsed_subtitles_6 @ 0000016185113780] Loading font file 'C:/Windows/Fonts\BOOKOSB.TTF'
[Parsed_subtitles_6 @ 0000016185113780] Loading font file 'C:/Windows/Fonts\BOOKOSBI.TTF'
[Parsed_subtitles_6 @ 0000016185113780] Loading font file 'C:/Windows/Fonts\BOOKOSI.TTF'
[Parsed_subtitles_6 @ 0000016185113780] Loading font file 'C:/Windows/Fonts\BRADHITC.TTF'
[Parsed_subtitles_6 @ 0000016185113780] Loading font file 'C:/Windows/Fonts\BRITANIC.TTF'
[Parsed_subtitles_6 @ 0000016185113780] Loading font file 'C:/Windows/Fonts\BRLNSB.TTF'
[Parsed_subtitles_6 @ 0000016185113780] Loading font file 'C:/Windows/Fonts\BRLNSDB.TTF'
[Parsed_subtitles_6 @ 0000016185113780] Loading font file 'C:/Windows/Fonts\BRLNSR.TTF'
[Parsed_subtitles_6 @ 0000016185113780] Loading font file 'C:/Windows/Fonts\BROADW.TTF'
[Parsed_subtitles_6 @ 0000016185113780] Loading font file 'C:/Windows/Fonts\BRUSHSCI.TTF'
[Parsed_subtitles_6 @ 0000016185113780] Loading font file 'C:/Windows/Fonts\BSSYM7.TTF'
[Parsed_subtitles_6 @ 0000016185113780] Loading font file 'C:/Windows/Fonts\c8514fix.fon'
[Parsed_subtitles_6 @ 0000016185113780] Loading font file 'C:/Windows/Fonts\c8514oem.fon'
[Parsed_subtitles_6 @ 0000016185113780] Loading font file 'C:/Windows/Fonts\c8514sys.fon'
[Parsed_subtitles_6 @ 0000016185113780] Loading font file 'C:/Windows/Fonts\calibri.ttf'
[Parsed_subtitles_6 @ 0000016185113780] Loading font file 'C:/Windows/Fonts\calibrib.ttf'
[Parsed_subtitles_6 @ 0000016185113780] Loading font file 'C:/Windows/Fonts\calibrii.ttf'
[Parsed_subtitles_6 @ 0000016185113780] Loading font file 'C:/Windows/Fonts\calibril.ttf'
[Parsed_subtitles_6 @ 0000016185113780] Loading font file 'C:/Windows/Fonts\calibrili.ttf'
[Parsed_subtitles_6 @ 0000016185113780] Loading font file 'C:/Windows/Fonts\calibriz.ttf'
[Parsed_subtitles_6 @ 0000016185113780] Loading font file 'C:/Windows/Fonts\CALIFB.TTF'
[Parsed_subtitles_6 @ 0000016185113780] Loading font file 'C:/Windows/Fonts\CALIFI.TTF'
[Parsed_subtitles_6 @ 0000016185113780] Loading font file 'C:/Windows/Fonts\CALIFR.TTF'
[Parsed_subtitles_6 @ 0000016185113780] Loading font file 'C:/Windows/Fonts\CALIST.TTF'
[Parsed_subtitles_6 @ 0000016185113780] Loading font file 'C:/Windows/Fonts\CALISTB.TTF'
[Parsed_subtitles_6 @ 0000016185113780] Loading font file 'C:/Windows/Fonts\CALISTBI.TTF'
[Parsed_subtitles_6 @ 0000016185113780] Loading font file 'C:/Windows/Fonts\CALISTI.TTF'
[Parsed_subtitles_6 @ 0000016185113780] Loading font file 'C:/Windows/Fonts\cambria.ttc'
[Parsed_subtitles_6 @ 0000016185113780] Loading font file 'C:/Windows/Fonts\cambriab.ttf'
[Parsed_subtitles_6 @ 0000016185113780] Loading font file 'C:/Windows/Fonts\cambriai.ttf'
[Parsed_subtitles_6 @ 0000016185113780] Loading font file 'C:/Windows/Fonts\cambriaz.ttf'
[Parsed_subtitles_6 @ 0000016185113780] Loading font file 'C:/Windows/Fonts\Candara.ttf'
[Parsed_subtitles_6 @ 0000016185113780] Loading font file 'C:/Windows/Fonts\Candarab.ttf'
[Parsed_subtitles_6 @ 0000016185113780] Loading font file 'C:/Windows/Fonts\Candarai.ttf'
[Parsed_subtitles_6 @ 0000016185113780] Loading font file 'C:/Windows/Fonts\Candaral.ttf'
[Parsed_subtitles_6 @ 0000016185113780] Loading font file 'C:/Windows/Fonts\Candarali.ttf'
[Parsed_subtitles_6 @ 0000016185113780] Loading font file 'C:/Windows/Fonts\Candaraz.ttf'
[Parsed_subtitles_6 @ 0000016185113780] Loading font file 'C:/Windows/Fonts\CascadiaCode.ttf'
[Parsed_subtitles_6 @ 0000016185113780] Loading font file 'C:/Windows/Fonts\CascadiaMono.ttf'
[Parsed_subtitles_6 @ 0000016185113780] Loading font file 'C:/Windows/Fonts\CASTELAR.TTF'
[Parsed_subtitles_6 @ 0000016185113780] Loading font file 'C:/Windows/Fonts\CENSCBK.TTF'
[Parsed_subtitles_6 @ 0000016185113780] Loading font file 'C:/Windows/Fonts\CENTAUR.TTF'
[Parsed_subtitles_6 @ 0000016185113780] Loading font file 'C:/Windows/Fonts\CENTURY.TTF'
[Parsed_subtitles_6 @ 0000016185113780] Loading font file 'C:/Windows/Fonts\cga40737.fon'
[Parsed_subtitles_6 @ 0000016185113780] Loading font file 'C:/Windows/Fonts\cga40850.fon'
[Parsed_subtitles_6 @ 0000016185113780] Loading font file 'C:/Windows/Fonts\cga40852.fon'
[Parsed_subtitles_6 @ 0000016185113780] Loading font file 'C:/Windows/Fonts\cga40857.fon'
[Parsed_subtitles_6 @ 0000016185113780] Loading font file 'C:/Windows/Fonts\cga40866.fon'
[Parsed_subtitles_6 @ 0000016185113780] Loading font file 'C:/Windows/Fonts\cga40869.fon'
[Parsed_subtitles_6 @ 0000016185113780] Loading font file 'C:/Windows/Fonts\cga40woa.fon'
[Parsed_subtitles_6 @ 0000016185113780] Loading font file 'C:/Windows/Fonts\cga80737.fon'
[Parsed_subtitles_6 @ 0000016185113780] Loading font file 'C:/Windows/Fonts\cga80850.fon'
[Parsed_subtitles_6 @ 0000016185113780] Loading font file 'C:/Windows/Fonts\cga80852.fon'
[Parsed_subtitles_6 @ 0000016185113780] Loading font file 'C:/Windows/Fonts\cga80857.fon'
[Parsed_subtitles_6 @ 0000016185113780] Loading font file 'C:/Windows/Fonts\cga80866.fon'
[Parsed_subtitles_6 @ 0000016185113780] Loading font file 'C:/Windows/Fonts\cga80869.fon'
[Parsed_subtitles_6 @ 0000016185113780] Loading font file 'C:/Windows/Fonts\cga80woa.fon'
[Parsed_subtitles_6 @ 0000016185113780] Loading font file 'C:/Windows/Fonts\CHILLER.TTF'
[Parsed_subtitles_6 @ 0000016185113780] Loading font file 'C:/Windows/Fonts\COLONNA.TTF'
[Parsed_subtitles_6 @ 0000016185113780] Loading font file 'C:/Windows/Fonts\comic.ttf'
[Parsed_subtitles_6 @ 0000016185113780] Loading font file 'C:/Windows/Fonts\comicbd.ttf'
[Parsed_subtitles_6 @ 0000016185113780] Loading font file 'C:/Windows/Fonts\comici.ttf'
[Parsed_subtitles_6 @ 0000016185113780] Loading font file 'C:/Windows/Fonts\comicz.ttf'
[Parsed_subtitles_6 @ 0000016185113780] Loading font file 'C:/Windows/Fonts\consola.ttf'
[Parsed_subtitles_6 @ 0000016185113780] Loading font file 'C:/Windows/Fonts\consolab.ttf'
[Parsed_subtitles_6 @ 0000016185113780] Loading font file 'C:/Windows/Fonts\consolai.ttf'
[Parsed_subtitles_6 @ 0000016185113780] Loading font file 'C:/Windows/Fonts\consolaz.ttf'
[Parsed_subtitles_6 @ 0000016185113780] Loading font file 'C:/Windows/Fonts\constan.ttf'
[Parsed_subtitles_6 @ 0000016185113780] Loading font file 'C:/Windows/Fonts\constanb.ttf'
[Parsed_subtitles_6 @ 0000016185113780] Loading font file 'C:/Windows/Fonts\constani.ttf'
[Parsed_subtitles_6 @ 0000016185113780] Loading font file 'C:/Windows/Fonts\constanz.ttf'
[Parsed_subtitles_6 @ 0000016185113780] Loading font file 'C:/Windows/Fonts\COOPBL.TTF'
[Parsed_subtitles_6 @ 0000016185113780] Loading font file 'C:/Windows/Fonts\COPRGTB.TTF'
[Parsed_subtitles_6 @ 0000016185113780] Loading font file 'C:/Windows/Fonts\COPRGTL.TTF'
[Parsed_subtitles_6 @ 0000016185113780] Loading font file 'C:/Windows/Fonts\corbel.ttf'
[Parsed_subtitles_6 @ 0000016185113780] Loading font file 'C:/Windows/Fonts\corbelb.ttf'
[Parsed_subtitles_6 @ 0000016185113780] Loading font file 'C:/Windows/Fonts\corbeli.ttf'
[Parsed_subtitles_6 @ 0000016185113780] Loading font file 'C:/Windows/Fonts\corbell.ttf'
[Parsed_subtitles_6 @ 0000016185113780] Loading font file 'C:/Windows/Fonts\corbelli.ttf'
[Parsed_subtitles_6 @ 0000016185113780] Loading font file 'C:/Windows/Fonts\corbelz.ttf'
[Parsed_subtitles_6 @ 0000016185113780] Loading font file 'C:/Windows/Fonts\coue1255.fon'
[Parsed_subtitles_6 @ 0000016185113780] Loading font file 'C:/Windows/Fonts\coue1256.fon'
[Parsed_subtitles_6 @ 0000016185113780] Loading font file 'C:/Windows/Fonts\coue1257.fon'
[Parsed_subtitles_6 @ 0000016185113780] Loading font file 'C:/Windows/Fonts\couf1255.fon'
[Parsed_subtitles_6 @ 0000016185113780] Loading font file 'C:/Windows/Fonts\couf1256.fon'
[Parsed_subtitles_6 @ 0000016185113780] Loading font file 'C:/Windows/Fonts\couf1257.fon'
[Parsed_subtitles_6 @ 0000016185113780] Loading font file 'C:/Windows/Fonts\cour.ttf'
[Parsed_subtitles_6 @ 0000016185113780] Loading font file 'C:/Windows/Fonts\courbd.ttf'
[Parsed_subtitles_6 @ 0000016185113780] Loading font file 'C:/Windows/Fonts\courbi.ttf'
[Parsed_subtitles_6 @ 0000016185113780] Loading font file 'C:/Windows/Fonts\coure.fon'
[Parsed_subtitles_6 @ 0000016185113780] Loading font file 'C:/Windows/Fonts\couree.fon'
[Parsed_subtitles_6 @ 0000016185113780] Loading font file 'C:/Windows/Fonts\coureg.fon'
[Parsed_subtitles_6 @ 0000016185113780] Loading font file 'C:/Windows/Fonts\courer.fon'
[Parsed_subtitles_6 @ 0000016185113780] Loading font file 'C:/Windows/Fonts\couret.fon'
[Parsed_subtitles_6 @ 0000016185113780] Loading font file 'C:/Windows/Fonts\courf.fon'
[Parsed_subtitles_6 @ 0000016185113780] Loading font file 'C:/Windows/Fonts\courfe.fon'
[Parsed_subtitles_6 @ 0000016185113780] Loading font file 'C:/Windows/Fonts\courfg.fon'
[Parsed_subtitles_6 @ 0000016185113780] Loading font file 'C:/Windows/Fonts\courfr.fon'
[Parsed_subtitles_6 @ 0000016185113780] Loading font file 'C:/Windows/Fonts\courft.fon'
[Parsed_subtitles_6 @ 0000016185113780] Loading font file 'C:/Windows/Fonts\couri.ttf'
[Parsed_subtitles_6 @ 0000016185113780] Loading font file 'C:/Windows/Fonts\CURLZ___.TTF'
[Parsed_subtitles_6 @ 0000016185113780] Loading font file 'C:/Windows/Fonts\cvgafix.fon'
[Parsed_subtitles_6 @ 0000016185113780] Loading font file 'C:/Windows/Fonts\cvgasys.fon'
[Parsed_subtitles_6 @ 0000016185113780] Loading font file 'C:/Windows/Fonts\desktop.ini'
[Parsed_subtitles_6 @ 0000016185113780] Loading font file 'C:/Windows/Fonts\dos737.fon'
[Parsed_subtitles_6 @ 0000016185113780] Loading font file 'C:/Windows/Fonts\dos869.fon'
[Parsed_subtitles_6 @ 0000016185113780] Loading font file 'C:/Windows/Fonts\dosapp.fon'
[Parsed_subtitles_6 @ 0000016185113780] Loading font file 'C:/Windows/Fonts\DUBAI-BOLD.TTF'
[Parsed_subtitles_6 @ 0000016185113780] Loading font file 'C:/Windows/Fonts\DUBAI-LIGHT.TTF'
[Parsed_subtitles_6 @ 0000016185113780] Loading font file 'C:/Windows/Fonts\DUBAI-MEDIUM.TTF'
[Parsed_subtitles_6 @ 0000016185113780] Loading font file 'C:/Windows/Fonts\DUBAI-REGULAR.TTF'
[Parsed_subtitles_6 @ 0000016185113780] Loading font file 'C:/Windows/Fonts\ebrima.ttf'
[Parsed_subtitles_6 @ 0000016185113780] Loading font file 'C:/Windows/Fonts\ebrimabd.ttf'
[Parsed_subtitles_6 @ 0000016185113780] Loading font file 'C:/Windows/Fonts\ega40737.fon'
[Parsed_subtitles_6 @ 0000016185113780] Loading font file 'C:/Windows/Fonts\ega40850.fon'
[Parsed_subtitles_6 @ 0000016185113780] Loading font file 'C:/Windows/Fonts\ega40852.fon'
[Parsed_subtitles_6 @ 0000016185113780] Loading font file 'C:/Windows/Fonts\ega40857.fon'
[Parsed_subtitles_6 @ 0000016185113780] Loading font file 'C:/Windows/Fonts\ega40866.fon'
[Parsed_subtitles_6 @ 0000016185113780] Loading font file 'C:/Windows/Fonts\ega40869.fon'
[Parsed_subtitles_6 @ 0000016185113780] Loading font file 'C:/Windows/Fonts\ega40woa.fon'
[Parsed_subtitles_6 @ 0000016185113780] Loading font file 'C:/Windows/Fonts\ega80737.fon'
[Parsed_subtitles_6 @ 0000016185113780] Loading font file 'C:/Windows/Fonts\ega80850.fon'
[Parsed_subtitles_6 @ 0000016185113780] Loading font file 'C:/Windows/Fonts\ega80852.fon'
[Parsed_subtitles_6 @ 0000016185113780] Loading font file 'C:/Windows/Fonts\ega80857.fon'
[Parsed_subtitles_6 @ 0000016185113780] Loading font file 'C:/Windows/Fonts\ega80866.fon'
[Parsed_subtitles_6 @ 0000016185113780] Loading font file 'C:/Windows/Fonts\ega80869.fon'
[Parsed_subtitles_6 @ 0000016185113780] Loading font file 'C:/Windows/Fonts\ega80woa.fon'
[Parsed_subtitles_6 @ 0000016185113780] Loading font file 'C:/Windows/Fonts\ELEPHNT.TTF'
[Parsed_subtitles_6 @ 0000016185113780] Loading font file 'C:/Windows/Fonts\ELEPHNTI.TTF'
[Parsed_subtitles_6 @ 0000016185113780] Loading font file 'C:/Windows/Fonts\ENGR.TTF'
[Parsed_subtitles_6 @ 0000016185113780] Loading font file 'C:/Windows/Fonts\ERASBD.TTF'
[Parsed_subtitles_6 @ 0000016185113780] Loading font file 'C:/Windows/Fonts\ERASDEMI.TTF'
[Parsed_subtitles_6 @ 0000016185113780] Loading font file 'C:/Windows/Fonts\ERASLGHT.TTF'
[Parsed_subtitles_6 @ 0000016185113780] Loading font file 'C:/Windows/Fonts\ERASMD.TTF'
[Parsed_subtitles_6 @ 0000016185113780] Loading font file 'C:/Windows/Fonts\FELIXTI.TTF'
[Parsed_subtitles_6 @ 0000016185113780] Loading font file 'C:/Windows/Fonts\fms_metadata.xml'
[Parsed_subtitles_6 @ 0000016185113780] Loading font file 'C:/Windows/Fonts\FORTE.TTF'
[Parsed_subtitles_6 @ 0000016185113780] Loading font file 'C:/Windows/Fonts\FRABK.TTF'
[Parsed_subtitles_6 @ 0000016185113780] Loading font file 'C:/Windows/Fonts\FRABKIT.TTF'
[Parsed_subtitles_6 @ 0000016185113780] Loading font file 'C:/Windows/Fonts\FRADM.TTF'
[Parsed_subtitles_6 @ 0000016185113780] Loading font file 'C:/Windows/Fonts\FRADMCN.TTF'
[Parsed_subtitles_6 @ 0000016185113780] Loading font file 'C:/Windows/Fonts\FRADMIT.TTF'
[Parsed_subtitles_6 @ 0000016185113780] Loading font file 'C:/Windows/Fonts\FRAHV.TTF'
[Parsed_subtitles_6 @ 0000016185113780] Loading font file 'C:/Windows/Fonts\FRAHVIT.TTF'
[Parsed_subtitles_6 @ 0000016185113780] Loading font file 'C:/Windows/Fonts\framd.ttf'
[Parsed_subtitles_6 @ 0000016185113780] Loading font file 'C:/Windows/Fonts\FRAMDCN.TTF'
[Parsed_subtitles_6 @ 0000016185113780] Loading font file 'C:/Windows/Fonts\framdit.ttf'
[Parsed_subtitles_6 @ 0000016185113780] Loading font file 'C:/Windows/Fonts\FREESCPT.TTF'
[Parsed_subtitles_6 @ 0000016185113780] Loading font file 'C:/Windows/Fonts\FRSCRIPT.TTF'
[Parsed_subtitles_6 @ 0000016185113780] Loading font file 'C:/Windows/Fonts\FTLTLT.TTF'
[Parsed_subtitles_6 @ 0000016185113780] Loading font file 'C:/Windows/Fonts\Gabriola.ttf'
[Parsed_subtitles_6 @ 0000016185113780] Loading font file 'C:/Windows/Fonts\gadugi.ttf'
[Parsed_subtitles_6 @ 0000016185113780] Loading font file 'C:/Windows/Fonts\gadugib.ttf'
[Parsed_subtitles_6 @ 0000016185113780] Loading font file 'C:/Windows/Fonts\GARA.TTF'
[Parsed_subtitles_6 @ 0000016185113780] Loading font file 'C:/Windows/Fonts\GARABD.TTF'
[Parsed_subtitles_6 @ 0000016185113780] Loading font file 'C:/Windows/Fonts\GARAIT.TTF'
[Parsed_subtitles_6 @ 0000016185113780] Loading font file 'C:/Windows/Fonts\georgia.ttf'
[Parsed_subtitles_6 @ 0000016185113780] Loading font file 'C:/Windows/Fonts\georgiab.ttf'
[Parsed_subtitles_6 @ 0000016185113780] Loading font file 'C:/Windows/Fonts\georgiai.ttf'
[Parsed_subtitles_6 @ 0000016185113780] Loading font file 'C:/Windows/Fonts\georgiaz.ttf'
[Parsed_subtitles_6 @ 0000016185113780] Loading font file 'C:/Windows/Fonts\GIGI.TTF'
[Parsed_subtitles_6 @ 0000016185113780] Loading font file 'C:/Windows/Fonts\GILBI___.TTF'
[Parsed_subtitles_6 @ 0000016185113780] Loading font file 'C:/Windows/Fonts\GILB____.TTF'
[Parsed_subtitles_6 @ 0000016185113780] Loading font file 'C:/Windows/Fonts\GILC____.TTF'
[Parsed_subtitles_6 @ 0000016185113780] Loading font file 'C:/Windows/Fonts\GILI____.TTF'
[Parsed_subtitles_6 @ 0000016185113780] Loading font file 'C:/Windows/Fonts\GILLUBCD.TTF'
[Parsed_subtitles_6 @ 0000016185113780] Loading font file 'C:/Windows/Fonts\GILSANUB.TTF'
[Parsed_subtitles_6 @ 0000016185113780] Loading font file 'C:/Windows/Fonts\GIL_____.TTF'
[Parsed_subtitles_6 @ 0000016185113780] Loading font file 'C:/Windows/Fonts\GLECB.TTF'
[Parsed_subtitles_6 @ 0000016185113780] Loading font file 'C:/Windows/Fonts\GlobalMonospace.CompositeFont'
[Parsed_subtitles_6 @ 0000016185113780] Loading font file 'C:/Windows/Fonts\GlobalSansSerif.CompositeFont'
[Parsed_subtitles_6 @ 0000016185113780] Loading font file 'C:/Windows/Fonts\GlobalSerif.CompositeFont'
[Parsed_subtitles_6 @ 0000016185113780] Loading font file 'C:/Windows/Fonts\GlobalUserInterface.CompositeFont'
[Parsed_subtitles_6 @ 0000016185113780] Loading font file 'C:/Windows/Fonts\GLSNECB.TTF'
[Parsed_subtitles_6 @ 0000016185113780] Loading font file 'C:/Windows/Fonts\GOTHIC.TTF'
[Parsed_subtitles_6 @ 0000016185113780] Loading font file 'C:/Windows/Fonts\GOTHICB.TTF'
[Parsed_subtitles_6 @ 0000016185113780] Loading font file 'C:/Windows/Fonts\GOTHICBI.TTF'
[Parsed_subtitles_6 @ 0000016185113780] Loading font file 'C:/Windows/Fonts\GOTHICI.TTF'
[Parsed_subtitles_6 @ 0000016185113780] Loading font file 'C:/Windows/Fonts\GOUDOS.TTF'
[Parsed_subtitles_6 @ 0000016185113780] Loading font file 'C:/Windows/Fonts\GOUDOSB.TTF'
[Parsed_subtitles_6 @ 0000016185113780] Loading font file 'C:/Windows/Fonts\GOUDOSI.TTF'
[Parsed_subtitles_6 @ 0000016185113780] Loading font file 'C:/Windows/Fonts\GOUDYSTO.TTF'
[Parsed_subtitles_6 @ 0000016185113780] Loading font file 'C:/Windows/Fonts\h8514fix.fon'
[Parsed_subtitles_6 @ 0000016185113780] Loading font file 'C:/Windows/Fonts\h8514oem.fon'
[Parsed_subtitles_6 @ 0000016185113780] Loading font file 'C:/Windows/Fonts\h8514sys.fon'
[Parsed_subtitles_6 @ 0000016185113780] Loading font file 'C:/Windows/Fonts\HARLOWSI.TTF'
[Parsed_subtitles_6 @ 0000016185113780] Loading font file 'C:/Windows/Fonts\HARNGTON.TTF'
[Parsed_subtitles_6 @ 0000016185113780] Loading font file 'C:/Windows/Fonts\HATTEN.TTF'
[Parsed_subtitles_6 @ 0000016185113780] Loading font file 'C:/Windows/Fonts\himalaya.ttf'
[Parsed_subtitles_6 @ 0000016185113780] Loading font file 'C:/Windows/Fonts\HTOWERT.TTF'
[Parsed_subtitles_6 @ 0000016185113780] Loading font file 'C:/Windows/Fonts\HTOWERTI.TTF'
[Parsed_subtitles_6 @ 0000016185113780] Loading font file 'C:/Windows/Fonts\hvgafix.fon'
[Parsed_subtitles_6 @ 0000016185113780] Loading font file 'C:/Windows/Fonts\hvgasys.fon'
[Parsed_subtitles_6 @ 0000016185113780] Loading font file 'C:/Windows/Fonts\impact.ttf'
[Parsed_subtitles_6 @ 0000016185113780] Loading font file 'C:/Windows/Fonts\IMPRISHA.TTF'
[Parsed_subtitles_6 @ 0000016185113780] Loading font file 'C:/Windows/Fonts\INFROMAN.TTF'
[Parsed_subtitles_6 @ 0000016185113780] Loading font file 'C:/Windows/Fonts\Inkfree.ttf'
[Parsed_subtitles_6 @ 0000016185113780] Loading font file 'C:/Windows/Fonts\ITCBLKAD.TTF'
[Parsed_subtitles_6 @ 0000016185113780] Loading font file 'C:/Windows/Fonts\ITCEDSCR.TTF'
[Parsed_subtitles_6 @ 0000016185113780] Loading font file 'C:/Windows/Fonts\ITCKRIST.TTF'
[Parsed_subtitles_6 @ 0000016185113780] Loading font file 'C:/Windows/Fonts\j8514fix.fon'
[Parsed_subtitles_6 @ 0000016185113780] Loading font file 'C:/Windows/Fonts\j8514oem.fon'
[Parsed_subtitles_6 @ 0000016185113780] Loading font file 'C:/Windows/Fonts\j8514sys.fon'
[Parsed_subtitles_6 @ 0000016185113780] Loading font file 'C:/Windows/Fonts\javatext.ttf'
[Parsed_subtitles_6 @ 0000016185113780] Loading font file 'C:/Windows/Fonts\JOKERMAN.TTF'
[Parsed_subtitles_6 @ 0000016185113780] Loading font file 'C:/Windows/Fonts\jsmalle.fon'
[Parsed_subtitles_6 @ 0000016185113780] Loading font file 'C:/Windows/Fonts\jsmallf.fon'
[Parsed_subtitles_6 @ 0000016185113780] Loading font file 'C:/Windows/Fonts\JUICE___.TTF'
[Parsed_subtitles_6 @ 0000016185113780] Loading font file 'C:/Windows/Fonts\jvgafix.fon'
[Parsed_subtitles_6 @ 0000016185113780] Loading font file 'C:/Windows/Fonts\jvgasys.fon'
[Parsed_subtitles_6 @ 0000016185113780] Loading font file 'C:/Windows/Fonts\KUNSTLER.TTF'
[Parsed_subtitles_6 @ 0000016185113780] Loading font file 'C:/Windows/Fonts\LATINWD.TTF'
[Parsed_subtitles_6 @ 0000016185113780] Loading font file 'C:/Windows/Fonts\LBRITE.TTF'
[Parsed_subtitles_6 @ 0000016185113780] Loading font file 'C:/Windows/Fonts\LBRITED.TTF'
[Parsed_subtitles_6 @ 0000016185113780] Loading font file 'C:/Windows/Fonts\LBRITEDI.TTF'
[Parsed_subtitles_6 @ 0000016185113780] Loading font file 'C:/Windows/Fonts\LBRITEI.TTF'
[Parsed_subtitles_6 @ 0000016185113780] Loading font file 'C:/Windows/Fonts\LCALLIG.TTF'
[Parsed_subtitles_6 @ 0000016185113780] Loading font file 'C:/Windows/Fonts\LeelaUIb.ttf'
[Parsed_subtitles_6 @ 0000016185113780] Loading font file 'C:/Windows/Fonts\LEELAWAD.TTF'
[Parsed_subtitles_6 @ 0000016185113780] Loading font file 'C:/Windows/Fonts\LEELAWDB.TTF'
[Parsed_subtitles_6 @ 0000016185113780] Loading font file 'C:/Windows/Fonts\LeelawUI.ttf'
[Parsed_subtitles_6 @ 0000016185113780] Loading font file 'C:/Windows/Fonts\LeelUIsl.ttf'
[Parsed_subtitles_6 @ 0000016185113780] Loading font file 'C:/Windows/Fonts\LFAX.TTF'
[Parsed_subtitles_6 @ 0000016185113780] Loading font file 'C:/Windows/Fonts\LFAXD.TTF'
[Parsed_subtitles_6 @ 0000016185113780] Loading font file 'C:/Windows/Fonts\LFAXDI.TTF'
[Parsed_subtitles_6 @ 0000016185113780] Loading font file 'C:/Windows/Fonts\LFAXI.TTF'
[Parsed_subtitles_6 @ 0000016185113780] Loading font file 'C:/Windows/Fonts\LHANDW.TTF'
[Parsed_subtitles_6 @ 0000016185113780] Loading font file 'C:/Windows/Fonts\LSANS.TTF'
[Parsed_subtitles_6 @ 0000016185113780] Loading font file 'C:/Windows/Fonts\LSANSD.TTF'
[Parsed_subtitles_6 @ 0000016185113780] Loading font file 'C:/Windows/Fonts\LSANSDI.TTF'
[Parsed_subtitles_6 @ 0000016185113780] Loading font file 'C:/Windows/Fonts\LSANSI.TTF'
[Parsed_subtitles_6 @ 0000016185113780] Loading font file 'C:/Windows/Fonts\LTYPE.TTF'
[Parsed_subtitles_6 @ 0000016185113780] Loading font file 'C:/Windows/Fonts\LTYPEB.TTF'
[Parsed_subtitles_6 @ 0000016185113780] Loading font file 'C:/Windows/Fonts\LTYPEBO.TTF'
[Parsed_subtitles_6 @ 0000016185113780] Loading font file 'C:/Windows/Fonts\LTYPEO.TTF'
[Parsed_subtitles_6 @ 0000016185113780] Loading font file 'C:/Windows/Fonts\lucon.ttf'
[Parsed_subtitles_6 @ 0000016185113780] Loading font file 'C:/Windows/Fonts\l_10646.ttf'
[Parsed_subtitles_6 @ 0000016185113780] Loading font file 'C:/Windows/Fonts\MAGNETOB.TTF'
[Parsed_subtitles_6 @ 0000016185113780] Loading font file 'C:/Windows/Fonts\MAIAN.TTF'
[Parsed_subtitles_6 @ 0000016185113780] Loading font file 'C:/Windows/Fonts\malgun.ttf'
[Parsed_subtitles_6 @ 0000016185113780] Loading font file 'C:/Windows/Fonts\malgunbd.ttf'
[Parsed_subtitles_6 @ 0000016185113780] Loading font file 'C:/Windows/Fonts\malgunsl.ttf'
[Parsed_subtitles_6 @ 0000016185113780] Loading font file 'C:/Windows/Fonts\marlett.ttf'
[Parsed_subtitles_6 @ 0000016185113780] Loading font file 'C:/Windows/Fonts\MATURASC.TTF'
[Parsed_subtitles_6 @ 0000016185113780] Loading font file 'C:/Windows/Fonts\micross.ttf'
[Parsed_subtitles_6 @ 0000016185113780] Loading font file 'C:/Windows/Fonts\mingliub.ttc'
[Parsed_subtitles_6 @ 0000016185113780] Loading font file 'C:/Windows/Fonts\MISTRAL.TTF'
[Parsed_subtitles_6 @ 0000016185113780] Loading font file 'C:/Windows/Fonts\mmrtext.ttf'
[Parsed_subtitles_6 @ 0000016185113780] Loading font file 'C:/Windows/Fonts\mmrtextb.ttf'
[Parsed_subtitles_6 @ 0000016185113780] Loading font file 'C:/Windows/Fonts\MOD20.TTF'
[Parsed_subtitles_6 @ 0000016185113780] Loading font file 'C:/Windows/Fonts\modern.fon'
[Parsed_subtitles_6 @ 0000016185113780] Loading font file 'C:/Windows/Fonts\monbaiti.ttf'
[Parsed_subtitles_6 @ 0000016185113780] Loading font file 'C:/Windows/Fonts\msgothic.ttc'
[Parsed_subtitles_6 @ 0000016185113780] Loading font file 'C:/Windows/Fonts\msjh.ttc'
[Parsed_subtitles_6 @ 0000016185113780] Loading font file 'C:/Windows/Fonts\msjhbd.ttc'
[Parsed_subtitles_6 @ 0000016185113780] Loading font file 'C:/Windows/Fonts\msjhl.ttc'
[Parsed_subtitles_6 @ 0000016185113780] Loading font file 'C:/Windows/Fonts\MSUIGHUB.TTF'
[Parsed_subtitles_6 @ 0000016185113780] Loading font file 'C:/Windows/Fonts\MSUIGHUR.TTF'
[Parsed_subtitles_6 @ 0000016185113780] Loading font file 'C:/Windows/Fonts\msyh.ttc'
[Parsed_subtitles_6 @ 0000016185113780] Loading font file 'C:/Windows/Fonts\msyhbd.ttc'
[Parsed_subtitles_6 @ 0000016185113780] Loading font file 'C:/Windows/Fonts\msyhl.ttc'
[Parsed_subtitles_6 @ 0000016185113780] Loading font file 'C:/Windows/Fonts\msyi.ttf'
[Parsed_subtitles_6 @ 0000016185113780] Loading font file 'C:/Windows/Fonts\MTCORSVA.TTF'
[Parsed_subtitles_6 @ 0000016185113780] Loading font file 'C:/Windows/Fonts\MTEXTRA.TTF'
[Parsed_subtitles_6 @ 0000016185113780] Loading font file 'C:/Windows/Fonts\mvboli.ttf'
[Parsed_subtitles_6 @ 0000016185113780] Loading font file 'C:/Windows/Fonts\NIAGENG.TTF'
[Parsed_subtitles_6 @ 0000016185113780] Loading font file 'C:/Windows/Fonts\NIAGSOL.TTF'
[Parsed_subtitles_6 @ 0000016185113780] Loading font file 'C:/Windows/Fonts\Nirmala.ttc'
[Parsed_subtitles_6 @ 0000016185113780] Loading font file 'C:/Windows/Fonts\ntailu.ttf'
[Parsed_subtitles_6 @ 0000016185113780] Loading font file 'C:/Windows/Fonts\ntailub.ttf'
[Parsed_subtitles_6 @ 0000016185113780] Loading font file 'C:/Windows/Fonts\OCRAEXT.TTF'
[Parsed_subtitles_6 @ 0000016185113780] Loading font file 'C:/Windows/Fonts\OLDENGL.TTF'
[Parsed_subtitles_6 @ 0000016185113780] Loading font file 'C:/Windows/Fonts\ONYX.TTF'
[Parsed_subtitles_6 @ 0000016185113780] Loading font file 'C:/Windows/Fonts\OUTLOOK.TTF'
[Parsed_subtitles_6 @ 0000016185113780] Loading font file 'C:/Windows/Fonts\pala.ttf'
[Parsed_subtitles_6 @ 0000016185113780] Loading font file 'C:/Windows/Fonts\palab.ttf'
[Parsed_subtitles_6 @ 0000016185113780] Loading font file 'C:/Windows/Fonts\palabi.ttf'
[Parsed_subtitles_6 @ 0000016185113780] Loading font file 'C:/Windows/Fonts\palai.ttf'
[Parsed_subtitles_6 @ 0000016185113780] Loading font file 'C:/Windows/Fonts\PALSCRI.TTF'
[Parsed_subtitles_6 @ 0000016185113780] Loading font file 'C:/Windows/Fonts\PAPYRUS.TTF'
[Parsed_subtitles_6 @ 0000016185113780] Loading font file 'C:/Windows/Fonts\PARCHM.TTF'
[Parsed_subtitles_6 @ 0000016185113780] Loading font file 'C:/Windows/Fonts\PERBI___.TTF'
[Parsed_subtitles_6 @ 0000016185113780] Loading font file 'C:/Windows/Fonts\PERB____.TTF'
[Parsed_subtitles_6 @ 0000016185113780] Loading font file 'C:/Windows/Fonts\PERI____.TTF'
[Parsed_subtitles_6 @ 0000016185113780] Loading font file 'C:/Windows/Fonts\PERTIBD.TTF'
[Parsed_subtitles_6 @ 0000016185113780] Loading font file 'C:/Windows/Fonts\PERTILI.TTF'
[Parsed_subtitles_6 @ 0000016185113780] Loading font file 'C:/Windows/Fonts\PER_____.TTF'
[Parsed_subtitles_6 @ 0000016185113780] Loading font file 'C:/Windows/Fonts\phagspa.ttf'
[Parsed_subtitles_6 @ 0000016185113780] Loading font file 'C:/Windows/Fonts\phagspab.ttf'
[Parsed_subtitles_6 @ 0000016185113780] Loading font file 'C:/Windows/Fonts\PLAYBILL.TTF'
[Parsed_subtitles_6 @ 0000016185113780] Loading font file 'C:/Windows/Fonts\POORICH.TTF'
[Parsed_subtitles_6 @ 0000016185113780] Loading font file 'C:/Windows/Fonts\PRISTINA.TTF'
[Parsed_subtitles_6 @ 0000016185113780] Loading font file 'C:/Windows/Fonts\RAGE.TTF'
[Parsed_subtitles_6 @ 0000016185113780] Loading font file 'C:/Windows/Fonts\RAVIE.TTF'
[Parsed_subtitles_6 @ 0000016185113780] Loading font file 'C:/Windows/Fonts\REFSAN.TTF'
[Parsed_subtitles_6 @ 0000016185113780] Loading font file 'C:/Windows/Fonts\REFSPCL.TTF'
[Parsed_subtitles_6 @ 0000016185113780] Loading font file 'C:/Windows/Fonts\ROCCB___.TTF'
[Parsed_subtitles_6 @ 0000016185113780] Loading font file 'C:/Windows/Fonts\ROCC____.TTF'
[Parsed_subtitles_6 @ 0000016185113780] Loading font file 'C:/Windows/Fonts\ROCK.TTF'
[Parsed_subtitles_6 @ 0000016185113780] Loading font file 'C:/Windows/Fonts\ROCKB.TTF'
[Parsed_subtitles_6 @ 0000016185113780] Loading font file 'C:/Windows/Fonts\ROCKBI.TTF'
[Parsed_subtitles_6 @ 0000016185113780] Loading font file 'C:/Windows/Fonts\ROCKEB.TTF'
[Parsed_subtitles_6 @ 0000016185113780] Loading font file 'C:/Windows/Fonts\ROCKI.TTF'
[Parsed_subtitles_6 @ 0000016185113780] Loading font file 'C:/Windows/Fonts\roman.fon'
[Parsed_subtitles_6 @ 0000016185113780] Loading font file 'C:/Windows/Fonts\s8514fix.fon'
[Parsed_subtitles_6 @ 0000016185113780] Loading font file 'C:/Windows/Fonts\s8514oem.fon'
[Parsed_subtitles_6 @ 0000016185113780] Loading font file 'C:/Windows/Fonts\s8514sys.fon'
[Parsed_subtitles_6 @ 0000016185113780] Loading font file 'C:/Windows/Fonts\SansSerifCollection.ttf'
[Parsed_subtitles_6 @ 0000016185113780] Loading font file 'C:/Windows/Fonts\SCHLBKB.TTF'
[Parsed_subtitles_6 @ 0000016185113780] Loading font file 'C:/Windows/Fonts\SCHLBKBI.TTF'
[Parsed_subtitles_6 @ 0000016185113780] Loading font file 'C:/Windows/Fonts\SCHLBKI.TTF'
[Parsed_subtitles_6 @ 0000016185113780] Loading font file 'C:/Windows/Fonts\script.fon'
[Parsed_subtitles_6 @ 0000016185113780] Loading font file 'C:/Windows/Fonts\SCRIPTBL.TTF'
[Parsed_subtitles_6 @ 0000016185113780] Loading font file 'C:/Windows/Fonts\segmdl2.ttf'
[Parsed_subtitles_6 @ 0000016185113780] Loading font file 'C:/Windows/Fonts\SegoeIcons.ttf'
[Parsed_subtitles_6 @ 0000016185113780] Loading font file 'C:/Windows/Fonts\segoepr.ttf'
[Parsed_subtitles_6 @ 0000016185113780] Loading font file 'C:/Windows/Fonts\segoeprb.ttf'
[Parsed_subtitles_6 @ 0000016185113780] Loading font file 'C:/Windows/Fonts\segoesc.ttf'
[Parsed_subtitles_6 @ 0000016185113780] Loading font file 'C:/Windows/Fonts\segoescb.ttf'
[Parsed_subtitles_6 @ 0000016185113780] Loading font file 'C:/Windows/Fonts\segoeui.ttf'
[Parsed_subtitles_6 @ 0000016185113780] Loading font file 'C:/Windows/Fonts\segoeuib.ttf'
[Parsed_subtitles_6 @ 0000016185113780] Loading font file 'C:/Windows/Fonts\segoeuii.ttf'
[Parsed_subtitles_6 @ 0000016185113780] Loading font file 'C:/Windows/Fonts\segoeuil.ttf'
[Parsed_subtitles_6 @ 0000016185113780] Loading font file 'C:/Windows/Fonts\segoeuisl.ttf'
[Parsed_subtitles_6 @ 0000016185113780] Loading font file 'C:/Windows/Fonts\segoeuiz.ttf'
[Parsed_subtitles_6 @ 0000016185113780] Loading font file 'C:/Windows/Fonts\seguibl.ttf'
[Parsed_subtitles_6 @ 0000016185113780] Loading font file 'C:/Windows/Fonts\seguibli.ttf'
[Parsed_subtitles_6 @ 0000016185113780] Loading font file 'C:/Windows/Fonts\seguiemj.ttf'
[Parsed_subtitles_6 @ 0000016185113780] Loading font file 'C:/Windows/Fonts\seguihis.ttf'
[Parsed_subtitles_6 @ 0000016185113780] Loading font file 'C:/Windows/Fonts\seguili.ttf'
[Parsed_subtitles_6 @ 0000016185113780] Loading font file 'C:/Windows/Fonts\seguisb.ttf'
[Parsed_subtitles_6 @ 0000016185113780] Loading font file 'C:/Windows/Fonts\seguisbi.ttf'
[Parsed_subtitles_6 @ 0000016185113780] Loading font file 'C:/Windows/Fonts\seguisli.ttf'
[Parsed_subtitles_6 @ 0000016185113780] Loading font file 'C:/Windows/Fonts\seguisym.ttf'
[Parsed_subtitles_6 @ 0000016185113780] Loading font file 'C:/Windows/Fonts\SegUIVar.ttf'
[Parsed_subtitles_6 @ 0000016185113780] Loading font file 'C:/Windows/Fonts\sere1255.fon'
[Parsed_subtitles_6 @ 0000016185113780] Loading font file 'C:/Windows/Fonts\sere1256.fon'
[Parsed_subtitles_6 @ 0000016185113780] Loading font file 'C:/Windows/Fonts\sere1257.fon'
[Parsed_subtitles_6 @ 0000016185113780] Loading font file 'C:/Windows/Fonts\serf1255.fon'
[Parsed_subtitles_6 @ 0000016185113780] Loading font file 'C:/Windows/Fonts\serf1256.fon'
[Parsed_subtitles_6 @ 0000016185113780] Loading font file 'C:/Windows/Fonts\serf1257.fon'
[Parsed_subtitles_6 @ 0000016185113780] Loading font file 'C:/Windows/Fonts\serife.fon'
[Parsed_subtitles_6 @ 0000016185113780] Loading font file 'C:/Windows/Fonts\serifee.fon'
[Parsed_subtitles_6 @ 0000016185113780] Loading font file 'C:/Windows/Fonts\serifeg.fon'
[Parsed_subtitles_6 @ 0000016185113780] Loading font file 'C:/Windows/Fonts\serifer.fon'
[Parsed_subtitles_6 @ 0000016185113780] Loading font file 'C:/Windows/Fonts\serifet.fon'
[Parsed_subtitles_6 @ 0000016185113780] Loading font file 'C:/Windows/Fonts\seriff.fon'
[Parsed_subtitles_6 @ 0000016185113780] Loading font file 'C:/Windows/Fonts\seriffe.fon'
[Parsed_subtitles_6 @ 0000016185113780] Loading font file 'C:/Windows/Fonts\seriffg.fon'
[Parsed_subtitles_6 @ 0000016185113780] Loading font file 'C:/Windows/Fonts\seriffr.fon'
[Parsed_subtitles_6 @ 0000016185113780] Loading font file 'C:/Windows/Fonts\serifft.fon'
[Parsed_subtitles_6 @ 0000016185113780] Loading font file 'C:/Windows/Fonts\SHOWG.TTF'
[Parsed_subtitles_6 @ 0000016185113780] Loading font file 'C:/Windows/Fonts\simsun.ttc'
[Parsed_subtitles_6 @ 0000016185113780] Loading font file 'C:/Windows/Fonts\simsunb.ttf'
[Parsed_subtitles_6 @ 0000016185113780] Loading font file 'C:/Windows/Fonts\SimsunExtG.ttf'
[Parsed_subtitles_6 @ 0000016185113780] Loading font file 'C:/Windows/Fonts\SitkaVF-Italic.ttf'
[Parsed_subtitles_6 @ 0000016185113780] Loading font file 'C:/Windows/Fonts\SitkaVF.ttf'
[Parsed_subtitles_6 @ 0000016185113780] Loading font file 'C:/Windows/Fonts\smae1255.fon'
[Parsed_subtitles_6 @ 0000016185113780] Loading font file 'C:/Windows/Fonts\smae1256.fon'
[Parsed_subtitles_6 @ 0000016185113780] Loading font file 'C:/Windows/Fonts\smae1257.fon'
[Parsed_subtitles_6 @ 0000016185113780] Loading font file 'C:/Windows/Fonts\smaf1255.fon'
[Parsed_subtitles_6 @ 0000016185113780] Loading font file 'C:/Windows/Fonts\smaf1256.fon'
[Parsed_subtitles_6 @ 0000016185113780] Loading font file 'C:/Windows/Fonts\smaf1257.fon'
[Parsed_subtitles_6 @ 0000016185113780] Loading font file 'C:/Windows/Fonts\smalle.fon'
[Parsed_subtitles_6 @ 0000016185113780] Loading font file 'C:/Windows/Fonts\smallee.fon'
[Parsed_subtitles_6 @ 0000016185113780] Loading font file 'C:/Windows/Fonts\smalleg.fon'
[Parsed_subtitles_6 @ 0000016185113780] Loading font file 'C:/Windows/Fonts\smaller.fon'
[Parsed_subtitles_6 @ 0000016185113780] Loading font file 'C:/Windows/Fonts\smallet.fon'
[Parsed_subtitles_6 @ 0000016185113780] Loading font file 'C:/Windows/Fonts\smallf.fon'
[Parsed_subtitles_6 @ 0000016185113780] Loading font file 'C:/Windows/Fonts\smallfe.fon'
[Parsed_subtitles_6 @ 0000016185113780] Loading font file 'C:/Windows/Fonts\smallfg.fon'
[Parsed_subtitles_6 @ 0000016185113780] Loading font file 'C:/Windows/Fonts\smallfr.fon'
[Parsed_subtitles_6 @ 0000016185113780] Loading font file 'C:/Windows/Fonts\smallft.fon'
[Parsed_subtitles_6 @ 0000016185113780] Loading font file 'C:/Windows/Fonts\SNAP____.TTF'
[Parsed_subtitles_6 @ 0000016185113780] Loading font file 'C:/Windows/Fonts\ssee1255.fon'
[Parsed_subtitles_6 @ 0000016185113780] Loading font file 'C:/Windows/Fonts\ssee1256.fon'
[Parsed_subtitles_6 @ 0000016185113780] Loading font file 'C:/Windows/Fonts\ssee1257.fon'
[Parsed_subtitles_6 @ 0000016185113780] Loading font file 'C:/Windows/Fonts\ssee874.fon'
[Parsed_subtitles_6 @ 0000016185113780] Loading font file 'C:/Windows/Fonts\ssef1255.fon'
[Parsed_subtitles_6 @ 0000016185113780] Loading font file 'C:/Windows/Fonts\ssef1256.fon'
[Parsed_subtitles_6 @ 0000016185113780] Loading font file 'C:/Windows/Fonts\ssef1257.fon'
[Parsed_subtitles_6 @ 0000016185113780] Loading font file 'C:/Windows/Fonts\ssef874.fon'
[Parsed_subtitles_6 @ 0000016185113780] Loading font file 'C:/Windows/Fonts\sserife.fon'
[Parsed_subtitles_6 @ 0000016185113780] Loading font file 'C:/Windows/Fonts\sserifee.fon'
[Parsed_subtitles_6 @ 0000016185113780] Loading font file 'C:/Windows/Fonts\sserifeg.fon'
[Parsed_subtitles_6 @ 0000016185113780] Loading font file 'C:/Windows/Fonts\sserifer.fon'
[Parsed_subtitles_6 @ 0000016185113780] Loading font file 'C:/Windows/Fonts\sserifet.fon'
[Parsed_subtitles_6 @ 0000016185113780] Loading font file 'C:/Windows/Fonts\sseriff.fon'
[Parsed_subtitles_6 @ 0000016185113780] Loading font file 'C:/Windows/Fonts\sseriffe.fon'
[Parsed_subtitles_6 @ 0000016185113780] Loading font file 'C:/Windows/Fonts\sseriffg.fon'
[Parsed_subtitles_6 @ 0000016185113780] Loading font file 'C:/Windows/Fonts\sseriffr.fon'
[Parsed_subtitles_6 @ 0000016185113780] Loading font file 'C:/Windows/Fonts\sserifft.fon'
[Parsed_subtitles_6 @ 0000016185113780] Loading font file 'C:/Windows/Fonts\StaticCache.dat'
[Parsed_subtitles_6 @ 0000016185113780] Loading font file 'C:/Windows/Fonts\STENCIL.TTF'
[Parsed_subtitles_6 @ 0000016185113780] Loading font file 'C:/Windows/Fonts\svgafix.fon'
[Parsed_subtitles_6 @ 0000016185113780] Loading font file 'C:/Windows/Fonts\svgasys.fon'
[Parsed_subtitles_6 @ 0000016185113780] Loading font file 'C:/Windows/Fonts\sylfaen.ttf'
[Parsed_subtitles_6 @ 0000016185113780] Loading font file 'C:/Windows/Fonts\symbol.ttf'
[Parsed_subtitles_6 @ 0000016185113780] Loading font file 'C:/Windows/Fonts\tahoma.ttf'
[Parsed_subtitles_6 @ 0000016185113780] Loading font file 'C:/Windows/Fonts\tahomabd.ttf'
[Parsed_subtitles_6 @ 0000016185113780] Loading font file 'C:/Windows/Fonts\taile.ttf'
[Parsed_subtitles_6 @ 0000016185113780] Loading font file 'C:/Windows/Fonts\taileb.ttf'
[Parsed_subtitles_6 @ 0000016185113780] Loading font file 'C:/Windows/Fonts\TCBI____.TTF'
[Parsed_subtitles_6 @ 0000016185113780] Loading font file 'C:/Windows/Fonts\TCB_____.TTF'
[Parsed_subtitles_6 @ 0000016185113780] Loading font file 'C:/Windows/Fonts\TCCB____.TTF'
[Parsed_subtitles_6 @ 0000016185113780] Loading font file 'C:/Windows/Fonts\TCCEB.TTF'
[Parsed_subtitles_6 @ 0000016185113780] Loading font file 'C:/Windows/Fonts\TCCM____.TTF'
[Parsed_subtitles_6 @ 0000016185113780] Loading font file 'C:/Windows/Fonts\TCMI____.TTF'
[Parsed_subtitles_6 @ 0000016185113780] Loading font file 'C:/Windows/Fonts\TCM_____.TTF'
[Parsed_subtitles_6 @ 0000016185113780] Loading font file 'C:/Windows/Fonts\TEMPSITC.TTF'
[Parsed_subtitles_6 @ 0000016185113780] Loading font file 'C:/Windows/Fonts\times.ttf'
[Parsed_subtitles_6 @ 0000016185113780] Loading font file 'C:/Windows/Fonts\timesbd.ttf'
[Parsed_subtitles_6 @ 0000016185113780] Loading font file 'C:/Windows/Fonts\timesbi.ttf'
[Parsed_subtitles_6 @ 0000016185113780] Loading font file 'C:/Windows/Fonts\timesi.ttf'
[Parsed_subtitles_6 @ 0000016185113780] Loading font file 'C:/Windows/Fonts\trebuc.ttf'
[Parsed_subtitles_6 @ 0000016185113780] Loading font file 'C:/Windows/Fonts\trebucbd.ttf'
[Parsed_subtitles_6 @ 0000016185113780] Loading font file 'C:/Windows/Fonts\trebucbi.ttf'
[Parsed_subtitles_6 @ 0000016185113780] Loading font file 'C:/Windows/Fonts\trebucit.ttf'
[Parsed_subtitles_6 @ 0000016185113780] Loading font file 'C:/Windows/Fonts\verdana.ttf'
[Parsed_subtitles_6 @ 0000016185113780] Loading font file 'C:/Windows/Fonts\verdanab.ttf'
[Parsed_subtitles_6 @ 0000016185113780] Loading font file 'C:/Windows/Fonts\verdanai.ttf'
[Parsed_subtitles_6 @ 0000016185113780] Loading font file 'C:/Windows/Fonts\verdanaz.ttf'
[Parsed_subtitles_6 @ 0000016185113780] Loading font file 'C:/Windows/Fonts\vga737.fon'
[Parsed_subtitles_6 @ 0000016185113780] Loading font file 'C:/Windows/Fonts\vga775.fon'
[Parsed_subtitles_6 @ 0000016185113780] Loading font file 'C:/Windows/Fonts\vga850.fon'
[Parsed_subtitles_6 @ 0000016185113780] Loading font file 'C:/Windows/Fonts\vga852.fon'
[Parsed_subtitles_6 @ 0000016185113780] Loading font file 'C:/Windows/Fonts\vga855.fon'
[Parsed_subtitles_6 @ 0000016185113780] Loading font file 'C:/Windows/Fonts\vga857.fon'
[Parsed_subtitles_6 @ 0000016185113780] Loading font file 'C:/Windows/Fonts\vga860.fon'
[Parsed_subtitles_6 @ 0000016185113780] Loading font file 'C:/Windows/Fonts\vga861.fon'
[Parsed_subtitles_6 @ 0000016185113780] Loading font file 'C:/Windows/Fonts\vga863.fon'
[Parsed_subtitles_6 @ 0000016185113780] Loading font file 'C:/Windows/Fonts\vga865.fon'
[Parsed_subtitles_6 @ 0000016185113780] Loading font file 'C:/Windows/Fonts\vga866.fon'
[Parsed_subtitles_6 @ 0000016185113780] Loading font file 'C:/Windows/Fonts\vga869.fon'
[Parsed_subtitles_6 @ 0000016185113780] Loading font file 'C:/Windows/Fonts\vga932.fon'
[Parsed_subtitles_6 @ 0000016185113780] Loading font file 'C:/Windows/Fonts\vga936.fon'
[Parsed_subtitles_6 @ 0000016185113780] Loading font file 'C:/Windows/Fonts\vga949.fon'
[Parsed_subtitles_6 @ 0000016185113780] Loading font file 'C:/Windows/Fonts\vga950.fon'
[Parsed_subtitles_6 @ 0000016185113780] Loading font file 'C:/Windows/Fonts\vgaf1255.fon'
[Parsed_subtitles_6 @ 0000016185113780] Loading font file 'C:/Windows/Fonts\vgaf1256.fon'
[Parsed_subtitles_6 @ 0000016185113780] Loading font file 'C:/Windows/Fonts\vgaf1257.fon'
[Parsed_subtitles_6 @ 0000016185113780] Loading font file 'C:/Windows/Fonts\vgaf874.fon'
[Parsed_subtitles_6 @ 0000016185113780] Loading font file 'C:/Windows/Fonts\vgafix.fon'
[Parsed_subtitles_6 @ 0000016185113780] Loading font file 'C:/Windows/Fonts\vgafixe.fon'
[Parsed_subtitles_6 @ 0000016185113780] Loading font file 'C:/Windows/Fonts\vgafixg.fon'
[Parsed_subtitles_6 @ 0000016185113780] Loading font file 'C:/Windows/Fonts\vgafixr.fon'
[Parsed_subtitles_6 @ 0000016185113780] Loading font file 'C:/Windows/Fonts\vgafixt.fon'
[Parsed_subtitles_6 @ 0000016185113780] Loading font file 'C:/Windows/Fonts\vgaoem.fon'
[Parsed_subtitles_6 @ 0000016185113780] Loading font file 'C:/Windows/Fonts\vgas1255.fon'
[Parsed_subtitles_6 @ 0000016185113780] Loading font file 'C:/Windows/Fonts\vgas1256.fon'
[Parsed_subtitles_6 @ 0000016185113780] Loading font file 'C:/Windows/Fonts\vgas1257.fon'
[Parsed_subtitles_6 @ 0000016185113780] Loading font file 'C:/Windows/Fonts\vgas874.fon'
[Parsed_subtitles_6 @ 0000016185113780] Loading font file 'C:/Windows/Fonts\vgasys.fon'
[Parsed_subtitles_6 @ 0000016185113780] Loading font file 'C:/Windows/Fonts\vgasyse.fon'
[Parsed_subtitles_6 @ 0000016185113780] Loading font file 'C:/Windows/Fonts\vgasysg.fon'
[Parsed_subtitles_6 @ 0000016185113780] Loading font file 'C:/Windows/Fonts\vgasysr.fon'
[Parsed_subtitles_6 @ 0000016185113780] Loading font file 'C:/Windows/Fonts\vgasyst.fon'
[Parsed_subtitles_6 @ 0000016185113780] Loading font file 'C:/Windows/Fonts\VINERITC.TTF'
[Parsed_subtitles_6 @ 0000016185113780] Loading font file 'C:/Windows/Fonts\VIVALDII.TTF'
[Parsed_subtitles_6 @ 0000016185113780] Loading font file 'C:/Windows/Fonts\VLADIMIR.TTF'
[Parsed_subtitles_6 @ 0000016185113780] Loading font file 'C:/Windows/Fonts\webdings.ttf'
[Parsed_subtitles_6 @ 0000016185113780] Loading font file 'C:/Windows/Fonts\wingding.ttf'
[Parsed_subtitles_6 @ 0000016185113780] Loading font file 'C:/Windows/Fonts\WINGDNG2.TTF'
[Parsed_subtitles_6 @ 0000016185113780] Loading font file 'C:/Windows/Fonts\WINGDNG3.TTF'
[Parsed_subtitles_6 @ 0000016185113780] Loading font file 'C:/Windows/Fonts\YuGothB.ttc'
[Parsed_subtitles_6 @ 0000016185113780] Loading font file 'C:/Windows/Fonts\YuGothL.ttc'
[Parsed_subtitles_6 @ 0000016185113780] Loading font file 'C:/Windows/Fonts\YuGothM.ttc'
[Parsed_subtitles_6 @ 0000016185113780] Loading font file 'C:/Windows/Fonts\YuGothR.ttc'
[Parsed_subtitles_6 @ 0000016185113780] No charmap autodetected, trying the first one
[Parsed_subtitles_6 @ 0000016185113780] Error getting metadata for embedded font '8514fix.fon'
[Parsed_subtitles_6 @ 0000016185113780] No charmap autodetected, trying the first one
[Parsed_subtitles_6 @ 0000016185113780] Error getting metadata for embedded font '8514fixe.fon'
[Parsed_subtitles_6 @ 0000016185113780] No charmap autodetected, trying the first one
[Parsed_subtitles_6 @ 0000016185113780] Error getting metadata for embedded font '8514fixg.fon'
[Parsed_subtitles_6 @ 0000016185113780] No charmap autodetected, trying the first one
[Parsed_subtitles_6 @ 0000016185113780] Error getting metadata for embedded font '8514fixr.fon'
[Parsed_subtitles_6 @ 0000016185113780] No charmap autodetected, trying the first one
[Parsed_subtitles_6 @ 0000016185113780] Error getting metadata for embedded font '8514fixt.fon'
[Parsed_subtitles_6 @ 0000016185113780] No charmap autodetected, trying the first one
[Parsed_subtitles_6 @ 0000016185113780] Error getting metadata for embedded font '8514oem.fon'
[Parsed_subtitles_6 @ 0000016185113780] No charmap autodetected, trying the first one
[Parsed_subtitles_6 @ 0000016185113780] Error getting metadata for embedded font '8514oeme.fon'
[Parsed_subtitles_6 @ 0000016185113780] No charmap autodetected, trying the first one
[Parsed_subtitles_6 @ 0000016185113780] Error getting metadata for embedded font '8514oemg.fon'
[Parsed_subtitles_6 @ 0000016185113780] No charmap autodetected, trying the first one
[Parsed_subtitles_6 @ 0000016185113780] Error getting metadata for embedded font '8514oemr.fon'
[Parsed_subtitles_6 @ 0000016185113780] No charmap autodetected, trying the first one
[Parsed_subtitles_6 @ 0000016185113780] Error getting metadata for embedded font '8514oemt.fon'
[Parsed_subtitles_6 @ 0000016185113780] No charmap autodetected, trying the first one
[Parsed_subtitles_6 @ 0000016185113780] Error getting metadata for embedded font '8514sys.fon'
[Parsed_subtitles_6 @ 0000016185113780] No charmap autodetected, trying the first one
[Parsed_subtitles_6 @ 0000016185113780] Error getting metadata for embedded font '8514syse.fon'
[Parsed_subtitles_6 @ 0000016185113780] No charmap autodetected, trying the first one
[Parsed_subtitles_6 @ 0000016185113780] Error getting metadata for embedded font '8514sysg.fon'
[Parsed_subtitles_6 @ 0000016185113780] No charmap autodetected, trying the first one
[Parsed_subtitles_6 @ 0000016185113780] Error getting metadata for embedded font '8514sysr.fon'
[Parsed_subtitles_6 @ 0000016185113780] No charmap autodetected, trying the first one
[Parsed_subtitles_6 @ 0000016185113780] Error getting metadata for embedded font '8514syst.fon'
[Parsed_subtitles_6 @ 0000016185113780] No charmap autodetected, trying the first one
[Parsed_subtitles_6 @ 0000016185113780] Error getting metadata for embedded font '85775.fon'
[Parsed_subtitles_6 @ 0000016185113780] No charmap autodetected, trying the first one
[Parsed_subtitles_6 @ 0000016185113780] Error getting metadata for embedded font '85855.fon'
[Parsed_subtitles_6 @ 0000016185113780] No charmap autodetected, trying the first one
[Parsed_subtitles_6 @ 0000016185113780] Error getting metadata for embedded font '85f1255.fon'
[Parsed_subtitles_6 @ 0000016185113780] No charmap autodetected, trying the first one
[Parsed_subtitles_6 @ 0000016185113780] Error getting metadata for embedded font '85f1256.fon'
[Parsed_subtitles_6 @ 0000016185113780] No charmap autodetected, trying the first one
[Parsed_subtitles_6 @ 0000016185113780] Error getting metadata for embedded font '85f1257.fon'
[Parsed_subtitles_6 @ 0000016185113780] No charmap autodetected, trying the first one
[Parsed_subtitles_6 @ 0000016185113780] Error getting metadata for embedded font '85f874.fon'
[Parsed_subtitles_6 @ 0000016185113780] No charmap autodetected, trying the first one
[Parsed_subtitles_6 @ 0000016185113780] Error getting metadata for embedded font '85s1255.fon'
[Parsed_subtitles_6 @ 0000016185113780] No charmap autodetected, trying the first one
[Parsed_subtitles_6 @ 0000016185113780] Error getting metadata for embedded font '85s1256.fon'
[Parsed_subtitles_6 @ 0000016185113780] No charmap autodetected, trying the first one
[Parsed_subtitles_6 @ 0000016185113780] Error getting metadata for embedded font '85s1257.fon'
[Parsed_subtitles_6 @ 0000016185113780] No charmap autodetected, trying the first one
[Parsed_subtitles_6 @ 0000016185113780] Error getting metadata for embedded font '85s874.fon'
[Parsed_subtitles_6 @ 0000016185113780] No charmap autodetected, trying the first one
[Parsed_subtitles_6 @ 0000016185113780] Error getting metadata for embedded font 'app775.fon'
[Parsed_subtitles_6 @ 0000016185113780] No charmap autodetected, trying the first one
[Parsed_subtitles_6 @ 0000016185113780] Error getting metadata for embedded font 'app775.fon'
[Parsed_subtitles_6 @ 0000016185113780] No charmap autodetected, trying the first one
[Parsed_subtitles_6 @ 0000016185113780] Error getting metadata for embedded font 'app775.fon'
[Parsed_subtitles_6 @ 0000016185113780] No charmap autodetected, trying the first one
[Parsed_subtitles_6 @ 0000016185113780] Error getting metadata for embedded font 'app775.fon'
[Parsed_subtitles_6 @ 0000016185113780] No charmap autodetected, trying the first one
[Parsed_subtitles_6 @ 0000016185113780] Error getting metadata for embedded font 'app775.fon'
[Parsed_subtitles_6 @ 0000016185113780] No charmap autodetected, trying the first one
[Parsed_subtitles_6 @ 0000016185113780] Error getting metadata for embedded font 'app775.fon'
[Parsed_subtitles_6 @ 0000016185113780] No charmap autodetected, trying the first one
[Parsed_subtitles_6 @ 0000016185113780] Error getting metadata for embedded font 'app850.fon'
[Parsed_subtitles_6 @ 0000016185113780] No charmap autodetected, trying the first one
[Parsed_subtitles_6 @ 0000016185113780] Error getting metadata for embedded font 'app850.fon'
[Parsed_subtitles_6 @ 0000016185113780] No charmap autodetected, trying the first one
[Parsed_subtitles_6 @ 0000016185113780] Error getting metadata for embedded font 'app850.fon'
[Parsed_subtitles_6 @ 0000016185113780] No charmap autodetected, trying the first one
[Parsed_subtitles_6 @ 0000016185113780] Error getting metadata for embedded font 'app850.fon'
[Parsed_subtitles_6 @ 0000016185113780] No charmap autodetected, trying the first one
[Parsed_subtitles_6 @ 0000016185113780] Error getting metadata for embedded font 'app850.fon'
[Parsed_subtitles_6 @ 0000016185113780] No charmap autodetected, trying the first one
[Parsed_subtitles_6 @ 0000016185113780] Error getting metadata for embedded font 'app850.fon'
[Parsed_subtitles_6 @ 0000016185113780] No charmap autodetected, trying the first one
[Parsed_subtitles_6 @ 0000016185113780] Error getting metadata for embedded font 'app852.fon'
[Parsed_subtitles_6 @ 0000016185113780] No charmap autodetected, trying the first one
[Parsed_subtitles_6 @ 0000016185113780] Error getting metadata for embedded font 'app852.fon'
[Parsed_subtitles_6 @ 0000016185113780] No charmap autodetected, trying the first one
[Parsed_subtitles_6 @ 0000016185113780] Error getting metadata for embedded font 'app852.fon'
[Parsed_subtitles_6 @ 0000016185113780] No charmap autodetected, trying the first one
[Parsed_subtitles_6 @ 0000016185113780] Error getting metadata for embedded font 'app852.fon'
[Parsed_subtitles_6 @ 0000016185113780] No charmap autodetected, trying the first one
[Parsed_subtitles_6 @ 0000016185113780] Error getting metadata for embedded font 'app852.fon'
[Parsed_subtitles_6 @ 0000016185113780] No charmap autodetected, trying the first one
[Parsed_subtitles_6 @ 0000016185113780] Error getting metadata for embedded font 'app852.fon'
[Parsed_subtitles_6 @ 0000016185113780] No charmap autodetected, trying the first one
[Parsed_subtitles_6 @ 0000016185113780] Error getting metadata for embedded font 'app855.fon'
[Parsed_subtitles_6 @ 0000016185113780] No charmap autodetected, trying the first one
[Parsed_subtitles_6 @ 0000016185113780] Error getting metadata for embedded font 'app855.fon'
[Parsed_subtitles_6 @ 0000016185113780] No charmap autodetected, trying the first one
[Parsed_subtitles_6 @ 0000016185113780] Error getting metadata for embedded font 'app855.fon'
[Parsed_subtitles_6 @ 0000016185113780] No charmap autodetected, trying the first one
[Parsed_subtitles_6 @ 0000016185113780] Error getting metadata for embedded font 'app855.fon'
[Parsed_subtitles_6 @ 0000016185113780] No charmap autodetected, trying the first one
[Parsed_subtitles_6 @ 0000016185113780] Error getting metadata for embedded font 'app855.fon'
[Parsed_subtitles_6 @ 0000016185113780] No charmap autodetected, trying the first one
[Parsed_subtitles_6 @ 0000016185113780] Error getting metadata for embedded font 'app855.fon'
[Parsed_subtitles_6 @ 0000016185113780] No charmap autodetected, trying the first one
[Parsed_subtitles_6 @ 0000016185113780] Error getting metadata for embedded font 'app857.fon'
[Parsed_subtitles_6 @ 0000016185113780] No charmap autodetected, trying the first one
[Parsed_subtitles_6 @ 0000016185113780] Error getting metadata for embedded font 'app857.fon'
[Parsed_subtitles_6 @ 0000016185113780] No charmap autodetected, trying the first one
[Parsed_subtitles_6 @ 0000016185113780] Error getting metadata for embedded font 'app857.fon'
[Parsed_subtitles_6 @ 0000016185113780] No charmap autodetected, trying the first one
[Parsed_subtitles_6 @ 0000016185113780] Error getting metadata for embedded font 'app857.fon'
[Parsed_subtitles_6 @ 0000016185113780] No charmap autodetected, trying the first one
[Parsed_subtitles_6 @ 0000016185113780] Error getting metadata for embedded font 'app857.fon'
[Parsed_subtitles_6 @ 0000016185113780] No charmap autodetected, trying the first one
[Parsed_subtitles_6 @ 0000016185113780] Error getting metadata for embedded font 'app857.fon'
[Parsed_subtitles_6 @ 0000016185113780] No charmap autodetected, trying the first one
[Parsed_subtitles_6 @ 0000016185113780] Error getting metadata for embedded font 'app866.fon'
[Parsed_subtitles_6 @ 0000016185113780] No charmap autodetected, trying the first one
[Parsed_subtitles_6 @ 0000016185113780] Error getting metadata for embedded font 'app866.fon'
[Parsed_subtitles_6 @ 0000016185113780] No charmap autodetected, trying the first one
[Parsed_subtitles_6 @ 0000016185113780] Error getting metadata for embedded font 'app866.fon'
[Parsed_subtitles_6 @ 0000016185113780] No charmap autodetected, trying the first one
[Parsed_subtitles_6 @ 0000016185113780] Error getting metadata for embedded font 'app866.fon'
[Parsed_subtitles_6 @ 0000016185113780] No charmap autodetected, trying the first one
[Parsed_subtitles_6 @ 0000016185113780] Error getting metadata for embedded font 'app866.fon'
[Parsed_subtitles_6 @ 0000016185113780] No charmap autodetected, trying the first one
[Parsed_subtitles_6 @ 0000016185113780] Error getting metadata for embedded font 'app866.fon'
[Parsed_subtitles_6 @ 0000016185113780] No charmap autodetected, trying the first one
[Parsed_subtitles_6 @ 0000016185113780] Error getting metadata for embedded font 'app932.fon'
[Parsed_subtitles_6 @ 0000016185113780] No charmap autodetected, trying the first one
[Parsed_subtitles_6 @ 0000016185113780] Error getting metadata for embedded font 'app932.fon'
[Parsed_subtitles_6 @ 0000016185113780] No charmap autodetected, trying the first one
[Parsed_subtitles_6 @ 0000016185113780] Error getting metadata for embedded font 'app932.fon'
[Parsed_subtitles_6 @ 0000016185113780] No charmap autodetected, trying the first one
[Parsed_subtitles_6 @ 0000016185113780] Error getting metadata for embedded font 'app932.fon'
[Parsed_subtitles_6 @ 0000016185113780] No charmap autodetected, trying the first one
[Parsed_subtitles_6 @ 0000016185113780] Error getting metadata for embedded font 'app932.fon'
[Parsed_subtitles_6 @ 0000016185113780] No charmap autodetected, trying the first one
[Parsed_subtitles_6 @ 0000016185113780] Error getting metadata for embedded font 'app932.fon'
[Parsed_subtitles_6 @ 0000016185113780] No charmap autodetected, trying the first one
[Parsed_subtitles_6 @ 0000016185113780] Error getting metadata for embedded font 'app932.fon'
[Parsed_subtitles_6 @ 0000016185113780] No charmap autodetected, trying the first one
[Parsed_subtitles_6 @ 0000016185113780] Error getting metadata for embedded font 'app932.fon'
[Parsed_subtitles_6 @ 0000016185113780] No charmap autodetected, trying the first one
[Parsed_subtitles_6 @ 0000016185113780] Error getting metadata for embedded font 'app932.fon'
[Parsed_subtitles_6 @ 0000016185113780] No charmap autodetected, trying the first one
[Parsed_subtitles_6 @ 0000016185113780] Error getting metadata for embedded font 'app932.fon'
[Parsed_subtitles_6 @ 0000016185113780] No charmap autodetected, trying the first one
[Parsed_subtitles_6 @ 0000016185113780] Error getting metadata for embedded font 'app932.fon'
[Parsed_subtitles_6 @ 0000016185113780] No charmap autodetected, trying the first one
[Parsed_subtitles_6 @ 0000016185113780] Error getting metadata for embedded font 'app932.fon'
[Parsed_subtitles_6 @ 0000016185113780] No charmap autodetected, trying the first one
[Parsed_subtitles_6 @ 0000016185113780] Error getting metadata for embedded font 'app936.fon'
[Parsed_subtitles_6 @ 0000016185113780] No charmap autodetected, trying the first one
[Parsed_subtitles_6 @ 0000016185113780] Error getting metadata for embedded font 'app936.fon'
[Parsed_subtitles_6 @ 0000016185113780] No charmap autodetected, trying the first one
[Parsed_subtitles_6 @ 0000016185113780] Error getting metadata for embedded font 'app936.fon'
[Parsed_subtitles_6 @ 0000016185113780] No charmap autodetected, trying the first one
[Parsed_subtitles_6 @ 0000016185113780] Error getting metadata for embedded font 'app936.fon'
[Parsed_subtitles_6 @ 0000016185113780] No charmap autodetected, trying the first one
[Parsed_subtitles_6 @ 0000016185113780] Error getting metadata for embedded font 'app936.fon'
[Parsed_subtitles_6 @ 0000016185113780] No charmap autodetected, trying the first one
[Parsed_subtitles_6 @ 0000016185113780] Error getting metadata for embedded font 'app936.fon'
[Parsed_subtitles_6 @ 0000016185113780] No charmap autodetected, trying the first one
[Parsed_subtitles_6 @ 0000016185113780] Error getting metadata for embedded font 'app936.fon'
[Parsed_subtitles_6 @ 0000016185113780] No charmap autodetected, trying the first one
[Parsed_subtitles_6 @ 0000016185113780] Error getting metadata for embedded font 'app936.fon'
[Parsed_subtitles_6 @ 0000016185113780] No charmap autodetected, trying the first one
[Parsed_subtitles_6 @ 0000016185113780] Error getting metadata for embedded font 'app936.fon'
[Parsed_subtitles_6 @ 0000016185113780] No charmap autodetected, trying the first one
[Parsed_subtitles_6 @ 0000016185113780] Error getting metadata for embedded font 'app936.fon'
[Parsed_subtitles_6 @ 0000016185113780] No charmap autodetected, trying the first one
[Parsed_subtitles_6 @ 0000016185113780] Error getting metadata for embedded font 'app936.fon'
[Parsed_subtitles_6 @ 0000016185113780] No charmap autodetected, trying the first one
[Parsed_subtitles_6 @ 0000016185113780] Error getting metadata for embedded font 'app936.fon'
[Parsed_subtitles_6 @ 0000016185113780] No charmap autodetected, trying the first one
[Parsed_subtitles_6 @ 0000016185113780] Error getting metadata for embedded font 'app949.fon'
[Parsed_subtitles_6 @ 0000016185113780] No charmap autodetected, trying the first one
[Parsed_subtitles_6 @ 0000016185113780] Error getting metadata for embedded font 'app949.fon'
[Parsed_subtitles_6 @ 0000016185113780] No charmap autodetected, trying the first one
[Parsed_subtitles_6 @ 0000016185113780] Error getting metadata for embedded font 'app949.fon'
[Parsed_subtitles_6 @ 0000016185113780] No charmap autodetected, trying the first one
[Parsed_subtitles_6 @ 0000016185113780] Error getting metadata for embedded font 'app949.fon'
[Parsed_subtitles_6 @ 0000016185113780] No charmap autodetected, trying the first one
[Parsed_subtitles_6 @ 0000016185113780] Error getting metadata for embedded font 'app949.fon'
[Parsed_subtitles_6 @ 0000016185113780] No charmap autodetected, trying the first one
[Parsed_subtitles_6 @ 0000016185113780] Error getting metadata for embedded font 'app949.fon'
[Parsed_subtitles_6 @ 0000016185113780] No charmap autodetected, trying the first one
[Parsed_subtitles_6 @ 0000016185113780] Error getting metadata for embedded font 'app949.fon'
[Parsed_subtitles_6 @ 0000016185113780] No charmap autodetected, trying the first one
[Parsed_subtitles_6 @ 0000016185113780] Error getting metadata for embedded font 'app949.fon'
[Parsed_subtitles_6 @ 0000016185113780] No charmap autodetected, trying the first one
[Parsed_subtitles_6 @ 0000016185113780] Error getting metadata for embedded font 'app949.fon'
[Parsed_subtitles_6 @ 0000016185113780] No charmap autodetected, trying the first one
[Parsed_subtitles_6 @ 0000016185113780] Error getting metadata for embedded font 'app949.fon'
[Parsed_subtitles_6 @ 0000016185113780] No charmap autodetected, trying the first one
[Parsed_subtitles_6 @ 0000016185113780] Error getting metadata for embedded font 'app949.fon'
[Parsed_subtitles_6 @ 0000016185113780] No charmap autodetected, trying the first one
[Parsed_subtitles_6 @ 0000016185113780] Error getting metadata for embedded font 'app949.fon'
[Parsed_subtitles_6 @ 0000016185113780] No charmap autodetected, trying the first one
[Parsed_subtitles_6 @ 0000016185113780] Error getting metadata for embedded font 'app950.fon'
[Parsed_subtitles_6 @ 0000016185113780] No charmap autodetected, trying the first one
[Parsed_subtitles_6 @ 0000016185113780] Error getting metadata for embedded font 'app950.fon'
[Parsed_subtitles_6 @ 0000016185113780] No charmap autodetected, trying the first one
[Parsed_subtitles_6 @ 0000016185113780] Error getting metadata for embedded font 'app950.fon'
[Parsed_subtitles_6 @ 0000016185113780] No charmap autodetected, trying the first one
[Parsed_subtitles_6 @ 0000016185113780] Error getting metadata for embedded font 'app950.fon'
[Parsed_subtitles_6 @ 0000016185113780] No charmap autodetected, trying the first one
[Parsed_subtitles_6 @ 0000016185113780] Error getting metadata for embedded font 'app950.fon'
[Parsed_subtitles_6 @ 0000016185113780] No charmap autodetected, trying the first one
[Parsed_subtitles_6 @ 0000016185113780] Error getting metadata for embedded font 'app950.fon'
[Parsed_subtitles_6 @ 0000016185113780] No charmap autodetected, trying the first one
[Parsed_subtitles_6 @ 0000016185113780] Error getting metadata for embedded font 'app950.fon'
[Parsed_subtitles_6 @ 0000016185113780] No charmap autodetected, trying the first one
[Parsed_subtitles_6 @ 0000016185113780] Error getting metadata for embedded font 'app950.fon'
[Parsed_subtitles_6 @ 0000016185113780] No charmap autodetected, trying the first one
[Parsed_subtitles_6 @ 0000016185113780] Error getting metadata for embedded font 'app950.fon'
[Parsed_subtitles_6 @ 0000016185113780] No charmap autodetected, trying the first one
[Parsed_subtitles_6 @ 0000016185113780] Error getting metadata for embedded font 'app950.fon'
[Parsed_subtitles_6 @ 0000016185113780] No charmap autodetected, trying the first one
[Parsed_subtitles_6 @ 0000016185113780] Error getting metadata for embedded font 'app950.fon'
[Parsed_subtitles_6 @ 0000016185113780] No charmap autodetected, trying the first one
[Parsed_subtitles_6 @ 0000016185113780] Error getting metadata for embedded font 'app950.fon'
[Parsed_subtitles_6 @ 0000016185113780] No charmap autodetected, trying the first one
[Parsed_subtitles_6 @ 0000016185113780] Error getting metadata for embedded font 'c8514fix.fon'
[Parsed_subtitles_6 @ 0000016185113780] No charmap autodetected, trying the first one
[Parsed_subtitles_6 @ 0000016185113780] Error getting metadata for embedded font 'c8514oem.fon'
[Parsed_subtitles_6 @ 0000016185113780] No charmap autodetected, trying the first one
[Parsed_subtitles_6 @ 0000016185113780] Error getting metadata for embedded font 'c8514sys.fon'
[Parsed_subtitles_6 @ 0000016185113780] No charmap autodetected, trying the first one
[Parsed_subtitles_6 @ 0000016185113780] Error getting metadata for embedded font 'c8514sys.fon'
[Parsed_subtitles_6 @ 0000016185113780] No charmap autodetected, trying the first one
[Parsed_subtitles_6 @ 0000016185113780] Error getting metadata for embedded font 'cga40737.fon'
[Parsed_subtitles_6 @ 0000016185113780] No charmap autodetected, trying the first one
[Parsed_subtitles_6 @ 0000016185113780] Error getting metadata for embedded font 'cga40850.fon'
[Parsed_subtitles_6 @ 0000016185113780] No charmap autodetected, trying the first one
[Parsed_subtitles_6 @ 0000016185113780] Error getting metadata for embedded font 'cga40852.fon'
[Parsed_subtitles_6 @ 0000016185113780] No charmap autodetected, trying the first one
[Parsed_subtitles_6 @ 0000016185113780] Error getting metadata for embedded font 'cga40857.fon'
[Parsed_subtitles_6 @ 0000016185113780] No charmap autodetected, trying the first one
[Parsed_subtitles_6 @ 0000016185113780] Error getting metadata for embedded font 'cga40866.fon'
[Parsed_subtitles_6 @ 0000016185113780] No charmap autodetected, trying the first one
[Parsed_subtitles_6 @ 0000016185113780] Error getting metadata for embedded font 'cga40869.fon'
[Parsed_subtitles_6 @ 0000016185113780] No charmap autodetected, trying the first one
[Parsed_subtitles_6 @ 0000016185113780] Error getting metadata for embedded font 'cga40woa.fon'
[Parsed_subtitles_6 @ 0000016185113780] No charmap autodetected, trying the first one
[Parsed_subtitles_6 @ 0000016185113780] Error getting metadata for embedded font 'cga80737.fon'
[Parsed_subtitles_6 @ 0000016185113780] No charmap autodetected, trying the first one
[Parsed_subtitles_6 @ 0000016185113780] Error getting metadata for embedded font 'cga80850.fon'
[Parsed_subtitles_6 @ 0000016185113780] No charmap autodetected, trying the first one
[Parsed_subtitles_6 @ 0000016185113780] Error getting metadata for embedded font 'cga80852.fon'
[Parsed_subtitles_6 @ 0000016185113780] No charmap autodetected, trying the first one
[Parsed_subtitles_6 @ 0000016185113780] Error getting metadata for embedded font 'cga80857.fon'
[Parsed_subtitles_6 @ 0000016185113780] No charmap autodetected, trying the first one
[Parsed_subtitles_6 @ 0000016185113780] Error getting metadata for embedded font 'cga80866.fon'
[Parsed_subtitles_6 @ 0000016185113780] No charmap autodetected, trying the first one
[Parsed_subtitles_6 @ 0000016185113780] Error getting metadata for embedded font 'cga80869.fon'
[Parsed_subtitles_6 @ 0000016185113780] No charmap autodetected, trying the first one
[Parsed_subtitles_6 @ 0000016185113780] Error getting metadata for embedded font 'cga80woa.fon'
[Parsed_subtitles_6 @ 0000016185113780] No charmap autodetected, trying the first one
[Parsed_subtitles_6 @ 0000016185113780] Error getting metadata for embedded font 'coue1255.fon'
[Parsed_subtitles_6 @ 0000016185113780] No charmap autodetected, trying the first one
[Parsed_subtitles_6 @ 0000016185113780] Error getting metadata for embedded font 'coue1255.fon'
[Parsed_subtitles_6 @ 0000016185113780] No charmap autodetected, trying the first one
[Parsed_subtitles_6 @ 0000016185113780] Error getting metadata for embedded font 'coue1255.fon'
[Parsed_subtitles_6 @ 0000016185113780] No charmap autodetected, trying the first one
[Parsed_subtitles_6 @ 0000016185113780] Error getting metadata for embedded font 'coue1256.fon'
[Parsed_subtitles_6 @ 0000016185113780] No charmap autodetected, trying the first one
[Parsed_subtitles_6 @ 0000016185113780] Error getting metadata for embedded font 'coue1256.fon'
[Parsed_subtitles_6 @ 0000016185113780] No charmap autodetected, trying the first one
[Parsed_subtitles_6 @ 0000016185113780] Error getting metadata for embedded font 'coue1256.fon'
[Parsed_subtitles_6 @ 0000016185113780] No charmap autodetected, trying the first one
[Parsed_subtitles_6 @ 0000016185113780] Error getting metadata for embedded font 'coue1257.fon'
[Parsed_subtitles_6 @ 0000016185113780] No charmap autodetected, trying the first one
[Parsed_subtitles_6 @ 0000016185113780] Error getting metadata for embedded font 'coue1257.fon'
[Parsed_subtitles_6 @ 0000016185113780] No charmap autodetected, trying the first one
[Parsed_subtitles_6 @ 0000016185113780] Error getting metadata for embedded font 'coue1257.fon'
[Parsed_subtitles_6 @ 0000016185113780] No charmap autodetected, trying the first one
[Parsed_subtitles_6 @ 0000016185113780] Error getting metadata for embedded font 'couf1255.fon'
[Parsed_subtitles_6 @ 0000016185113780] No charmap autodetected, trying the first one
[Parsed_subtitles_6 @ 0000016185113780] Error getting metadata for embedded font 'couf1255.fon'
[Parsed_subtitles_6 @ 0000016185113780] No charmap autodetected, trying the first one
[Parsed_subtitles_6 @ 0000016185113780] Error getting metadata for embedded font 'couf1255.fon'
[Parsed_subtitles_6 @ 0000016185113780] No charmap autodetected, trying the first one
[Parsed_subtitles_6 @ 0000016185113780] Error getting metadata for embedded font 'couf1256.fon'
[Parsed_subtitles_6 @ 0000016185113780] No charmap autodetected, trying the first one
[Parsed_subtitles_6 @ 0000016185113780] Error getting metadata for embedded font 'couf1256.fon'
[Parsed_subtitles_6 @ 0000016185113780] No charmap autodetected, trying the first one
[Parsed_subtitles_6 @ 0000016185113780] Error getting metadata for embedded font 'couf1256.fon'
[Parsed_subtitles_6 @ 0000016185113780] No charmap autodetected, trying the first one
[Parsed_subtitles_6 @ 0000016185113780] Error getting metadata for embedded font 'couf1257.fon'
[Parsed_subtitles_6 @ 0000016185113780] No charmap autodetected, trying the first one
[Parsed_subtitles_6 @ 0000016185113780] Error getting metadata for embedded font 'couf1257.fon'
[Parsed_subtitles_6 @ 0000016185113780] No charmap autodetected, trying the first one
[Parsed_subtitles_6 @ 0000016185113780] Error getting metadata for embedded font 'couf1257.fon'
[Parsed_subtitles_6 @ 0000016185113780] No charmap autodetected, trying the first one
[Parsed_subtitles_6 @ 0000016185113780] Error getting metadata for embedded font 'coure.fon'
[Parsed_subtitles_6 @ 0000016185113780] No charmap autodetected, trying the first one
[Parsed_subtitles_6 @ 0000016185113780] Error getting metadata for embedded font 'coure.fon'
[Parsed_subtitles_6 @ 0000016185113780] No charmap autodetected, trying the first one
[Parsed_subtitles_6 @ 0000016185113780] Error getting metadata for embedded font 'coure.fon'
[Parsed_subtitles_6 @ 0000016185113780] No charmap autodetected, trying the first one
[Parsed_subtitles_6 @ 0000016185113780] Error getting metadata for embedded font 'couree.fon'
[Parsed_subtitles_6 @ 0000016185113780] No charmap autodetected, trying the first one
[Parsed_subtitles_6 @ 0000016185113780] Error getting metadata for embedded font 'couree.fon'
[Parsed_subtitles_6 @ 0000016185113780] No charmap autodetected, trying the first one
[Parsed_subtitles_6 @ 0000016185113780] Error getting metadata for embedded font 'couree.fon'
[Parsed_subtitles_6 @ 0000016185113780] No charmap autodetected, trying the first one
[Parsed_subtitles_6 @ 0000016185113780] Error getting metadata for embedded font 'coureg.fon'
[Parsed_subtitles_6 @ 0000016185113780] No charmap autodetected, trying the first one
[Parsed_subtitles_6 @ 0000016185113780] Error getting metadata for embedded font 'coureg.fon'
[Parsed_subtitles_6 @ 0000016185113780] No charmap autodetected, trying the first one
[Parsed_subtitles_6 @ 0000016185113780] Error getting metadata for embedded font 'coureg.fon'
[Parsed_subtitles_6 @ 0000016185113780] No charmap autodetected, trying the first one
[Parsed_subtitles_6 @ 0000016185113780] Error getting metadata for embedded font 'courer.fon'
[Parsed_subtitles_6 @ 0000016185113780] No charmap autodetected, trying the first one
[Parsed_subtitles_6 @ 0000016185113780] Error getting metadata for embedded font 'courer.fon'
[Parsed_subtitles_6 @ 0000016185113780] No charmap autodetected, trying the first one
[Parsed_subtitles_6 @ 0000016185113780] Error getting metadata for embedded font 'courer.fon'
[Parsed_subtitles_6 @ 0000016185113780] No charmap autodetected, trying the first one
[Parsed_subtitles_6 @ 0000016185113780] Error getting metadata for embedded font 'couret.fon'
[Parsed_subtitles_6 @ 0000016185113780] No charmap autodetected, trying the first one
[Parsed_subtitles_6 @ 0000016185113780] Error getting metadata for embedded font 'couret.fon'
[Parsed_subtitles_6 @ 0000016185113780] No charmap autodetected, trying the first one
[Parsed_subtitles_6 @ 0000016185113780] Error getting metadata for embedded font 'couret.fon'
[Parsed_subtitles_6 @ 0000016185113780] No charmap autodetected, trying the first one
[Parsed_subtitles_6 @ 0000016185113780] Error getting metadata for embedded font 'courf.fon'
[Parsed_subtitles_6 @ 0000016185113780] No charmap autodetected, trying the first one
[Parsed_subtitles_6 @ 0000016185113780] Error getting metadata for embedded font 'courf.fon'
[Parsed_subtitles_6 @ 0000016185113780] No charmap autodetected, trying the first one
[Parsed_subtitles_6 @ 0000016185113780] Error getting metadata for embedded font 'courf.fon'
[Parsed_subtitles_6 @ 0000016185113780] No charmap autodetected, trying the first one
[Parsed_subtitles_6 @ 0000016185113780] Error getting metadata for embedded font 'courfe.fon'
[Parsed_subtitles_6 @ 0000016185113780] No charmap autodetected, trying the first one
[Parsed_subtitles_6 @ 0000016185113780] Error getting metadata for embedded font 'courfe.fon'
[Parsed_subtitles_6 @ 0000016185113780] No charmap autodetected, trying the first one
[Parsed_subtitles_6 @ 0000016185113780] Error getting metadata for embedded font 'courfe.fon'
[Parsed_subtitles_6 @ 0000016185113780] No charmap autodetected, trying the first one
[Parsed_subtitles_6 @ 0000016185113780] Error getting metadata for embedded font 'courfg.fon'
[Parsed_subtitles_6 @ 0000016185113780] No charmap autodetected, trying the first one
[Parsed_subtitles_6 @ 0000016185113780] Error getting metadata for embedded font 'courfg.fon'
[Parsed_subtitles_6 @ 0000016185113780] No charmap autodetected, trying the first one
[Parsed_subtitles_6 @ 0000016185113780] Error getting metadata for embedded font 'courfg.fon'
[Parsed_subtitles_6 @ 0000016185113780] No charmap autodetected, trying the first one
[Parsed_subtitles_6 @ 0000016185113780] Error getting metadata for embedded font 'courfr.fon'
[Parsed_subtitles_6 @ 0000016185113780] No charmap autodetected, trying the first one
[Parsed_subtitles_6 @ 0000016185113780] Error getting metadata for embedded font 'courfr.fon'
[Parsed_subtitles_6 @ 0000016185113780] No charmap autodetected, trying the first one
[Parsed_subtitles_6 @ 0000016185113780] Error getting metadata for embedded font 'courfr.fon'
[Parsed_subtitles_6 @ 0000016185113780] No charmap autodetected, trying the first one
[Parsed_subtitles_6 @ 0000016185113780] Error getting metadata for embedded font 'courft.fon'
[Parsed_subtitles_6 @ 0000016185113780] No charmap autodetected, trying the first one
[Parsed_subtitles_6 @ 0000016185113780] Error getting metadata for embedded font 'courft.fon'
[Parsed_subtitles_6 @ 0000016185113780] No charmap autodetected, trying the first one
[Parsed_subtitles_6 @ 0000016185113780] Error getting metadata for embedded font 'courft.fon'
[Parsed_subtitles_6 @ 0000016185113780] No charmap autodetected, trying the first one
[Parsed_subtitles_6 @ 0000016185113780] Error getting metadata for embedded font 'cvgafix.fon'
[Parsed_subtitles_6 @ 0000016185113780] No charmap autodetected, trying the first one
[Parsed_subtitles_6 @ 0000016185113780] Error getting metadata for embedded font 'cvgasys.fon'
[Parsed_subtitles_6 @ 0000016185113780] No charmap autodetected, trying the first one
[Parsed_subtitles_6 @ 0000016185113780] Error getting metadata for embedded font 'cvgasys.fon'
[Parsed_subtitles_6 @ 0000016185113780] Error opening memory font 'desktop.ini'
[Parsed_subtitles_6 @ 0000016185113780] No charmap autodetected, trying the first one
[Parsed_subtitles_6 @ 0000016185113780] Error getting metadata for embedded font 'dos737.fon'
[Parsed_subtitles_6 @ 0000016185113780] No charmap autodetected, trying the first one
[Parsed_subtitles_6 @ 0000016185113780] Error getting metadata for embedded font 'dos737.fon'
[Parsed_subtitles_6 @ 0000016185113780] No charmap autodetected, trying the first one
[Parsed_subtitles_6 @ 0000016185113780] Error getting metadata for embedded font 'dos737.fon'
[Parsed_subtitles_6 @ 0000016185113780] No charmap autodetected, trying the first one
[Parsed_subtitles_6 @ 0000016185113780] Error getting metadata for embedded font 'dos737.fon'
[Parsed_subtitles_6 @ 0000016185113780] No charmap autodetected, trying the first one
[Parsed_subtitles_6 @ 0000016185113780] Error getting metadata for embedded font 'dos737.fon'
[Parsed_subtitles_6 @ 0000016185113780] No charmap autodetected, trying the first one
[Parsed_subtitles_6 @ 0000016185113780] Error getting metadata for embedded font 'dos737.fon'
[Parsed_subtitles_6 @ 0000016185113780] No charmap autodetected, trying the first one
[Parsed_subtitles_6 @ 0000016185113780] Error getting metadata for embedded font 'dos869.fon'
[Parsed_subtitles_6 @ 0000016185113780] No charmap autodetected, trying the first one
[Parsed_subtitles_6 @ 0000016185113780] Error getting metadata for embedded font 'dos869.fon'
[Parsed_subtitles_6 @ 0000016185113780] No charmap autodetected, trying the first one
[Parsed_subtitles_6 @ 0000016185113780] Error getting metadata for embedded font 'dos869.fon'
[Parsed_subtitles_6 @ 0000016185113780] No charmap autodetected, trying the first one
[Parsed_subtitles_6 @ 0000016185113780] Error getting metadata for embedded font 'dos869.fon'
[Parsed_subtitles_6 @ 0000016185113780] No charmap autodetected, trying the first one
[Parsed_subtitles_6 @ 0000016185113780] Error getting metadata for embedded font 'dos869.fon'
[Parsed_subtitles_6 @ 0000016185113780] No charmap autodetected, trying the first one
[Parsed_subtitles_6 @ 0000016185113780] Error getting metadata for embedded font 'dos869.fon'
[Parsed_subtitles_6 @ 0000016185113780] No charmap autodetected, trying the first one
[Parsed_subtitles_6 @ 0000016185113780] Error getting metadata for embedded font 'dosapp.fon'
[Parsed_subtitles_6 @ 0000016185113780] No charmap autodetected, trying the first one
[Parsed_subtitles_6 @ 0000016185113780] Error getting metadata for embedded font 'dosapp.fon'
[Parsed_subtitles_6 @ 0000016185113780] No charmap autodetected, trying the first one
[Parsed_subtitles_6 @ 0000016185113780] Error getting metadata for embedded font 'dosapp.fon'
[Parsed_subtitles_6 @ 0000016185113780] No charmap autodetected, trying the first one
[Parsed_subtitles_6 @ 0000016185113780] Error getting metadata for embedded font 'dosapp.fon'
[Parsed_subtitles_6 @ 0000016185113780] No charmap autodetected, trying the first one
[Parsed_subtitles_6 @ 0000016185113780] Error getting metadata for embedded font 'dosapp.fon'
[Parsed_subtitles_6 @ 0000016185113780] No charmap autodetected, trying the first one
[Parsed_subtitles_6 @ 0000016185113780] Error getting metadata for embedded font 'dosapp.fon'
[Parsed_subtitles_6 @ 0000016185113780] No charmap autodetected, trying the first one
[Parsed_subtitles_6 @ 0000016185113780] Error getting metadata for embedded font 'ega40737.fon'
[Parsed_subtitles_6 @ 0000016185113780] No charmap autodetected, trying the first one
[Parsed_subtitles_6 @ 0000016185113780] Error getting metadata for embedded font 'ega40850.fon'
[Parsed_subtitles_6 @ 0000016185113780] No charmap autodetected, trying the first one
[Parsed_subtitles_6 @ 0000016185113780] Error getting metadata for embedded font 'ega40852.fon'
[Parsed_subtitles_6 @ 0000016185113780] No charmap autodetected, trying the first one
[Parsed_subtitles_6 @ 0000016185113780] Error getting metadata for embedded font 'ega40857.fon'
[Parsed_subtitles_6 @ 0000016185113780] No charmap autodetected, trying the first one
[Parsed_subtitles_6 @ 0000016185113780] Error getting metadata for embedded font 'ega40866.fon'
[Parsed_subtitles_6 @ 0000016185113780] No charmap autodetected, trying the first one
[Parsed_subtitles_6 @ 0000016185113780] Error getting metadata for embedded font 'ega40869.fon'
[Parsed_subtitles_6 @ 0000016185113780] No charmap autodetected, trying the first one
[Parsed_subtitles_6 @ 0000016185113780] Error getting metadata for embedded font 'ega40woa.fon'
[Parsed_subtitles_6 @ 0000016185113780] No charmap autodetected, trying the first one
[Parsed_subtitles_6 @ 0000016185113780] Error getting metadata for embedded font 'ega80737.fon'
[Parsed_subtitles_6 @ 0000016185113780] No charmap autodetected, trying the first one
[Parsed_subtitles_6 @ 0000016185113780] Error getting metadata for embedded font 'ega80850.fon'
[Parsed_subtitles_6 @ 0000016185113780] No charmap autodetected, trying the first one
[Parsed_subtitles_6 @ 0000016185113780] Error getting metadata for embedded font 'ega80852.fon'
[Parsed_subtitles_6 @ 0000016185113780] No charmap autodetected, trying the first one
[Parsed_subtitles_6 @ 0000016185113780] Error getting metadata for embedded font 'ega80857.fon'
[Parsed_subtitles_6 @ 0000016185113780] No charmap autodetected, trying the first one
[Parsed_subtitles_6 @ 0000016185113780] Error getting metadata for embedded font 'ega80866.fon'
[Parsed_subtitles_6 @ 0000016185113780] No charmap autodetected, trying the first one
[Parsed_subtitles_6 @ 0000016185113780] Error getting metadata for embedded font 'ega80869.fon'
[Parsed_subtitles_6 @ 0000016185113780] No charmap autodetected, trying the first one
[Parsed_subtitles_6 @ 0000016185113780] Error getting metadata for embedded font 'ega80woa.fon'
[Parsed_subtitles_6 @ 0000016185113780] Error opening memory font 'fms_metadata.xml'
[Parsed_subtitles_6 @ 0000016185113780] Error opening memory font 'GlobalMonospace.CompositeFont'
[Parsed_subtitles_6 @ 0000016185113780] Error opening memory font 'GlobalSansSerif.CompositeFont'
[Parsed_subtitles_6 @ 0000016185113780] Error opening memory font 'GlobalSerif.CompositeFont'
[Parsed_subtitles_6 @ 0000016185113780] Error opening memory font 'GlobalUserInterface.CompositeFont'
[Parsed_subtitles_6 @ 0000016185113780] No charmap autodetected, trying the first one
[Parsed_subtitles_6 @ 0000016185113780] Error getting metadata for embedded font 'h8514fix.fon'
[Parsed_subtitles_6 @ 0000016185113780] No charmap autodetected, trying the first one
[Parsed_subtitles_6 @ 0000016185113780] Error getting metadata for embedded font 'h8514oem.fon'
[Parsed_subtitles_6 @ 0000016185113780] No charmap autodetected, trying the first one
[Parsed_subtitles_6 @ 0000016185113780] Error getting metadata for embedded font 'h8514sys.fon'
[Parsed_subtitles_6 @ 0000016185113780] No charmap autodetected, trying the first one
[Parsed_subtitles_6 @ 0000016185113780] Error getting metadata for embedded font 'hvgafix.fon'
[Parsed_subtitles_6 @ 0000016185113780] No charmap autodetected, trying the first one
[Parsed_subtitles_6 @ 0000016185113780] Error getting metadata for embedded font 'hvgasys.fon'
[Parsed_subtitles_6 @ 0000016185113780] No charmap autodetected, trying the first one
[Parsed_subtitles_6 @ 0000016185113780] Error getting metadata for embedded font 'j8514fix.fon'
[Parsed_subtitles_6 @ 0000016185113780] No charmap autodetected, trying the first one
[Parsed_subtitles_6 @ 0000016185113780] Error getting metadata for embedded font 'j8514oem.fon'
[Parsed_subtitles_6 @ 0000016185113780] No charmap autodetected, trying the first one
[Parsed_subtitles_6 @ 0000016185113780] Error getting metadata for embedded font 'j8514sys.fon'
[Parsed_subtitles_6 @ 0000016185113780] No charmap autodetected, trying the first one
[Parsed_subtitles_6 @ 0000016185113780] Error getting metadata for embedded font 'jsmalle.fon'
[Parsed_subtitles_6 @ 0000016185113780] No charmap autodetected, trying the first one
[Parsed_subtitles_6 @ 0000016185113780] Error getting metadata for embedded font 'jsmalle.fon'
[Parsed_subtitles_6 @ 0000016185113780] No charmap autodetected, trying the first one
[Parsed_subtitles_6 @ 0000016185113780] Error getting metadata for embedded font 'jsmalle.fon'
[Parsed_subtitles_6 @ 0000016185113780] No charmap autodetected, trying the first one
[Parsed_subtitles_6 @ 0000016185113780] Error getting metadata for embedded font 'jsmalle.fon'
[Parsed_subtitles_6 @ 0000016185113780] No charmap autodetected, trying the first one
[Parsed_subtitles_6 @ 0000016185113780] Error getting metadata for embedded font 'jsmalle.fon'
[Parsed_subtitles_6 @ 0000016185113780] No charmap autodetected, trying the first one
[Parsed_subtitles_6 @ 0000016185113780] Error getting metadata for embedded font 'jsmalle.fon'
[Parsed_subtitles_6 @ 0000016185113780] No charmap autodetected, trying the first one
[Parsed_subtitles_6 @ 0000016185113780] Error getting metadata for embedded font 'jsmalle.fon'
[Parsed_subtitles_6 @ 0000016185113780] No charmap autodetected, trying the first one
[Parsed_subtitles_6 @ 0000016185113780] Error getting metadata for embedded font 'jsmalle.fon'
[Parsed_subtitles_6 @ 0000016185113780] No charmap autodetected, trying the first one
[Parsed_subtitles_6 @ 0000016185113780] Error getting metadata for embedded font 'jsmalle.fon'
[Parsed_subtitles_6 @ 0000016185113780] No charmap autodetected, trying the first one
[Parsed_subtitles_6 @ 0000016185113780] Error getting metadata for embedded font 'jsmalle.fon'
[Parsed_subtitles_6 @ 0000016185113780] No charmap autodetected, trying the first one
[Parsed_subtitles_6 @ 0000016185113780] Error getting metadata for embedded font 'jsmalle.fon'
[Parsed_subtitles_6 @ 0000016185113780] No charmap autodetected, trying the first one
[Parsed_subtitles_6 @ 0000016185113780] Error getting metadata for embedded font 'jsmalle.fon'
[Parsed_subtitles_6 @ 0000016185113780] No charmap autodetected, trying the first one
[Parsed_subtitles_6 @ 0000016185113780] Error getting metadata for embedded font 'jsmalle.fon'
[Parsed_subtitles_6 @ 0000016185113780] No charmap autodetected, trying the first one
[Parsed_subtitles_6 @ 0000016185113780] Error getting metadata for embedded font 'jsmalle.fon'
[Parsed_subtitles_6 @ 0000016185113780] No charmap autodetected, trying the first one
[Parsed_subtitles_6 @ 0000016185113780] Error getting metadata for embedded font 'jsmallf.fon'
[Parsed_subtitles_6 @ 0000016185113780] No charmap autodetected, trying the first one
[Parsed_subtitles_6 @ 0000016185113780] Error getting metadata for embedded font 'jsmallf.fon'
[Parsed_subtitles_6 @ 0000016185113780] No charmap autodetected, trying the first one
[Parsed_subtitles_6 @ 0000016185113780] Error getting metadata for embedded font 'jsmallf.fon'
[Parsed_subtitles_6 @ 0000016185113780] No charmap autodetected, trying the first one
[Parsed_subtitles_6 @ 0000016185113780] Error getting metadata for embedded font 'jsmallf.fon'
[Parsed_subtitles_6 @ 0000016185113780] No charmap autodetected, trying the first one
[Parsed_subtitles_6 @ 0000016185113780] Error getting metadata for embedded font 'jsmallf.fon'
[Parsed_subtitles_6 @ 0000016185113780] No charmap autodetected, trying the first one
[Parsed_subtitles_6 @ 0000016185113780] Error getting metadata for embedded font 'jsmallf.fon'
[Parsed_subtitles_6 @ 0000016185113780] No charmap autodetected, trying the first one
[Parsed_subtitles_6 @ 0000016185113780] Error getting metadata for embedded font 'jsmallf.fon'
[Parsed_subtitles_6 @ 0000016185113780] No charmap autodetected, trying the first one
[Parsed_subtitles_6 @ 0000016185113780] Error getting metadata for embedded font 'jsmallf.fon'
[Parsed_subtitles_6 @ 0000016185113780] No charmap autodetected, trying the first one
[Parsed_subtitles_6 @ 0000016185113780] Error getting metadata for embedded font 'jsmallf.fon'
[Parsed_subtitles_6 @ 0000016185113780] No charmap autodetected, trying the first one
[Parsed_subtitles_6 @ 0000016185113780] Error getting metadata for embedded font 'jsmallf.fon'
[Parsed_subtitles_6 @ 0000016185113780] No charmap autodetected, trying the first one
[Parsed_subtitles_6 @ 0000016185113780] Error getting metadata for embedded font 'jsmallf.fon'
[Parsed_subtitles_6 @ 0000016185113780] No charmap autodetected, trying the first one
[Parsed_subtitles_6 @ 0000016185113780] Error getting metadata for embedded font 'jsmallf.fon'
[Parsed_subtitles_6 @ 0000016185113780] No charmap autodetected, trying the first one
[Parsed_subtitles_6 @ 0000016185113780] Error getting metadata for embedded font 'jvgafix.fon'
[Parsed_subtitles_6 @ 0000016185113780] No charmap autodetected, trying the first one
[Parsed_subtitles_6 @ 0000016185113780] Error getting metadata for embedded font 'jvgasys.fon'
[Parsed_subtitles_6 @ 0000016185113780] Error opening memory font 'modern.fon'
[Parsed_subtitles_6 @ 0000016185113780] Error opening memory font 'roman.fon'
[Parsed_subtitles_6 @ 0000016185113780] No charmap autodetected, trying the first one
[Parsed_subtitles_6 @ 0000016185113780] Error getting metadata for embedded font 's8514fix.fon'
[Parsed_subtitles_6 @ 0000016185113780] No charmap autodetected, trying the first one
[Parsed_subtitles_6 @ 0000016185113780] Error getting metadata for embedded font 's8514oem.fon'
[Parsed_subtitles_6 @ 0000016185113780] No charmap autodetected, trying the first one
[Parsed_subtitles_6 @ 0000016185113780] Error getting metadata for embedded font 's8514sys.fon'
[Parsed_subtitles_6 @ 0000016185113780] No charmap autodetected, trying the first one
[Parsed_subtitles_6 @ 0000016185113780] Error getting metadata for embedded font 's8514sys.fon'
[Parsed_subtitles_6 @ 0000016185113780] Error opening memory font 'script.fon'
[Parsed_subtitles_6 @ 0000016185113780] No charmap autodetected, trying the first one
[Parsed_subtitles_6 @ 0000016185113780] Error getting metadata for embedded font 'sere1255.fon'
[Parsed_subtitles_6 @ 0000016185113780] No charmap autodetected, trying the first one
[Parsed_subtitles_6 @ 0000016185113780] Error getting metadata for embedded font 'sere1255.fon'
[Parsed_subtitles_6 @ 0000016185113780] No charmap autodetected, trying the first one
[Parsed_subtitles_6 @ 0000016185113780] Error getting metadata for embedded font 'sere1255.fon'
[Parsed_subtitles_6 @ 0000016185113780] No charmap autodetected, trying the first one
[Parsed_subtitles_6 @ 0000016185113780] Error getting metadata for embedded font 'sere1255.fon'
[Parsed_subtitles_6 @ 0000016185113780] No charmap autodetected, trying the first one
[Parsed_subtitles_6 @ 0000016185113780] Error getting metadata for embedded font 'sere1255.fon'
[Parsed_subtitles_6 @ 0000016185113780] No charmap autodetected, trying the first one
[Parsed_subtitles_6 @ 0000016185113780] Error getting metadata for embedded font 'sere1255.fon'
[Parsed_subtitles_6 @ 0000016185113780] No charmap autodetected, trying the first one
[Parsed_subtitles_6 @ 0000016185113780] Error getting metadata for embedded font 'sere1256.fon'
[Parsed_subtitles_6 @ 0000016185113780] No charmap autodetected, trying the first one
[Parsed_subtitles_6 @ 0000016185113780] Error getting metadata for embedded font 'sere1256.fon'
[Parsed_subtitles_6 @ 0000016185113780] No charmap autodetected, trying the first one
[Parsed_subtitles_6 @ 0000016185113780] Error getting metadata for embedded font 'sere1256.fon'
[Parsed_subtitles_6 @ 0000016185113780] No charmap autodetected, trying the first one
[Parsed_subtitles_6 @ 0000016185113780] Error getting metadata for embedded font 'sere1256.fon'
[Parsed_subtitles_6 @ 0000016185113780] No charmap autodetected, trying the first one
[Parsed_subtitles_6 @ 0000016185113780] Error getting metadata for embedded font 'sere1256.fon'
[Parsed_subtitles_6 @ 0000016185113780] No charmap autodetected, trying the first one
[Parsed_subtitles_6 @ 0000016185113780] Error getting metadata for embedded font 'sere1256.fon'
[Parsed_subtitles_6 @ 0000016185113780] No charmap autodetected, trying the first one
[Parsed_subtitles_6 @ 0000016185113780] Error getting metadata for embedded font 'sere1257.fon'
[Parsed_subtitles_6 @ 0000016185113780] No charmap autodetected, trying the first one
[Parsed_subtitles_6 @ 0000016185113780] Error getting metadata for embedded font 'sere1257.fon'
[Parsed_subtitles_6 @ 0000016185113780] No charmap autodetected, trying the first one
[Parsed_subtitles_6 @ 0000016185113780] Error getting metadata for embedded font 'sere1257.fon'
[Parsed_subtitles_6 @ 0000016185113780] No charmap autodetected, trying the first one
[Parsed_subtitles_6 @ 0000016185113780] Error getting metadata for embedded font 'sere1257.fon'
[Parsed_subtitles_6 @ 0000016185113780] No charmap autodetected, trying the first one
[Parsed_subtitles_6 @ 0000016185113780] Error getting metadata for embedded font 'sere1257.fon'
[Parsed_subtitles_6 @ 0000016185113780] No charmap autodetected, trying the first one
[Parsed_subtitles_6 @ 0000016185113780] Error getting metadata for embedded font 'sere1257.fon'
[Parsed_subtitles_6 @ 0000016185113780] No charmap autodetected, trying the first one
[Parsed_subtitles_6 @ 0000016185113780] Error getting metadata for embedded font 'serf1255.fon'
[Parsed_subtitles_6 @ 0000016185113780] No charmap autodetected, trying the first one
[Parsed_subtitles_6 @ 0000016185113780] Error getting metadata for embedded font 'serf1255.fon'
[Parsed_subtitles_6 @ 0000016185113780] No charmap autodetected, trying the first one
[Parsed_subtitles_6 @ 0000016185113780] Error getting metadata for embedded font 'serf1255.fon'
[Parsed_subtitles_6 @ 0000016185113780] No charmap autodetected, trying the first one
[Parsed_subtitles_6 @ 0000016185113780] Error getting metadata for embedded font 'serf1255.fon'
[Parsed_subtitles_6 @ 0000016185113780] No charmap autodetected, trying the first one
[Parsed_subtitles_6 @ 0000016185113780] Error getting metadata for embedded font 'serf1255.fon'
[Parsed_subtitles_6 @ 0000016185113780] No charmap autodetected, trying the first one
[Parsed_subtitles_6 @ 0000016185113780] Error getting metadata for embedded font 'serf1255.fon'
[Parsed_subtitles_6 @ 0000016185113780] No charmap autodetected, trying the first one
[Parsed_subtitles_6 @ 0000016185113780] Error getting metadata for embedded font 'serf1256.fon'
[Parsed_subtitles_6 @ 0000016185113780] No charmap autodetected, trying the first one
[Parsed_subtitles_6 @ 0000016185113780] Error getting metadata for embedded font 'serf1256.fon'
[Parsed_subtitles_6 @ 0000016185113780] No charmap autodetected, trying the first one
[Parsed_subtitles_6 @ 0000016185113780] Error getting metadata for embedded font 'serf1256.fon'
[Parsed_subtitles_6 @ 0000016185113780] No charmap autodetected, trying the first one
[Parsed_subtitles_6 @ 0000016185113780] Error getting metadata for embedded font 'serf1256.fon'
[Parsed_subtitles_6 @ 0000016185113780] No charmap autodetected, trying the first one
[Parsed_subtitles_6 @ 0000016185113780] Error getting metadata for embedded font 'serf1256.fon'
[Parsed_subtitles_6 @ 0000016185113780] No charmap autodetected, trying the first one
[Parsed_subtitles_6 @ 0000016185113780] Error getting metadata for embedded font 'serf1256.fon'
[Parsed_subtitles_6 @ 0000016185113780] No charmap autodetected, trying the first one
[Parsed_subtitles_6 @ 0000016185113780] Error getting metadata for embedded font 'serf1257.fon'
[Parsed_subtitles_6 @ 0000016185113780] No charmap autodetected, trying the first one
[Parsed_subtitles_6 @ 0000016185113780] Error getting metadata for embedded font 'serf1257.fon'
[Parsed_subtitles_6 @ 0000016185113780] No charmap autodetected, trying the first one
[Parsed_subtitles_6 @ 0000016185113780] Error getting metadata for embedded font 'serf1257.fon'
[Parsed_subtitles_6 @ 0000016185113780] No charmap autodetected, trying the first one
[Parsed_subtitles_6 @ 0000016185113780] Error getting metadata for embedded font 'serf1257.fon'
[Parsed_subtitles_6 @ 0000016185113780] No charmap autodetected, trying the first one
[Parsed_subtitles_6 @ 0000016185113780] Error getting metadata for embedded font 'serf1257.fon'
[Parsed_subtitles_6 @ 0000016185113780] No charmap autodetected, trying the first one
[Parsed_subtitles_6 @ 0000016185113780] Error getting metadata for embedded font 'serf1257.fon'
[Parsed_subtitles_6 @ 0000016185113780] No charmap autodetected, trying the first one
[Parsed_subtitles_6 @ 0000016185113780] Error getting metadata for embedded font 'serife.fon'
[Parsed_subtitles_6 @ 0000016185113780] No charmap autodetected, trying the first one
[Parsed_subtitles_6 @ 0000016185113780] Error getting metadata for embedded font 'serife.fon'
[Parsed_subtitles_6 @ 0000016185113780] No charmap autodetected, trying the first one
[Parsed_subtitles_6 @ 0000016185113780] Error getting metadata for embedded font 'serife.fon'
[Parsed_subtitles_6 @ 0000016185113780] No charmap autodetected, trying the first one
[Parsed_subtitles_6 @ 0000016185113780] Error getting metadata for embedded font 'serife.fon'
[Parsed_subtitles_6 @ 0000016185113780] No charmap autodetected, trying the first one
[Parsed_subtitles_6 @ 0000016185113780] Error getting metadata for embedded font 'serife.fon'
[Parsed_subtitles_6 @ 0000016185113780] No charmap autodetected, trying the first one
[Parsed_subtitles_6 @ 0000016185113780] Error getting metadata for embedded font 'serife.fon'
[Parsed_subtitles_6 @ 0000016185113780] No charmap autodetected, trying the first one
[Parsed_subtitles_6 @ 0000016185113780] Error getting metadata for embedded font 'serifee.fon'
[Parsed_subtitles_6 @ 0000016185113780] No charmap autodetected, trying the first one
[Parsed_subtitles_6 @ 0000016185113780] Error getting metadata for embedded font 'serifee.fon'
[Parsed_subtitles_6 @ 0000016185113780] No charmap autodetected, trying the first one
[Parsed_subtitles_6 @ 0000016185113780] Error getting metadata for embedded font 'serifee.fon'
[Parsed_subtitles_6 @ 0000016185113780] No charmap autodetected, trying the first one
[Parsed_subtitles_6 @ 0000016185113780] Error getting metadata for embedded font 'serifee.fon'
[Parsed_subtitles_6 @ 0000016185113780] No charmap autodetected, trying the first one
[Parsed_subtitles_6 @ 0000016185113780] Error getting metadata for embedded font 'serifee.fon'
[Parsed_subtitles_6 @ 0000016185113780] No charmap autodetected, trying the first one
[Parsed_subtitles_6 @ 0000016185113780] Error getting metadata for embedded font 'serifee.fon'
[Parsed_subtitles_6 @ 0000016185113780] No charmap autodetected, trying the first one
[Parsed_subtitles_6 @ 0000016185113780] Error getting metadata for embedded font 'serifeg.fon'
[Parsed_subtitles_6 @ 0000016185113780] No charmap autodetected, trying the first one
[Parsed_subtitles_6 @ 0000016185113780] Error getting metadata for embedded font 'serifeg.fon'
[Parsed_subtitles_6 @ 0000016185113780] No charmap autodetected, trying the first one
[Parsed_subtitles_6 @ 0000016185113780] Error getting metadata for embedded font 'serifeg.fon'
[Parsed_subtitles_6 @ 0000016185113780] No charmap autodetected, trying the first one
[Parsed_subtitles_6 @ 0000016185113780] Error getting metadata for embedded font 'serifeg.fon'
[Parsed_subtitles_6 @ 0000016185113780] No charmap autodetected, trying the first one
[Parsed_subtitles_6 @ 0000016185113780] Error getting metadata for embedded font 'serifeg.fon'
[Parsed_subtitles_6 @ 0000016185113780] No charmap autodetected, trying the first one
[Parsed_subtitles_6 @ 0000016185113780] Error getting metadata for embedded font 'serifeg.fon'
[Parsed_subtitles_6 @ 0000016185113780] No charmap autodetected, trying the first one
[Parsed_subtitles_6 @ 0000016185113780] Error getting metadata for embedded font 'serifer.fon'
[Parsed_subtitles_6 @ 0000016185113780] No charmap autodetected, trying the first one
[Parsed_subtitles_6 @ 0000016185113780] Error getting metadata for embedded font 'serifer.fon'
[Parsed_subtitles_6 @ 0000016185113780] No charmap autodetected, trying the first one
[Parsed_subtitles_6 @ 0000016185113780] Error getting metadata for embedded font 'serifer.fon'
[Parsed_subtitles_6 @ 0000016185113780] No charmap autodetected, trying the first one
[Parsed_subtitles_6 @ 0000016185113780] Error getting metadata for embedded font 'serifer.fon'
[Parsed_subtitles_6 @ 0000016185113780] No charmap autodetected, trying the first one
[Parsed_subtitles_6 @ 0000016185113780] Error getting metadata for embedded font 'serifer.fon'
[Parsed_subtitles_6 @ 0000016185113780] No charmap autodetected, trying the first one
[Parsed_subtitles_6 @ 0000016185113780] Error getting metadata for embedded font 'serifer.fon'
[Parsed_subtitles_6 @ 0000016185113780] No charmap autodetected, trying the first one
[Parsed_subtitles_6 @ 0000016185113780] Error getting metadata for embedded font 'serifet.fon'
[Parsed_subtitles_6 @ 0000016185113780] No charmap autodetected, trying the first one
[Parsed_subtitles_6 @ 0000016185113780] Error getting metadata for embedded font 'serifet.fon'
[Parsed_subtitles_6 @ 0000016185113780] No charmap autodetected, trying the first one
[Parsed_subtitles_6 @ 0000016185113780] Error getting metadata for embedded font 'serifet.fon'
[Parsed_subtitles_6 @ 0000016185113780] No charmap autodetected, trying the first one
[Parsed_subtitles_6 @ 0000016185113780] Error getting metadata for embedded font 'serifet.fon'
[Parsed_subtitles_6 @ 0000016185113780] No charmap autodetected, trying the first one
[Parsed_subtitles_6 @ 0000016185113780] Error getting metadata for embedded font 'serifet.fon'
[Parsed_subtitles_6 @ 0000016185113780] No charmap autodetected, trying the first one
[Parsed_subtitles_6 @ 0000016185113780] Error getting metadata for embedded font 'serifet.fon'
[Parsed_subtitles_6 @ 0000016185113780] No charmap autodetected, trying the first one
[Parsed_subtitles_6 @ 0000016185113780] Error getting metadata for embedded font 'seriff.fon'
[Parsed_subtitles_6 @ 0000016185113780] No charmap autodetected, trying the first one
[Parsed_subtitles_6 @ 0000016185113780] Error getting metadata for embedded font 'seriff.fon'
[Parsed_subtitles_6 @ 0000016185113780] No charmap autodetected, trying the first one
[Parsed_subtitles_6 @ 0000016185113780] Error getting metadata for embedded font 'seriff.fon'
[Parsed_subtitles_6 @ 0000016185113780] No charmap autodetected, trying the first one
[Parsed_subtitles_6 @ 0000016185113780] Error getting metadata for embedded font 'seriff.fon'
[Parsed_subtitles_6 @ 0000016185113780] No charmap autodetected, trying the first one
[Parsed_subtitles_6 @ 0000016185113780] Error getting metadata for embedded font 'seriff.fon'
[Parsed_subtitles_6 @ 0000016185113780] No charmap autodetected, trying the first one
[Parsed_subtitles_6 @ 0000016185113780] Error getting metadata for embedded font 'seriff.fon'
[Parsed_subtitles_6 @ 0000016185113780] No charmap autodetected, trying the first one
[Parsed_subtitles_6 @ 0000016185113780] Error getting metadata for embedded font 'seriffe.fon'
[Parsed_subtitles_6 @ 0000016185113780] No charmap autodetected, trying the first one
[Parsed_subtitles_6 @ 0000016185113780] Error getting metadata for embedded font 'seriffe.fon'
[Parsed_subtitles_6 @ 0000016185113780] No charmap autodetected, trying the first one
[Parsed_subtitles_6 @ 0000016185113780] Error getting metadata for embedded font 'seriffe.fon'
[Parsed_subtitles_6 @ 0000016185113780] No charmap autodetected, trying the first one
[Parsed_subtitles_6 @ 0000016185113780] Error getting metadata for embedded font 'seriffe.fon'
[Parsed_subtitles_6 @ 0000016185113780] No charmap autodetected, trying the first one
[Parsed_subtitles_6 @ 0000016185113780] Error getting metadata for embedded font 'seriffe.fon'
[Parsed_subtitles_6 @ 0000016185113780] No charmap autodetected, trying the first one
[Parsed_subtitles_6 @ 0000016185113780] Error getting metadata for embedded font 'seriffe.fon'
[Parsed_subtitles_6 @ 0000016185113780] No charmap autodetected, trying the first one
[Parsed_subtitles_6 @ 0000016185113780] Error getting metadata for embedded font 'seriffg.fon'
[Parsed_subtitles_6 @ 0000016185113780] No charmap autodetected, trying the first one
[Parsed_subtitles_6 @ 0000016185113780] Error getting metadata for embedded font 'seriffg.fon'
[Parsed_subtitles_6 @ 0000016185113780] No charmap autodetected, trying the first one
[Parsed_subtitles_6 @ 0000016185113780] Error getting metadata for embedded font 'seriffg.fon'
[Parsed_subtitles_6 @ 0000016185113780] No charmap autodetected, trying the first one
[Parsed_subtitles_6 @ 0000016185113780] Error getting metadata for embedded font 'seriffg.fon'
[Parsed_subtitles_6 @ 0000016185113780] No charmap autodetected, trying the first one
[Parsed_subtitles_6 @ 0000016185113780] Error getting metadata for embedded font 'seriffg.fon'
[Parsed_subtitles_6 @ 0000016185113780] No charmap autodetected, trying the first one
[Parsed_subtitles_6 @ 0000016185113780] Error getting metadata for embedded font 'seriffg.fon'
[Parsed_subtitles_6 @ 0000016185113780] No charmap autodetected, trying the first one
[Parsed_subtitles_6 @ 0000016185113780] Error getting metadata for embedded font 'seriffr.fon'
[Parsed_subtitles_6 @ 0000016185113780] No charmap autodetected, trying the first one
[Parsed_subtitles_6 @ 0000016185113780] Error getting metadata for embedded font 'seriffr.fon'
[Parsed_subtitles_6 @ 0000016185113780] No charmap autodetected, trying the first one
[Parsed_subtitles_6 @ 0000016185113780] Error getting metadata for embedded font 'seriffr.fon'
[Parsed_subtitles_6 @ 0000016185113780] No charmap autodetected, trying the first one
[Parsed_subtitles_6 @ 0000016185113780] Error getting metadata for embedded font 'seriffr.fon'
[Parsed_subtitles_6 @ 0000016185113780] No charmap autodetected, trying the first one
[Parsed_subtitles_6 @ 0000016185113780] Error getting metadata for embedded font 'seriffr.fon'
[Parsed_subtitles_6 @ 0000016185113780] No charmap autodetected, trying the first one
[Parsed_subtitles_6 @ 0000016185113780] Error getting metadata for embedded font 'seriffr.fon'
[Parsed_subtitles_6 @ 0000016185113780] No charmap autodetected, trying the first one
[Parsed_subtitles_6 @ 0000016185113780] Error getting metadata for embedded font 'serifft.fon'
[Parsed_subtitles_6 @ 0000016185113780] No charmap autodetected, trying the first one
[Parsed_subtitles_6 @ 0000016185113780] Error getting metadata for embedded font 'serifft.fon'
[Parsed_subtitles_6 @ 0000016185113780] No charmap autodetected, trying the first one
[Parsed_subtitles_6 @ 0000016185113780] Error getting metadata for embedded font 'serifft.fon'
[Parsed_subtitles_6 @ 0000016185113780] No charmap autodetected, trying the first one
[Parsed_subtitles_6 @ 0000016185113780] Error getting metadata for embedded font 'serifft.fon'
[Parsed_subtitles_6 @ 0000016185113780] No charmap autodetected, trying the first one
[Parsed_subtitles_6 @ 0000016185113780] Error getting metadata for embedded font 'serifft.fon'
[Parsed_subtitles_6 @ 0000016185113780] No charmap autodetected, trying the first one
[Parsed_subtitles_6 @ 0000016185113780] Error getting metadata for embedded font 'serifft.fon'
[Parsed_subtitles_6 @ 0000016185113780] No charmap autodetected, trying the first one
[Parsed_subtitles_6 @ 0000016185113780] Error getting metadata for embedded font 'smae1255.fon'
[Parsed_subtitles_6 @ 0000016185113780] No charmap autodetected, trying the first one
[Parsed_subtitles_6 @ 0000016185113780] Error getting metadata for embedded font 'smae1255.fon'
[Parsed_subtitles_6 @ 0000016185113780] No charmap autodetected, trying the first one
[Parsed_subtitles_6 @ 0000016185113780] Error getting metadata for embedded font 'smae1255.fon'
[Parsed_subtitles_6 @ 0000016185113780] No charmap autodetected, trying the first one
[Parsed_subtitles_6 @ 0000016185113780] Error getting metadata for embedded font 'smae1255.fon'
[Parsed_subtitles_6 @ 0000016185113780] No charmap autodetected, trying the first one
[Parsed_subtitles_6 @ 0000016185113780] Error getting metadata for embedded font 'smae1255.fon'
[Parsed_subtitles_6 @ 0000016185113780] No charmap autodetected, trying the first one
[Parsed_subtitles_6 @ 0000016185113780] Error getting metadata for embedded font 'smae1255.fon'
[Parsed_subtitles_6 @ 0000016185113780] No charmap autodetected, trying the first one
[Parsed_subtitles_6 @ 0000016185113780] Error getting metadata for embedded font 'smae1255.fon'
[Parsed_subtitles_6 @ 0000016185113780] No charmap autodetected, trying the first one
[Parsed_subtitles_6 @ 0000016185113780] Error getting metadata for embedded font 'smae1255.fon'
[Parsed_subtitles_6 @ 0000016185113780] No charmap autodetected, trying the first one
[Parsed_subtitles_6 @ 0000016185113780] Error getting metadata for embedded font 'smae1256.fon'
[Parsed_subtitles_6 @ 0000016185113780] No charmap autodetected, trying the first one
[Parsed_subtitles_6 @ 0000016185113780] Error getting metadata for embedded font 'smae1256.fon'
[Parsed_subtitles_6 @ 0000016185113780] No charmap autodetected, trying the first one
[Parsed_subtitles_6 @ 0000016185113780] Error getting metadata for embedded font 'smae1256.fon'
[Parsed_subtitles_6 @ 0000016185113780] No charmap autodetected, trying the first one
[Parsed_subtitles_6 @ 0000016185113780] Error getting metadata for embedded font 'smae1256.fon'
[Parsed_subtitles_6 @ 0000016185113780] No charmap autodetected, trying the first one
[Parsed_subtitles_6 @ 0000016185113780] Error getting metadata for embedded font 'smae1256.fon'
[Parsed_subtitles_6 @ 0000016185113780] No charmap autodetected, trying the first one
[Parsed_subtitles_6 @ 0000016185113780] Error getting metadata for embedded font 'smae1256.fon'
[Parsed_subtitles_6 @ 0000016185113780] No charmap autodetected, trying the first one
[Parsed_subtitles_6 @ 0000016185113780] Error getting metadata for embedded font 'smae1256.fon'
[Parsed_subtitles_6 @ 0000016185113780] No charmap autodetected, trying the first one
[Parsed_subtitles_6 @ 0000016185113780] Error getting metadata for embedded font 'smae1256.fon'
[Parsed_subtitles_6 @ 0000016185113780] No charmap autodetected, trying the first one
[Parsed_subtitles_6 @ 0000016185113780] Error getting metadata for embedded font 'smae1256.fon'
[Parsed_subtitles_6 @ 0000016185113780] No charmap autodetected, trying the first one
[Parsed_subtitles_6 @ 0000016185113780] Error getting metadata for embedded font 'smae1256.fon'
[Parsed_subtitles_6 @ 0000016185113780] No charmap autodetected, trying the first one
[Parsed_subtitles_6 @ 0000016185113780] Error getting metadata for embedded font 'smae1257.fon'
[Parsed_subtitles_6 @ 0000016185113780] No charmap autodetected, trying the first one
[Parsed_subtitles_6 @ 0000016185113780] Error getting metadata for embedded font 'smae1257.fon'
[Parsed_subtitles_6 @ 0000016185113780] No charmap autodetected, trying the first one
[Parsed_subtitles_6 @ 0000016185113780] Error getting metadata for embedded font 'smae1257.fon'
[Parsed_subtitles_6 @ 0000016185113780] No charmap autodetected, trying the first one
[Parsed_subtitles_6 @ 0000016185113780] Error getting metadata for embedded font 'smae1257.fon'
[Parsed_subtitles_6 @ 0000016185113780] No charmap autodetected, trying the first one
[Parsed_subtitles_6 @ 0000016185113780] Error getting metadata for embedded font 'smae1257.fon'
[Parsed_subtitles_6 @ 0000016185113780] No charmap autodetected, trying the first one
[Parsed_subtitles_6 @ 0000016185113780] Error getting metadata for embedded font 'smae1257.fon'
[Parsed_subtitles_6 @ 0000016185113780] No charmap autodetected, trying the first one
[Parsed_subtitles_6 @ 0000016185113780] Error getting metadata for embedded font 'smae1257.fon'
[Parsed_subtitles_6 @ 0000016185113780] No charmap autodetected, trying the first one
[Parsed_subtitles_6 @ 0000016185113780] Error getting metadata for embedded font 'smae1257.fon'
[Parsed_subtitles_6 @ 0000016185113780] No charmap autodetected, trying the first one
[Parsed_subtitles_6 @ 0000016185113780] Error getting metadata for embedded font 'smaf1255.fon'
[Parsed_subtitles_6 @ 0000016185113780] No charmap autodetected, trying the first one
[Parsed_subtitles_6 @ 0000016185113780] Error getting metadata for embedded font 'smaf1255.fon'
[Parsed_subtitles_6 @ 0000016185113780] No charmap autodetected, trying the first one
[Parsed_subtitles_6 @ 0000016185113780] Error getting metadata for embedded font 'smaf1255.fon'
[Parsed_subtitles_6 @ 0000016185113780] No charmap autodetected, trying the first one
[Parsed_subtitles_6 @ 0000016185113780] Error getting metadata for embedded font 'smaf1255.fon'
[Parsed_subtitles_6 @ 0000016185113780] No charmap autodetected, trying the first one
[Parsed_subtitles_6 @ 0000016185113780] Error getting metadata for embedded font 'smaf1255.fon'
[Parsed_subtitles_6 @ 0000016185113780] No charmap autodetected, trying the first one
[Parsed_subtitles_6 @ 0000016185113780] Error getting metadata for embedded font 'smaf1255.fon'
[Parsed_subtitles_6 @ 0000016185113780] No charmap autodetected, trying the first one
[Parsed_subtitles_6 @ 0000016185113780] Error getting metadata for embedded font 'smaf1256.fon'
[Parsed_subtitles_6 @ 0000016185113780] No charmap autodetected, trying the first one
[Parsed_subtitles_6 @ 0000016185113780] Error getting metadata for embedded font 'smaf1256.fon'
[Parsed_subtitles_6 @ 0000016185113780] No charmap autodetected, trying the first one
[Parsed_subtitles_6 @ 0000016185113780] Error getting metadata for embedded font 'smaf1256.fon'
[Parsed_subtitles_6 @ 0000016185113780] No charmap autodetected, trying the first one
[Parsed_subtitles_6 @ 0000016185113780] Error getting metadata for embedded font 'smaf1256.fon'
[Parsed_subtitles_6 @ 0000016185113780] No charmap autodetected, trying the first one
[Parsed_subtitles_6 @ 0000016185113780] Error getting metadata for embedded font 'smaf1256.fon'
[Parsed_subtitles_6 @ 0000016185113780] No charmap autodetected, trying the first one
[Parsed_subtitles_6 @ 0000016185113780] Error getting metadata for embedded font 'smaf1256.fon'
[Parsed_subtitles_6 @ 0000016185113780] No charmap autodetected, trying the first one
[Parsed_subtitles_6 @ 0000016185113780] Error getting metadata for embedded font 'smaf1256.fon'
[Parsed_subtitles_6 @ 0000016185113780] No charmap autodetected, trying the first one
[Parsed_subtitles_6 @ 0000016185113780] Error getting metadata for embedded font 'smaf1256.fon'
[Parsed_subtitles_6 @ 0000016185113780] No charmap autodetected, trying the first one
[Parsed_subtitles_6 @ 0000016185113780] Error getting metadata for embedded font 'smaf1256.fon'
[Parsed_subtitles_6 @ 0000016185113780] No charmap autodetected, trying the first one
[Parsed_subtitles_6 @ 0000016185113780] Error getting metadata for embedded font 'smaf1256.fon'
[Parsed_subtitles_6 @ 0000016185113780] No charmap autodetected, trying the first one
[Parsed_subtitles_6 @ 0000016185113780] Error getting metadata for embedded font 'smaf1257.fon'
[Parsed_subtitles_6 @ 0000016185113780] No charmap autodetected, trying the first one
[Parsed_subtitles_6 @ 0000016185113780] Error getting metadata for embedded font 'smaf1257.fon'
[Parsed_subtitles_6 @ 0000016185113780] No charmap autodetected, trying the first one
[Parsed_subtitles_6 @ 0000016185113780] Error getting metadata for embedded font 'smaf1257.fon'
[Parsed_subtitles_6 @ 0000016185113780] No charmap autodetected, trying the first one
[Parsed_subtitles_6 @ 0000016185113780] Error getting metadata for embedded font 'smaf1257.fon'
[Parsed_subtitles_6 @ 0000016185113780] No charmap autodetected, trying the first one
[Parsed_subtitles_6 @ 0000016185113780] Error getting metadata for embedded font 'smaf1257.fon'
[Parsed_subtitles_6 @ 0000016185113780] No charmap autodetected, trying the first one
[Parsed_subtitles_6 @ 0000016185113780] Error getting metadata for embedded font 'smaf1257.fon'
[Parsed_subtitles_6 @ 0000016185113780] No charmap autodetected, trying the first one
[Parsed_subtitles_6 @ 0000016185113780] Error getting metadata for embedded font 'smalle.fon'
[Parsed_subtitles_6 @ 0000016185113780] No charmap autodetected, trying the first one
[Parsed_subtitles_6 @ 0000016185113780] Error getting metadata for embedded font 'smalle.fon'
[Parsed_subtitles_6 @ 0000016185113780] No charmap autodetected, trying the first one
[Parsed_subtitles_6 @ 0000016185113780] Error getting metadata for embedded font 'smalle.fon'
[Parsed_subtitles_6 @ 0000016185113780] No charmap autodetected, trying the first one
[Parsed_subtitles_6 @ 0000016185113780] Error getting metadata for embedded font 'smalle.fon'
[Parsed_subtitles_6 @ 0000016185113780] No charmap autodetected, trying the first one
[Parsed_subtitles_6 @ 0000016185113780] Error getting metadata for embedded font 'smalle.fon'
[Parsed_subtitles_6 @ 0000016185113780] No charmap autodetected, trying the first one
[Parsed_subtitles_6 @ 0000016185113780] Error getting metadata for embedded font 'smalle.fon'
[Parsed_subtitles_6 @ 0000016185113780] No charmap autodetected, trying the first one
[Parsed_subtitles_6 @ 0000016185113780] Error getting metadata for embedded font 'smalle.fon'
[Parsed_subtitles_6 @ 0000016185113780] No charmap autodetected, trying the first one
[Parsed_subtitles_6 @ 0000016185113780] Error getting metadata for embedded font 'smalle.fon'
[Parsed_subtitles_6 @ 0000016185113780] No charmap autodetected, trying the first one
[Parsed_subtitles_6 @ 0000016185113780] Error getting metadata for embedded font 'smallee.fon'
[Parsed_subtitles_6 @ 0000016185113780] No charmap autodetected, trying the first one
[Parsed_subtitles_6 @ 0000016185113780] Error getting metadata for embedded font 'smallee.fon'
[Parsed_subtitles_6 @ 0000016185113780] No charmap autodetected, trying the first one
[Parsed_subtitles_6 @ 0000016185113780] Error getting metadata for embedded font 'smallee.fon'
[Parsed_subtitles_6 @ 0000016185113780] No charmap autodetected, trying the first one
[Parsed_subtitles_6 @ 0000016185113780] Error getting metadata for embedded font 'smallee.fon'
[Parsed_subtitles_6 @ 0000016185113780] No charmap autodetected, trying the first one
[Parsed_subtitles_6 @ 0000016185113780] Error getting metadata for embedded font 'smallee.fon'
[Parsed_subtitles_6 @ 0000016185113780] No charmap autodetected, trying the first one
[Parsed_subtitles_6 @ 0000016185113780] Error getting metadata for embedded font 'smallee.fon'
[Parsed_subtitles_6 @ 0000016185113780] No charmap autodetected, trying the first one
[Parsed_subtitles_6 @ 0000016185113780] Error getting metadata for embedded font 'smallee.fon'
[Parsed_subtitles_6 @ 0000016185113780] No charmap autodetected, trying the first one
[Parsed_subtitles_6 @ 0000016185113780] Error getting metadata for embedded font 'smallee.fon'
[Parsed_subtitles_6 @ 0000016185113780] No charmap autodetected, trying the first one
[Parsed_subtitles_6 @ 0000016185113780] Error getting metadata for embedded font 'smalleg.fon'
[Parsed_subtitles_6 @ 0000016185113780] No charmap autodetected, trying the first one
[Parsed_subtitles_6 @ 0000016185113780] Error getting metadata for embedded font 'smalleg.fon'
[Parsed_subtitles_6 @ 0000016185113780] No charmap autodetected, trying the first one
[Parsed_subtitles_6 @ 0000016185113780] Error getting metadata for embedded font 'smalleg.fon'
[Parsed_subtitles_6 @ 0000016185113780] No charmap autodetected, trying the first one
[Parsed_subtitles_6 @ 0000016185113780] Error getting metadata for embedded font 'smalleg.fon'
[Parsed_subtitles_6 @ 0000016185113780] No charmap autodetected, trying the first one
[Parsed_subtitles_6 @ 0000016185113780] Error getting metadata for embedded font 'smalleg.fon'
[Parsed_subtitles_6 @ 0000016185113780] No charmap autodetected, trying the first one
[Parsed_subtitles_6 @ 0000016185113780] Error getting metadata for embedded font 'smalleg.fon'
[Parsed_subtitles_6 @ 0000016185113780] No charmap autodetected, trying the first one
[Parsed_subtitles_6 @ 0000016185113780] Error getting metadata for embedded font 'smalleg.fon'
[Parsed_subtitles_6 @ 0000016185113780] No charmap autodetected, trying the first one
[Parsed_subtitles_6 @ 0000016185113780] Error getting metadata for embedded font 'smalleg.fon'
[Parsed_subtitles_6 @ 0000016185113780] No charmap autodetected, trying the first one
[Parsed_subtitles_6 @ 0000016185113780] Error getting metadata for embedded font 'smaller.fon'
[Parsed_subtitles_6 @ 0000016185113780] No charmap autodetected, trying the first one
[Parsed_subtitles_6 @ 0000016185113780] Error getting metadata for embedded font 'smaller.fon'
[Parsed_subtitles_6 @ 0000016185113780] No charmap autodetected, trying the first one
[Parsed_subtitles_6 @ 0000016185113780] Error getting metadata for embedded font 'smaller.fon'
[Parsed_subtitles_6 @ 0000016185113780] No charmap autodetected, trying the first one
[Parsed_subtitles_6 @ 0000016185113780] Error getting metadata for embedded font 'smaller.fon'
[Parsed_subtitles_6 @ 0000016185113780] No charmap autodetected, trying the first one
[Parsed_subtitles_6 @ 0000016185113780] Error getting metadata for embedded font 'smaller.fon'
[Parsed_subtitles_6 @ 0000016185113780] No charmap autodetected, trying the first one
[Parsed_subtitles_6 @ 0000016185113780] Error getting metadata for embedded font 'smaller.fon'
[Parsed_subtitles_6 @ 0000016185113780] No charmap autodetected, trying the first one
[Parsed_subtitles_6 @ 0000016185113780] Error getting metadata for embedded font 'smaller.fon'
[Parsed_subtitles_6 @ 0000016185113780] No charmap autodetected, trying the first one
[Parsed_subtitles_6 @ 0000016185113780] Error getting metadata for embedded font 'smaller.fon'
[Parsed_subtitles_6 @ 0000016185113780] No charmap autodetected, trying the first one
[Parsed_subtitles_6 @ 0000016185113780] Error getting metadata for embedded font 'smallet.fon'
[Parsed_subtitles_6 @ 0000016185113780] No charmap autodetected, trying the first one
[Parsed_subtitles_6 @ 0000016185113780] Error getting metadata for embedded font 'smallet.fon'
[Parsed_subtitles_6 @ 0000016185113780] No charmap autodetected, trying the first one
[Parsed_subtitles_6 @ 0000016185113780] Error getting metadata for embedded font 'smallet.fon'
[Parsed_subtitles_6 @ 0000016185113780] No charmap autodetected, trying the first one
[Parsed_subtitles_6 @ 0000016185113780] Error getting metadata for embedded font 'smallet.fon'
[Parsed_subtitles_6 @ 0000016185113780] No charmap autodetected, trying the first one
[Parsed_subtitles_6 @ 0000016185113780] Error getting metadata for embedded font 'smallet.fon'
[Parsed_subtitles_6 @ 0000016185113780] No charmap autodetected, trying the first one
[Parsed_subtitles_6 @ 0000016185113780] Error getting metadata for embedded font 'smallet.fon'
[Parsed_subtitles_6 @ 0000016185113780] No charmap autodetected, trying the first one
[Parsed_subtitles_6 @ 0000016185113780] Error getting metadata for embedded font 'smallet.fon'
[Parsed_subtitles_6 @ 0000016185113780] No charmap autodetected, trying the first one
[Parsed_subtitles_6 @ 0000016185113780] Error getting metadata for embedded font 'smallet.fon'
[Parsed_subtitles_6 @ 0000016185113780] No charmap autodetected, trying the first one
[Parsed_subtitles_6 @ 0000016185113780] Error getting metadata for embedded font 'smallf.fon'
[Parsed_subtitles_6 @ 0000016185113780] No charmap autodetected, trying the first one
[Parsed_subtitles_6 @ 0000016185113780] Error getting metadata for embedded font 'smallf.fon'
[Parsed_subtitles_6 @ 0000016185113780] No charmap autodetected, trying the first one
[Parsed_subtitles_6 @ 0000016185113780] Error getting metadata for embedded font 'smallf.fon'
[Parsed_subtitles_6 @ 0000016185113780] No charmap autodetected, trying the first one
[Parsed_subtitles_6 @ 0000016185113780] Error getting metadata for embedded font 'smallf.fon'
[Parsed_subtitles_6 @ 0000016185113780] No charmap autodetected, trying the first one
[Parsed_subtitles_6 @ 0000016185113780] Error getting metadata for embedded font 'smallf.fon'
[Parsed_subtitles_6 @ 0000016185113780] No charmap autodetected, trying the first one
[Parsed_subtitles_6 @ 0000016185113780] Error getting metadata for embedded font 'smallf.fon'
[Parsed_subtitles_6 @ 0000016185113780] No charmap autodetected, trying the first one
[Parsed_subtitles_6 @ 0000016185113780] Error getting metadata for embedded font 'smallfe.fon'
[Parsed_subtitles_6 @ 0000016185113780] No charmap autodetected, trying the first one
[Parsed_subtitles_6 @ 0000016185113780] Error getting metadata for embedded font 'smallfe.fon'
[Parsed_subtitles_6 @ 0000016185113780] No charmap autodetected, trying the first one
[Parsed_subtitles_6 @ 0000016185113780] Error getting metadata for embedded font 'smallfe.fon'
[Parsed_subtitles_6 @ 0000016185113780] No charmap autodetected, trying the first one
[Parsed_subtitles_6 @ 0000016185113780] Error getting metadata for embedded font 'smallfe.fon'
[Parsed_subtitles_6 @ 0000016185113780] No charmap autodetected, trying the first one
[Parsed_subtitles_6 @ 0000016185113780] Error getting metadata for embedded font 'smallfe.fon'
[Parsed_subtitles_6 @ 0000016185113780] No charmap autodetected, trying the first one
[Parsed_subtitles_6 @ 0000016185113780] Error getting metadata for embedded font 'smallfe.fon'
[Parsed_subtitles_6 @ 0000016185113780] No charmap autodetected, trying the first one
[Parsed_subtitles_6 @ 0000016185113780] Error getting metadata for embedded font 'smallfg.fon'
[Parsed_subtitles_6 @ 0000016185113780] No charmap autodetected, trying the first one
[Parsed_subtitles_6 @ 0000016185113780] Error getting metadata for embedded font 'smallfg.fon'
[Parsed_subtitles_6 @ 0000016185113780] No charmap autodetected, trying the first one
[Parsed_subtitles_6 @ 0000016185113780] Error getting metadata for embedded font 'smallfg.fon'
[Parsed_subtitles_6 @ 0000016185113780] No charmap autodetected, trying the first one
[Parsed_subtitles_6 @ 0000016185113780] Error getting metadata for embedded font 'smallfg.fon'
[Parsed_subtitles_6 @ 0000016185113780] No charmap autodetected, trying the first one
[Parsed_subtitles_6 @ 0000016185113780] Error getting metadata for embedded font 'smallfg.fon'
[Parsed_subtitles_6 @ 0000016185113780] No charmap autodetected, trying the first one
[Parsed_subtitles_6 @ 0000016185113780] Error getting metadata for embedded font 'smallfg.fon'
[Parsed_subtitles_6 @ 0000016185113780] No charmap autodetected, trying the first one
[Parsed_subtitles_6 @ 0000016185113780] Error getting metadata for embedded font 'smallfr.fon'
[Parsed_subtitles_6 @ 0000016185113780] No charmap autodetected, trying the first one
[Parsed_subtitles_6 @ 0000016185113780] Error getting metadata for embedded font 'smallfr.fon'
[Parsed_subtitles_6 @ 0000016185113780] No charmap autodetected, trying the first one
[Parsed_subtitles_6 @ 0000016185113780] Error getting metadata for embedded font 'smallfr.fon'
[Parsed_subtitles_6 @ 0000016185113780] No charmap autodetected, trying the first one
[Parsed_subtitles_6 @ 0000016185113780] Error getting metadata for embedded font 'smallfr.fon'
[Parsed_subtitles_6 @ 0000016185113780] No charmap autodetected, trying the first one
[Parsed_subtitles_6 @ 0000016185113780] Error getting metadata for embedded font 'smallfr.fon'
[Parsed_subtitles_6 @ 0000016185113780] No charmap autodetected, trying the first one
[Parsed_subtitles_6 @ 0000016185113780] Error getting metadata for embedded font 'smallfr.fon'
[Parsed_subtitles_6 @ 0000016185113780] No charmap autodetected, trying the first one
[Parsed_subtitles_6 @ 0000016185113780] Error getting metadata for embedded font 'smallft.fon'
[Parsed_subtitles_6 @ 0000016185113780] No charmap autodetected, trying the first one
[Parsed_subtitles_6 @ 0000016185113780] Error getting metadata for embedded font 'smallft.fon'
[Parsed_subtitles_6 @ 0000016185113780] No charmap autodetected, trying the first one
[Parsed_subtitles_6 @ 0000016185113780] Error getting metadata for embedded font 'smallft.fon'
[Parsed_subtitles_6 @ 0000016185113780] No charmap autodetected, trying the first one
[Parsed_subtitles_6 @ 0000016185113780] Error getting metadata for embedded font 'smallft.fon'
[Parsed_subtitles_6 @ 0000016185113780] No charmap autodetected, trying the first one
[Parsed_subtitles_6 @ 0000016185113780] Error getting metadata for embedded font 'smallft.fon'
[Parsed_subtitles_6 @ 0000016185113780] No charmap autodetected, trying the first one
[Parsed_subtitles_6 @ 0000016185113780] Error getting metadata for embedded font 'smallft.fon'
[Parsed_subtitles_6 @ 0000016185113780] No charmap autodetected, trying the first one
[Parsed_subtitles_6 @ 0000016185113780] Error getting metadata for embedded font 'ssee1255.fon'
[Parsed_subtitles_6 @ 0000016185113780] No charmap autodetected, trying the first one
[Parsed_subtitles_6 @ 0000016185113780] Error getting metadata for embedded font 'ssee1255.fon'
[Parsed_subtitles_6 @ 0000016185113780] No charmap autodetected, trying the first one
[Parsed_subtitles_6 @ 0000016185113780] Error getting metadata for embedded font 'ssee1255.fon'
[Parsed_subtitles_6 @ 0000016185113780] No charmap autodetected, trying the first one
[Parsed_subtitles_6 @ 0000016185113780] Error getting metadata for embedded font 'ssee1255.fon'
[Parsed_subtitles_6 @ 0000016185113780] No charmap autodetected, trying the first one
[Parsed_subtitles_6 @ 0000016185113780] Error getting metadata for embedded font 'ssee1255.fon'
[Parsed_subtitles_6 @ 0000016185113780] No charmap autodetected, trying the first one
[Parsed_subtitles_6 @ 0000016185113780] Error getting metadata for embedded font 'ssee1255.fon'
[Parsed_subtitles_6 @ 0000016185113780] No charmap autodetected, trying the first one
[Parsed_subtitles_6 @ 0000016185113780] Error getting metadata for embedded font 'ssee1256.fon'
[Parsed_subtitles_6 @ 0000016185113780] No charmap autodetected, trying the first one
[Parsed_subtitles_6 @ 0000016185113780] Error getting metadata for embedded font 'ssee1256.fon'
[Parsed_subtitles_6 @ 0000016185113780] No charmap autodetected, trying the first one
[Parsed_subtitles_6 @ 0000016185113780] Error getting metadata for embedded font 'ssee1256.fon'
[Parsed_subtitles_6 @ 0000016185113780] No charmap autodetected, trying the first one
[Parsed_subtitles_6 @ 0000016185113780] Error getting metadata for embedded font 'ssee1256.fon'
[Parsed_subtitles_6 @ 0000016185113780] No charmap autodetected, trying the first one
[Parsed_subtitles_6 @ 0000016185113780] Error getting metadata for embedded font 'ssee1256.fon'
[Parsed_subtitles_6 @ 0000016185113780] No charmap autodetected, trying the first one
[Parsed_subtitles_6 @ 0000016185113780] Error getting metadata for embedded font 'ssee1256.fon'
[Parsed_subtitles_6 @ 0000016185113780] No charmap autodetected, trying the first one
[Parsed_subtitles_6 @ 0000016185113780] Error getting metadata for embedded font 'ssee1257.fon'
[Parsed_subtitles_6 @ 0000016185113780] No charmap autodetected, trying the first one
[Parsed_subtitles_6 @ 0000016185113780] Error getting metadata for embedded font 'ssee1257.fon'
[Parsed_subtitles_6 @ 0000016185113780] No charmap autodetected, trying the first one
[Parsed_subtitles_6 @ 0000016185113780] Error getting metadata for embedded font 'ssee1257.fon'
[Parsed_subtitles_6 @ 0000016185113780] No charmap autodetected, trying the first one
[Parsed_subtitles_6 @ 0000016185113780] Error getting metadata for embedded font 'ssee1257.fon'
[Parsed_subtitles_6 @ 0000016185113780] No charmap autodetected, trying the first one
[Parsed_subtitles_6 @ 0000016185113780] Error getting metadata for embedded font 'ssee1257.fon'
[Parsed_subtitles_6 @ 0000016185113780] No charmap autodetected, trying the first one
[Parsed_subtitles_6 @ 0000016185113780] Error getting metadata for embedded font 'ssee1257.fon'
[Parsed_subtitles_6 @ 0000016185113780] No charmap autodetected, trying the first one
[Parsed_subtitles_6 @ 0000016185113780] Error getting metadata for embedded font 'ssee874.fon'
[Parsed_subtitles_6 @ 0000016185113780] No charmap autodetected, trying the first one
[Parsed_subtitles_6 @ 0000016185113780] Error getting metadata for embedded font 'ssee874.fon'
[Parsed_subtitles_6 @ 0000016185113780] No charmap autodetected, trying the first one
[Parsed_subtitles_6 @ 0000016185113780] Error getting metadata for embedded font 'ssee874.fon'
[Parsed_subtitles_6 @ 0000016185113780] No charmap autodetected, trying the first one
[Parsed_subtitles_6 @ 0000016185113780] Error getting metadata for embedded font 'ssee874.fon'
[Parsed_subtitles_6 @ 0000016185113780] No charmap autodetected, trying the first one
[Parsed_subtitles_6 @ 0000016185113780] Error getting metadata for embedded font 'ssee874.fon'
[Parsed_subtitles_6 @ 0000016185113780] No charmap autodetected, trying the first one
[Parsed_subtitles_6 @ 0000016185113780] Error getting metadata for embedded font 'ssee874.fon'
[Parsed_subtitles_6 @ 0000016185113780] No charmap autodetected, trying the first one
[Parsed_subtitles_6 @ 0000016185113780] Error getting metadata for embedded font 'ssee874.fon'
[Parsed_subtitles_6 @ 0000016185113780] No charmap autodetected, trying the first one
[Parsed_subtitles_6 @ 0000016185113780] Error getting metadata for embedded font 'ssef1255.fon'
[Parsed_subtitles_6 @ 0000016185113780] No charmap autodetected, trying the first one
[Parsed_subtitles_6 @ 0000016185113780] Error getting metadata for embedded font 'ssef1255.fon'
[Parsed_subtitles_6 @ 0000016185113780] No charmap autodetected, trying the first one
[Parsed_subtitles_6 @ 0000016185113780] Error getting metadata for embedded font 'ssef1255.fon'
[Parsed_subtitles_6 @ 0000016185113780] No charmap autodetected, trying the first one
[Parsed_subtitles_6 @ 0000016185113780] Error getting metadata for embedded font 'ssef1255.fon'
[Parsed_subtitles_6 @ 0000016185113780] No charmap autodetected, trying the first one
[Parsed_subtitles_6 @ 0000016185113780] Error getting metadata for embedded font 'ssef1255.fon'
[Parsed_subtitles_6 @ 0000016185113780] No charmap autodetected, trying the first one
[Parsed_subtitles_6 @ 0000016185113780] Error getting metadata for embedded font 'ssef1255.fon'
[Parsed_subtitles_6 @ 0000016185113780] No charmap autodetected, trying the first one
[Parsed_subtitles_6 @ 0000016185113780] Error getting metadata for embedded font 'ssef1256.fon'
[Parsed_subtitles_6 @ 0000016185113780] No charmap autodetected, trying the first one
[Parsed_subtitles_6 @ 0000016185113780] Error getting metadata for embedded font 'ssef1256.fon'
[Parsed_subtitles_6 @ 0000016185113780] No charmap autodetected, trying the first one
[Parsed_subtitles_6 @ 0000016185113780] Error getting metadata for embedded font 'ssef1256.fon'
[Parsed_subtitles_6 @ 0000016185113780] No charmap autodetected, trying the first one
[Parsed_subtitles_6 @ 0000016185113780] Error getting metadata for embedded font 'ssef1256.fon'
[Parsed_subtitles_6 @ 0000016185113780] No charmap autodetected, trying the first one
[Parsed_subtitles_6 @ 0000016185113780] Error getting metadata for embedded font 'ssef1256.fon'
[Parsed_subtitles_6 @ 0000016185113780] No charmap autodetected, trying the first one
[Parsed_subtitles_6 @ 0000016185113780] Error getting metadata for embedded font 'ssef1257.fon'
[Parsed_subtitles_6 @ 0000016185113780] No charmap autodetected, trying the first one
[Parsed_subtitles_6 @ 0000016185113780] Error getting metadata for embedded font 'ssef1257.fon'
[Parsed_subtitles_6 @ 0000016185113780] No charmap autodetected, trying the first one
[Parsed_subtitles_6 @ 0000016185113780] Error getting metadata for embedded font 'ssef1257.fon'
[Parsed_subtitles_6 @ 0000016185113780] No charmap autodetected, trying the first one
[Parsed_subtitles_6 @ 0000016185113780] Error getting metadata for embedded font 'ssef1257.fon'
[Parsed_subtitles_6 @ 0000016185113780] No charmap autodetected, trying the first one
[Parsed_subtitles_6 @ 0000016185113780] Error getting metadata for embedded font 'ssef1257.fon'
[Parsed_subtitles_6 @ 0000016185113780] No charmap autodetected, trying the first one
[Parsed_subtitles_6 @ 0000016185113780] Error getting metadata for embedded font 'ssef1257.fon'
[Parsed_subtitles_6 @ 0000016185113780] No charmap autodetected, trying the first one
[Parsed_subtitles_6 @ 0000016185113780] Error getting metadata for embedded font 'ssef874.fon'
[Parsed_subtitles_6 @ 0000016185113780] No charmap autodetected, trying the first one
[Parsed_subtitles_6 @ 0000016185113780] Error getting metadata for embedded font 'ssef874.fon'
[Parsed_subtitles_6 @ 0000016185113780] No charmap autodetected, trying the first one
[Parsed_subtitles_6 @ 0000016185113780] Error getting metadata for embedded font 'ssef874.fon'
[Parsed_subtitles_6 @ 0000016185113780] No charmap autodetected, trying the first one
[Parsed_subtitles_6 @ 0000016185113780] Error getting metadata for embedded font 'ssef874.fon'
[Parsed_subtitles_6 @ 0000016185113780] No charmap autodetected, trying the first one
[Parsed_subtitles_6 @ 0000016185113780] Error getting metadata for embedded font 'ssef874.fon'
[Parsed_subtitles_6 @ 0000016185113780] No charmap autodetected, trying the first one
[Parsed_subtitles_6 @ 0000016185113780] Error getting metadata for embedded font 'ssef874.fon'
[Parsed_subtitles_6 @ 0000016185113780] No charmap autodetected, trying the first one
[Parsed_subtitles_6 @ 0000016185113780] Error getting metadata for embedded font 'ssef874.fon'
[Parsed_subtitles_6 @ 0000016185113780] No charmap autodetected, trying the first one
[Parsed_subtitles_6 @ 0000016185113780] Error getting metadata for embedded font 'sserife.fon'
[Parsed_subtitles_6 @ 0000016185113780] No charmap autodetected, trying the first one
[Parsed_subtitles_6 @ 0000016185113780] Error getting metadata for embedded font 'sserife.fon'
[Parsed_subtitles_6 @ 0000016185113780] No charmap autodetected, trying the first one
[Parsed_subtitles_6 @ 0000016185113780] Error getting metadata for embedded font 'sserife.fon'
[Parsed_subtitles_6 @ 0000016185113780] No charmap autodetected, trying the first one
[Parsed_subtitles_6 @ 0000016185113780] Error getting metadata for embedded font 'sserife.fon'
[Parsed_subtitles_6 @ 0000016185113780] No charmap autodetected, trying the first one
[Parsed_subtitles_6 @ 0000016185113780] Error getting metadata for embedded font 'sserife.fon'
[Parsed_subtitles_6 @ 0000016185113780] No charmap autodetected, trying the first one
[Parsed_subtitles_6 @ 0000016185113780] Error getting metadata for embedded font 'sserife.fon'
[Parsed_subtitles_6 @ 0000016185113780] No charmap autodetected, trying the first one
[Parsed_subtitles_6 @ 0000016185113780] Error getting metadata for embedded font 'sserifee.fon'
[Parsed_subtitles_6 @ 0000016185113780] No charmap autodetected, trying the first one
[Parsed_subtitles_6 @ 0000016185113780] Error getting metadata for embedded font 'sserifee.fon'
[Parsed_subtitles_6 @ 0000016185113780] No charmap autodetected, trying the first one
[Parsed_subtitles_6 @ 0000016185113780] Error getting metadata for embedded font 'sserifee.fon'
[Parsed_subtitles_6 @ 0000016185113780] No charmap autodetected, trying the first one
[Parsed_subtitles_6 @ 0000016185113780] Error getting metadata for embedded font 'sserifee.fon'
[Parsed_subtitles_6 @ 0000016185113780] No charmap autodetected, trying the first one
[Parsed_subtitles_6 @ 0000016185113780] Error getting metadata for embedded font 'sserifee.fon'
[Parsed_subtitles_6 @ 0000016185113780] No charmap autodetected, trying the first one
[Parsed_subtitles_6 @ 0000016185113780] Error getting metadata for embedded font 'sserifee.fon'
[Parsed_subtitles_6 @ 0000016185113780] No charmap autodetected, trying the first one
[Parsed_subtitles_6 @ 0000016185113780] Error getting metadata for embedded font 'sserifeg.fon'
[Parsed_subtitles_6 @ 0000016185113780] No charmap autodetected, trying the first one
[Parsed_subtitles_6 @ 0000016185113780] Error getting metadata for embedded font 'sserifeg.fon'
[Parsed_subtitles_6 @ 0000016185113780] No charmap autodetected, trying the first one
[Parsed_subtitles_6 @ 0000016185113780] Error getting metadata for embedded font 'sserifeg.fon'
[Parsed_subtitles_6 @ 0000016185113780] No charmap autodetected, trying the first one
[Parsed_subtitles_6 @ 0000016185113780] Error getting metadata for embedded font 'sserifeg.fon'
[Parsed_subtitles_6 @ 0000016185113780] No charmap autodetected, trying the first one
[Parsed_subtitles_6 @ 0000016185113780] Error getting metadata for embedded font 'sserifeg.fon'
[Parsed_subtitles_6 @ 0000016185113780] No charmap autodetected, trying the first one
[Parsed_subtitles_6 @ 0000016185113780] Error getting metadata for embedded font 'sserifeg.fon'
[Parsed_subtitles_6 @ 0000016185113780] No charmap autodetected, trying the first one
[Parsed_subtitles_6 @ 0000016185113780] Error getting metadata for embedded font 'sserifer.fon'
[Parsed_subtitles_6 @ 0000016185113780] No charmap autodetected, trying the first one
[Parsed_subtitles_6 @ 0000016185113780] Error getting metadata for embedded font 'sserifer.fon'
[Parsed_subtitles_6 @ 0000016185113780] No charmap autodetected, trying the first one
[Parsed_subtitles_6 @ 0000016185113780] Error getting metadata for embedded font 'sserifer.fon'
[Parsed_subtitles_6 @ 0000016185113780] No charmap autodetected, trying the first one
[Parsed_subtitles_6 @ 0000016185113780] Error getting metadata for embedded font 'sserifer.fon'
[Parsed_subtitles_6 @ 0000016185113780] No charmap autodetected, trying the first one
[Parsed_subtitles_6 @ 0000016185113780] Error getting metadata for embedded font 'sserifer.fon'
[Parsed_subtitles_6 @ 0000016185113780] No charmap autodetected, trying the first one
[Parsed_subtitles_6 @ 0000016185113780] Error getting metadata for embedded font 'sserifer.fon'
[Parsed_subtitles_6 @ 0000016185113780] No charmap autodetected, trying the first one
[Parsed_subtitles_6 @ 0000016185113780] Error getting metadata for embedded font 'sserifet.fon'
[Parsed_subtitles_6 @ 0000016185113780] No charmap autodetected, trying the first one
[Parsed_subtitles_6 @ 0000016185113780] Error getting metadata for embedded font 'sserifet.fon'
[Parsed_subtitles_6 @ 0000016185113780] No charmap autodetected, trying the first one
[Parsed_subtitles_6 @ 0000016185113780] Error getting metadata for embedded font 'sserifet.fon'
[Parsed_subtitles_6 @ 0000016185113780] No charmap autodetected, trying the first one
[Parsed_subtitles_6 @ 0000016185113780] Error getting metadata for embedded font 'sserifet.fon'
[Parsed_subtitles_6 @ 0000016185113780] No charmap autodetected, trying the first one
[Parsed_subtitles_6 @ 0000016185113780] Error getting metadata for embedded font 'sserifet.fon'
[Parsed_subtitles_6 @ 0000016185113780] No charmap autodetected, trying the first one
[Parsed_subtitles_6 @ 0000016185113780] Error getting metadata for embedded font 'sserifet.fon'
[Parsed_subtitles_6 @ 0000016185113780] No charmap autodetected, trying the first one
[Parsed_subtitles_6 @ 0000016185113780] Error getting metadata for embedded font 'sseriff.fon'
[Parsed_subtitles_6 @ 0000016185113780] No charmap autodetected, trying the first one
[Parsed_subtitles_6 @ 0000016185113780] Error getting metadata for embedded font 'sseriff.fon'
[Parsed_subtitles_6 @ 0000016185113780] No charmap autodetected, trying the first one
[Parsed_subtitles_6 @ 0000016185113780] Error getting metadata for embedded font 'sseriff.fon'
[Parsed_subtitles_6 @ 0000016185113780] No charmap autodetected, trying the first one
[Parsed_subtitles_6 @ 0000016185113780] Error getting metadata for embedded font 'sseriff.fon'
[Parsed_subtitles_6 @ 0000016185113780] No charmap autodetected, trying the first one
[Parsed_subtitles_6 @ 0000016185113780] Error getting metadata for embedded font 'sseriff.fon'
[Parsed_subtitles_6 @ 0000016185113780] No charmap autodetected, trying the first one
[Parsed_subtitles_6 @ 0000016185113780] Error getting metadata for embedded font 'sseriff.fon'
[Parsed_subtitles_6 @ 0000016185113780] No charmap autodetected, trying the first one
[Parsed_subtitles_6 @ 0000016185113780] Error getting metadata for embedded font 'sseriffe.fon'
[Parsed_subtitles_6 @ 0000016185113780] No charmap autodetected, trying the first one
[Parsed_subtitles_6 @ 0000016185113780] Error getting metadata for embedded font 'sseriffe.fon'
[Parsed_subtitles_6 @ 0000016185113780] No charmap autodetected, trying the first one
[Parsed_subtitles_6 @ 0000016185113780] Error getting metadata for embedded font 'sseriffe.fon'
[Parsed_subtitles_6 @ 0000016185113780] No charmap autodetected, trying the first one
[Parsed_subtitles_6 @ 0000016185113780] Error getting metadata for embedded font 'sseriffe.fon'
[Parsed_subtitles_6 @ 0000016185113780] No charmap autodetected, trying the first one
[Parsed_subtitles_6 @ 0000016185113780] Error getting metadata for embedded font 'sseriffe.fon'
[Parsed_subtitles_6 @ 0000016185113780] No charmap autodetected, trying the first one
[Parsed_subtitles_6 @ 0000016185113780] Error getting metadata for embedded font 'sseriffe.fon'
[Parsed_subtitles_6 @ 0000016185113780] No charmap autodetected, trying the first one
[Parsed_subtitles_6 @ 0000016185113780] Error getting metadata for embedded font 'sseriffg.fon'
[Parsed_subtitles_6 @ 0000016185113780] No charmap autodetected, trying the first one
[Parsed_subtitles_6 @ 0000016185113780] Error getting metadata for embedded font 'sseriffg.fon'
[Parsed_subtitles_6 @ 0000016185113780] No charmap autodetected, trying the first one
[Parsed_subtitles_6 @ 0000016185113780] Error getting metadata for embedded font 'sseriffg.fon'
[Parsed_subtitles_6 @ 0000016185113780] No charmap autodetected, trying the first one
[Parsed_subtitles_6 @ 0000016185113780] Error getting metadata for embedded font 'sseriffg.fon'
[Parsed_subtitles_6 @ 0000016185113780] No charmap autodetected, trying the first one
[Parsed_subtitles_6 @ 0000016185113780] Error getting metadata for embedded font 'sseriffg.fon'
[Parsed_subtitles_6 @ 0000016185113780] No charmap autodetected, trying the first one
[Parsed_subtitles_6 @ 0000016185113780] Error getting metadata for embedded font 'sseriffg.fon'
[Parsed_subtitles_6 @ 0000016185113780] No charmap autodetected, trying the first one
[Parsed_subtitles_6 @ 0000016185113780] Error getting metadata for embedded font 'sseriffr.fon'
[Parsed_subtitles_6 @ 0000016185113780] No charmap autodetected, trying the first one
[Parsed_subtitles_6 @ 0000016185113780] Error getting metadata for embedded font 'sseriffr.fon'
[Parsed_subtitles_6 @ 0000016185113780] No charmap autodetected, trying the first one
[Parsed_subtitles_6 @ 0000016185113780] Error getting metadata for embedded font 'sseriffr.fon'
[Parsed_subtitles_6 @ 0000016185113780] No charmap autodetected, trying the first one
[Parsed_subtitles_6 @ 0000016185113780] Error getting metadata for embedded font 'sseriffr.fon'
[Parsed_subtitles_6 @ 0000016185113780] No charmap autodetected, trying the first one
[Parsed_subtitles_6 @ 0000016185113780] Error getting metadata for embedded font 'sseriffr.fon'
[Parsed_subtitles_6 @ 0000016185113780] No charmap autodetected, trying the first one
[Parsed_subtitles_6 @ 0000016185113780] Error getting metadata for embedded font 'sseriffr.fon'
[Parsed_subtitles_6 @ 0000016185113780] No charmap autodetected, trying the first one
[Parsed_subtitles_6 @ 0000016185113780] Error getting metadata for embedded font 'sserifft.fon'
[Parsed_subtitles_6 @ 0000016185113780] No charmap autodetected, trying the first one
[Parsed_subtitles_6 @ 0000016185113780] Error getting metadata for embedded font 'sserifft.fon'
[Parsed_subtitles_6 @ 0000016185113780] No charmap autodetected, trying the first one
[Parsed_subtitles_6 @ 0000016185113780] Error getting metadata for embedded font 'sserifft.fon'
[Parsed_subtitles_6 @ 0000016185113780] No charmap autodetected, trying the first one
[Parsed_subtitles_6 @ 0000016185113780] Error getting metadata for embedded font 'sserifft.fon'
[Parsed_subtitles_6 @ 0000016185113780] No charmap autodetected, trying the first one
[Parsed_subtitles_6 @ 0000016185113780] Error getting metadata for embedded font 'sserifft.fon'
[Parsed_subtitles_6 @ 0000016185113780] No charmap autodetected, trying the first one
[Parsed_subtitles_6 @ 0000016185113780] Error getting metadata for embedded font 'sserifft.fon'
[Parsed_subtitles_6 @ 0000016185113780] Error opening memory font 'StaticCache.dat'
[Parsed_subtitles_6 @ 0000016185113780] No charmap autodetected, trying the first one
[Parsed_subtitles_6 @ 0000016185113780] Error getting metadata for embedded font 'svgafix.fon'
[Parsed_subtitles_6 @ 0000016185113780] No charmap autodetected, trying the first one
[Parsed_subtitles_6 @ 0000016185113780] Error getting metadata for embedded font 'svgasys.fon'
[Parsed_subtitles_6 @ 0000016185113780] No charmap autodetected, trying the first one
[Parsed_subtitles_6 @ 0000016185113780] Error getting metadata for embedded font 'svgasys.fon'
[Parsed_subtitles_6 @ 0000016185113780] No charmap autodetected, trying the first one
[Parsed_subtitles_6 @ 0000016185113780] Error getting metadata for embedded font 'vga737.fon'
[Parsed_subtitles_6 @ 0000016185113780] No charmap autodetected, trying the first one
[Parsed_subtitles_6 @ 0000016185113780] Error getting metadata for embedded font 'vga775.fon'
[Parsed_subtitles_6 @ 0000016185113780] No charmap autodetected, trying the first one
[Parsed_subtitles_6 @ 0000016185113780] Error getting metadata for embedded font 'vga850.fon'
[Parsed_subtitles_6 @ 0000016185113780] No charmap autodetected, trying the first one
[Parsed_subtitles_6 @ 0000016185113780] Error getting metadata for embedded font 'vga852.fon'
[Parsed_subtitles_6 @ 0000016185113780] No charmap autodetected, trying the first one
[Parsed_subtitles_6 @ 0000016185113780] Error getting metadata for embedded font 'vga855.fon'
[Parsed_subtitles_6 @ 0000016185113780] No charmap autodetected, trying the first one
[Parsed_subtitles_6 @ 0000016185113780] Error getting metadata for embedded font 'vga857.fon'
[Parsed_subtitles_6 @ 0000016185113780] No charmap autodetected, trying the first one
[Parsed_subtitles_6 @ 0000016185113780] Error getting metadata for embedded font 'vga860.fon'
[Parsed_subtitles_6 @ 0000016185113780] No charmap autodetected, trying the first one
[Parsed_subtitles_6 @ 0000016185113780] Error getting metadata for embedded font 'vga861.fon'
[Parsed_subtitles_6 @ 0000016185113780] No charmap autodetected, trying the first one
[Parsed_subtitles_6 @ 0000016185113780] Error getting metadata for embedded font 'vga863.fon'
[Parsed_subtitles_6 @ 0000016185113780] No charmap autodetected, trying the first one
[Parsed_subtitles_6 @ 0000016185113780] Error getting metadata for embedded font 'vga865.fon'
[Parsed_subtitles_6 @ 0000016185113780] No charmap autodetected, trying the first one
[Parsed_subtitles_6 @ 0000016185113780] Error getting metadata for embedded font 'vga866.fon'
[Parsed_subtitles_6 @ 0000016185113780] No charmap autodetected, trying the first one
[Parsed_subtitles_6 @ 0000016185113780] Error getting metadata for embedded font 'vga869.fon'
[Parsed_subtitles_6 @ 0000016185113780] No charmap autodetected, trying the first one
[Parsed_subtitles_6 @ 0000016185113780] Error getting metadata for embedded font 'vga932.fon'
[Parsed_subtitles_6 @ 0000016185113780] No charmap autodetected, trying the first one
[Parsed_subtitles_6 @ 0000016185113780] Error getting metadata for embedded font 'vga936.fon'
[Parsed_subtitles_6 @ 0000016185113780] No charmap autodetected, trying the first one
[Parsed_subtitles_6 @ 0000016185113780] Error getting metadata for embedded font 'vga949.fon'
[Parsed_subtitles_6 @ 0000016185113780] No charmap autodetected, trying the first one
[Parsed_subtitles_6 @ 0000016185113780] Error getting metadata for embedded font 'vga950.fon'
[Parsed_subtitles_6 @ 0000016185113780] No charmap autodetected, trying the first one
[Parsed_subtitles_6 @ 0000016185113780] Error getting metadata for embedded font 'vgaf1255.fon'
[Parsed_subtitles_6 @ 0000016185113780] No charmap autodetected, trying the first one
[Parsed_subtitles_6 @ 0000016185113780] Error getting metadata for embedded font 'vgaf1256.fon'
[Parsed_subtitles_6 @ 0000016185113780] No charmap autodetected, trying the first one
[Parsed_subtitles_6 @ 0000016185113780] Error getting metadata for embedded font 'vgaf1257.fon'
[Parsed_subtitles_6 @ 0000016185113780] No charmap autodetected, trying the first one
[Parsed_subtitles_6 @ 0000016185113780] Error getting metadata for embedded font 'vgaf874.fon'
[Parsed_subtitles_6 @ 0000016185113780] No charmap autodetected, trying the first one
[Parsed_subtitles_6 @ 0000016185113780] Error getting metadata for embedded font 'vgafix.fon'
[Parsed_subtitles_6 @ 0000016185113780] No charmap autodetected, trying the first one
[Parsed_subtitles_6 @ 0000016185113780] Error getting metadata for embedded font 'vgafixe.fon'
[Parsed_subtitles_6 @ 0000016185113780] No charmap autodetected, trying the first one
[Parsed_subtitles_6 @ 0000016185113780] Error getting metadata for embedded font 'vgafixg.fon'
[Parsed_subtitles_6 @ 0000016185113780] No charmap autodetected, trying the first one
[Parsed_subtitles_6 @ 0000016185113780] Error getting metadata for embedded font 'vgafixr.fon'
[Parsed_subtitles_6 @ 0000016185113780] No charmap autodetected, trying the first one
[Parsed_subtitles_6 @ 0000016185113780] Error getting metadata for embedded font 'vgafixt.fon'
[Parsed_subtitles_6 @ 0000016185113780] No charmap autodetected, trying the first one
[Parsed_subtitles_6 @ 0000016185113780] Error getting metadata for embedded font 'vgaoem.fon'
[Parsed_subtitles_6 @ 0000016185113780] No charmap autodetected, trying the first one
[Parsed_subtitles_6 @ 0000016185113780] Error getting metadata for embedded font 'vgas1255.fon'
[Parsed_subtitles_6 @ 0000016185113780] No charmap autodetected, trying the first one
[Parsed_subtitles_6 @ 0000016185113780] Error getting metadata for embedded font 'vgas1256.fon'
[Parsed_subtitles_6 @ 0000016185113780] No charmap autodetected, trying the first one
[Parsed_subtitles_6 @ 0000016185113780] Error getting metadata for embedded font 'vgas1257.fon'
[Parsed_subtitles_6 @ 0000016185113780] No charmap autodetected, trying the first one
[Parsed_subtitles_6 @ 0000016185113780] Error getting metadata for embedded font 'vgas874.fon'
[Parsed_subtitles_6 @ 0000016185113780] No charmap autodetected, trying the first one
[Parsed_subtitles_6 @ 0000016185113780] Error getting metadata for embedded font 'vgasys.fon'
[Parsed_subtitles_6 @ 0000016185113780] No charmap autodetected, trying the first one
[Parsed_subtitles_6 @ 0000016185113780] Error getting metadata for embedded font 'vgasyse.fon'
[Parsed_subtitles_6 @ 0000016185113780] No charmap autodetected, trying the first one
[Parsed_subtitles_6 @ 0000016185113780] Error getting metadata for embedded font 'vgasysg.fon'
[Parsed_subtitles_6 @ 0000016185113780] No charmap autodetected, trying the first one
[Parsed_subtitles_6 @ 0000016185113780] Error getting metadata for embedded font 'vgasysr.fon'
[Parsed_subtitles_6 @ 0000016185113780] No charmap autodetected, trying the first one
[Parsed_subtitles_6 @ 0000016185113780] Error getting metadata for embedded font 'vgasyst.fon'
[Parsed_subtitles_6 @ 0000016185113780] Using font provider directwrite (with GDI)
Input #0, mov,mp4,m4a,3gp,3g2,mj2, from 'C:\Users\n\AppData\Local\Temp\tmpmeb7dnb8\clip_14_1644_1742.mp4':
  Metadata:
    major_brand     : isom
    minor_version   : 512
    compatible_brands: isomiso2avc1mp41
    encoder         : Lavf63.5.101
  Duration: 00:01:38.28, start: 0.000000, bitrate: 5052 kb/s
  Stream #0:0[0x1](und): Video: h264 (Constrained Baseline) (avc1 / 0x31637661), yuv420p(tv, bt709, progressive), 1280x720 [SAR 1:1 DAR 16:9], 4963 kb/s, 25 fps, 25 tbr, 12800 tbn (default)
    Metadata:
      handler_name    : ISO Media file produced by Google Inc.
      encoder         : Lavc63.6.101 libx264
  Stream #0:1[0x2](und): Audio: aac (LC) (mp4a / 0x6134706D), 44100 Hz, stereo, fltp, 83 kb/s (default)
    Metadata:
      handler_name    : ISO Media file produced by Google Inc.
Input #1, mov,mp4,m4a,3gp,3g2,mj2, from 'C:\Users\n\Documents\hotshort\assets\transitions\light_leak_1080x1920_v3.mp4':
  Metadata:
    major_brand     : isom
    minor_version   : 512
    compatible_brands: isomiso2mp41
    encoder         : Lavf61.7.100
  Duration: 00:00:01.00, start: 0.000000, bitrate: 6185 kb/s
  Stream #1:0[0x1](und): Video: mpeg4 (Simple Profile) (mp4v / 0x7634706D), yuv420p, 1080x1920 [SAR 1:1 DAR 9:16], 6176 kb/s, 30 fps, 30 tbr, 15360 tbn (default)
    Metadata:
      handler_name    : VideoHandler
[aist#2:0/pcm_s16le @ 000001619a897d00] Guessed Channel Layout: mono
Input #2, wav, from 'C:\Users\n\Documents\hotshort\assets\transitions\swoosh.wav':
  Duration: 00:00:01.00, bitrate: 705 kb/s
  Stream #2:0: Audio: pcm_s16le ([1][0][0][0] / 0x0001), 44100 Hz, mono, s16, 705 kb/s
[aist#3:0/pcm_s16le @ 000001619a898080] Guessed Channel Layout: mono
Input #3, wav, from 'C:\Users\n\Documents\hotshort\assets\transitions\camera_click.wav':
  Duration: 00:00:00.18, bitrate: 707 kb/s
  Stream #3:0: Audio: pcm_s16le ([1][0][0][0] / 0x0001), 44100 Hz, mono, s16, 705 kb/s
Input #4, mov,mp4,m4a,3gp,3g2,mj2, from 'C:\Users\n\Documents\hotshort\assets\Dopamine_assets\DB_LUXURY_1.mp4':
  Metadata:
    major_brand     : qt  
    minor_version   : 0
    compatible_brands: qt  
    creation_time   : 2024-07-25T02:19:59.000000Z
    com.apple.quicktime.location.accuracy.horizontal: 4.742039
    com.apple.quicktime.cinematic-video: 
    com.apple.quicktime.location.ISO6709: +36.2251+029.3756+003.930/
    com.apple.quicktime.make: Apple
    com.apple.quicktime.model: iPhone 15 Pro Max
    com.apple.quicktime.software: 17.6
    com.apple.quicktime.creationdate: 2024-07-24T19:58:46+0300
  Duration: 00:00:11.34, start: 0.000000, bitrate: 20665 kb/s
  Stream #4:0[0x1](und): Video: hevc (Main 10) (hvc1 / 0x31637668), yuv420p10le(tv, bt2020nc/bt2020/arib-std-b67), 3840x2160, 20468 kb/s, 30 fps, 30 tbr, 600 tbn (default)
    Metadata:
      creation_time   : 2024-07-25T02:19:59.000000Z
      handler_name    : Core Media Video
      vendor_id       : [0][0][0][0]
      encoder         : HEVC
    Side data:
      DOVI configuration record: version: 1.0, profile: 8, level: 8, rpu flag: 1, el flag: 0, bl flag: 1, compatibility id: 4, compression: 0
      Display Matrix: rotation of -90.00 degrees
      Ambient viewing environment: ambient_illuminance=314.000000, ambient_light_x=0.312700, ambient_light_y=0.329000
  Stream #4:1[0x2](und): Audio: aac (LC) (mp4a / 0x6134706D), 44100 Hz, stereo, fltp, 188 kb/s (default)
    Metadata:
      creation_time   : 2024-07-25T02:19:59.000000Z
      handler_name    : Core Media Audio
      vendor_id       : [0][0][0][0]
[in#5 @ 0000016187a2aa00] st: 0 edit list: 1 Missing key frame while searching for timestamp: 1001
[in#5 @ 0000016187a2aa00] st: 0 edit list 1 Cannot find an index entry before timestamp: 1001.
[in#5 @ 0000016187a2aa00] infe version < 2 is not implemented. Update your FFmpeg version to the newest one from Git. If the problem still occurs, it means that your file has a feature which has not been implemented.
[aist#5:1/pcm_s16be @ 000001619a770200] Guessed Channel Layout: stereo
Input #5, mov,mp4,m4a,3gp,3g2,mj2, from 'C:\Users\n\Documents\hotshort\assets\Dopamine_assets\DB_VIRAL_1.mp4':
  Metadata:
    major_brand     : XAVC
    minor_version   : 17506303
    compatible_brands: XAVCmp42nrasiso6
    creation_time   : 2024-07-27T20:45:20.000000Z
  Duration: 00:00:16.02, start: 0.000000, bitrate: 134222 kb/s
  Stream group #5:0[0x3]: Track Reference:
    Stream #5:0[0x1](und): Video: hevc (Rext) (hvc1 / 0x31637668), yuv422p10le(pc), 3840x2160 [SAR 1:1 DAR 16:9], 99334 kb/s, 23.98 fps, 23.98 tbr, 24k tbn (default)
      Metadata:
        creation_time   : 2024-07-27T20:45:20.000000Z
        handler_name    : Video Media Handler
        encoder         : HEVC Coding
    Stream #5:2[0x3](und): Data: none (rtmd / 0x646D7472), 5695 kb/s (default)
      Metadata:
        creation_time   : 2024-07-27T20:45:20.000000Z
        handler_name    : Timed Metadata Media Handler
        timecode        : 09:12:17:20
  Stream #5:1[0x2](und): Audio: pcm_s16be (twos / 0x736F7774), 48000 Hz, stereo, s16, 1536 kb/s (default)
    Metadata:
      creation_time   : 2024-07-27T20:45:20.000000Z
      handler_name    : Sound Media Handler
[in#6 @ 0000016187a2a200] st: 0 edit list: 1 Missing key frame while searching for timestamp: 1000
[in#6 @ 0000016187a2a200] st: 0 edit list 1 Cannot find an index entry before timestamp: 1000.
[aist#6:1/pcm_s16be @ 000001619a76f1c0] Guessed Channel Layout: stereo
Input #6, mov,mp4,m4a,3gp,3g2,mj2, from 'C:\Users\n\Documents\hotshort\assets\Dopamine_assets\DB_THINKING_1.MP4':
  Metadata:
    major_brand     : XAVC
    minor_version   : 16785407
    compatible_brands: XAVCmp42iso2
    creation_time   : 2024-09-07T20:33:19.000000Z
  Duration: 00:00:06.24, start: 0.000000, bitrate: 86220 kb/s
  Stream group #6:0[0x3]: Track Reference:
    Stream #6:0[0x1](und): Video: h264 (High) (avc1 / 0x31637661), yuv420p(tv, bt709, progressive), 1920x1080 [SAR 1:1 DAR 16:9], 57048 kb/s, 100 fps, 100 tbr, 100k tbn (default)
      Metadata:
        creation_time   : 2024-09-07T20:33:19.000000Z
        handler_name    : Video Media Handler
        encoder         : AVC Coding
    Stream #6:2[0x3](und): Data: none (rtmd / 0x646D7472), 2457 kb/s (default)
      Metadata:
        creation_time   : 2024-09-07T20:33:19.000000Z
        handler_name    : Timed Metadata Media Handler
        timecode        : 14:24:19:20
  Stream #6:1[0x2](und): Audio: pcm_s16be (twos / 0x736F7774), 48000 Hz, stereo, s16, 1536 kb/s (default)
    Metadata:
      creation_time   : 2024-09-07T20:33:19.000000Z
      handler_name    : Sound Media Handler
[in#7 @ 0000016187a2a480] st: 0 edit list: 1 Missing key frame while searching for timestamp: 1001
[in#7 @ 0000016187a2a480] st: 0 edit list 1 Cannot find an index entry before timestamp: 1001.
[in#7 @ 0000016187a2a480] infe version < 2 is not implemented. Update your FFmpeg version to the newest one from Git. If the problem still occurs, it means that your file has a feature which has not been implemented.
[aist#7:1/pcm_s16be @ 000001619a76f000] Guessed Channel Layout: stereo
Input #7, mov,mp4,m4a,3gp,3g2,mj2, from 'C:\Users\n\Documents\hotshort\assets\Dopamine_assets\DB_VIRAL_1.mp4':
  Metadata:
    major_brand     : XAVC
    minor_version   : 17506303
    compatible_brands: XAVCmp42nrasiso6
    creation_time   : 2024-07-27T20:45:20.000000Z
  Duration: 00:00:16.02, start: 0.000000, bitrate: 134222 kb/s
  Stream group #7:0[0x3]: Track Reference:
    Stream #7:0[0x1](und): Video: hevc (Rext) (hvc1 / 0x31637668), yuv422p10le(pc), 3840x2160 [SAR 1:1 DAR 16:9], 99334 kb/s, 23.98 fps, 23.98 tbr, 24k tbn (default)
      Metadata:
        creation_time   : 2024-07-27T20:45:20.000000Z
        handler_name    : Video Media Handler
        encoder         : HEVC Coding
    Stream #7:2[0x3](und): Data: none (rtmd / 0x646D7472), 5695 kb/s (default)
      Metadata:
        creation_time   : 2024-07-27T20:45:20.000000Z
        handler_name    : Timed Metadata Media Handler
        timecode        : 09:12:17:20
  Stream #7:1[0x2](und): Audio: pcm_s16be (twos / 0x736F7774), 48000 Hz, stereo, s16, 1536 kb/s (default)
    Metadata:
      creation_time   : 2024-07-27T20:45:20.000000Z
      handler_name    : Sound Media Handler
[aist#8:1/pcm_s16le @ 000001619a770400] Guessed Channel Layout: mono
Input #8, mov,mp4,m4a,3gp,3g2,mj2, from 'C:\Users\n\Documents\hotshort\assets\Dopamine_assets\IMG_1722.mp4':
  Metadata:
    major_brand     : qt  
    minor_version   : 0
    compatible_brands: qt  
    creation_time   : 2024-07-24T15:34:05.000000Z
    com.apple.quicktime.location.accuracy.horizontal: 4.771754
    com.apple.quicktime.location.ISO6709: +36.2252+029.3648+000.391/
    com.apple.quicktime.make: Apple
    com.apple.quicktime.model: iPhone 14 Pro Max
    com.apple.quicktime.software: 17.6
    com.apple.quicktime.creationdate: 2024-07-24T18:34:04+0300
  Duration: 00:00:05.77, start: 0.000000, bitrate: 10535 kb/s
  Stream group #8:0[0x3]: Track Reference:
    Stream #8:0[0x1](und): Video: hevc (Main) (hvc1 / 0x31637668), yuvj420p(pc, smpte170m/smpte432/bt709), 1920x1440, 9710 kb/s, 30 fps, 30 tbr, 600 tbn (default)
      Metadata:
        creation_time   : 2024-07-24T15:34:05.000000Z
        handler_name    : Core Media Video
        vendor_id       : [0][0][0][0]
        encoder         : HEVC
      Side data:
        Display Matrix: rotation of -90.00 degrees
    Stream #8:2[0x3](und): Data: none (mebx / 0x7862656D), 0 kb/s (default)
      Metadata:
        creation_time   : 2024-07-24T15:34:05.000000Z
        handler_name    : Core Media Metadata
  Stream group #8:1[0x4]: Track Reference:
    Stream #8:0[0x1](und): Video: hevc (Main) (hvc1 / 0x31637668), yuvj420p(pc, smpte170m/smpte432/bt709), 1920x1440, 9710 kb/s, 30 fps, 30 tbr, 600 tbn (default)
      Metadata:
        creation_time   : 2024-07-24T15:34:05.000000Z
        handler_name    : Core Media Video
        vendor_id       : [0][0][0][0]
        encoder         : HEVC
      Side data:
        Display Matrix: rotation of -90.00 degrees
    Stream #8:3[0x4](und): Data: none (mebx / 0x7862656D), 94 kb/s (default)
      Metadata:
        creation_time   : 2024-07-24T15:34:05.000000Z
        handler_name    : Core Media Metadata
  Stream #8:1[0x2](und): Audio: pcm_s16le (lpcm / 0x6D63706C), 44100 Hz, mono, s16, 705 kb/s (default)
    Metadata:
      creation_time   : 2024-07-24T15:34:05.000000Z
      handler_name    : Core Media Audio
      vendor_id       : [0][0][0][0]
Input #9, mov,mp4,m4a,3gp,3g2,mj2, from 'C:\Users\n\Documents\hotshort\assets\Dopamine_assets\db_luxury_house.mp4':
  Metadata:
    major_brand     : mp42
    minor_version   : 0
    compatible_brands: mp42isom
  Duration: 00:00:03.35, start: 0.000000, bitrate: 1708 kb/s
  Stream #9:0[0x1](und): Video: h264 (High) (avc1 / 0x31637661), yuv420p(tv, bt709/bt709/smpte170m, progressive), 478x850, 1386 kb/s, 30.13 fps, 30 tbr, 90k tbn (default)
  Stream #9:1[0x2](und): Audio: aac (LC) (mp4a / 0x6134706D), 44100 Hz, stereo, fltp, 317 kb/s (default)
Input #10, mov,mp4,m4a,3gp,3g2,mj2, from 'C:\Users\n\Documents\hotshort\assets\Dopamine_assets\WhatsApp Video 2026-09-05 at 10.00.46 AM (2).mp4':
  Metadata:
    major_brand     : mp42
    minor_version   : 0
    compatible_brands: mp42isom
  Duration: 00:00:05.98, start: 0.000000, bitrate: 1496 kb/s
  Stream #10:0[0x1](und): Video: h264 (High) (avc1 / 0x31637661), yuv420p(tv, bt709/bt709/smpte170m, progressive), 478x850, 1366 kb/s, 30.09 fps, 30 tbr, 90k tbn (default)
  Stream #10:1[0x2](und): Audio: aac (LC) (mp4a / 0x6134706D), 44100 Hz, stereo, fltp, 125 kb/s (default)
Input #11, mov,mp4,m4a,3gp,3g2,mj2, from 'C:\Users\n\Documents\hotshort\assets\Dopamine_assets\db_lxury.mp4':
  Metadata:
    major_brand     : mp42
    minor_version   : 0
    compatible_brands: mp42isom
  Duration: 00:00:05.69, start: 0.000000, bitrate: 1686 kb/s
  Stream #11:0[0x1](und): Video: h264 (High) (avc1 / 0x31637661), yuv420p(tv, bt709/bt709/smpte170m, progressive), 478x850, 1366 kb/s, 30.04 fps, 30 tbr, 90k tbn (default)
  Stream #11:1[0x2](und): Audio: aac (LC) (mp4a / 0x6134706D), 44100 Hz, stereo, fltp, 317 kb/s (default)
Input #12, mp3, from 'C:\Users\n\Documents\hotshort\assets\phonk_music\phonk_1.mp3':
  Metadata:
    encoder         : Lavf60.3.100
    title           : ï»¿Sky Verse
    artist          : ï»¿Lieless, Luuna, Yarimov
    TLEN            : 102000
    album           : ï»¿Sky Verse
    lyrics-eng      : [00:00.00]Heat.
                    : [00:02.08][Music]
                    : [00:07.20]Heat.
                    : [00:17.19]Heat.
                    : [00:38.48]Heat.
                    : [00:56.80]Heat. Heat.
                    : [01:15.11]Heat. Heat.
                    : [01:25.11]Yeah.
                    : [01:31.20]Heat.
                    : [01:40.10][Music]
                    : 
  Duration: 00:01:41.90, start: 0.011021, bitrate: 162 kb/s
  Stream #12:0: Audio: mp3 (mp3float), 48000 Hz, stereo, fltp, 160 kb/s, start 0.011021
    Metadata:
      encoder         : Lavc60.3.
  Stream #12:1: Video: mjpeg (Baseline), yuvj420p(pc, bt470bg/unknown/unknown), 1280x720 [SAR 1:1 DAR 16:9], 90k tbr, 90k tbn, start 0.011022 (attached pic)
    Metadata:
      title           : attached picture
      comment         : Cover (front)
[fc#0 @ 00000161850e33c0] Filter 'amix:default' has output 2 (hs_final_a) unconnected
Error binding filtergraph inputs/outputs: Invalid argument
; [1742.89-1791.7]: FFmpeg failed with exit code 4294967274:
ffmpeg version N-125674-g9bc73ba344-20260719 Copyright (c) 2000-2026 the FFmpeg developers
  built with gcc 15.2.0 (crosstool-NG 1.28.0.23_185f348)
  configuration: --prefix=/ffbuild/prefix --pkg-config-flags=--static --pkg-config=pkg-config --cross-prefix=x86_64-w64-mingw32- --arch=x86_64 --target-os=mingw32 --enable-gpl --enable-version3 --disable-debug --disable-w32threads --enable-pthreads --enable-iconv --enable-zlib --enable-libxml2 --enable-libvmaf --enable-fontconfig --enable-libharfbuzz --enable-libfreetype --enable-libfribidi --enable-vulkan --enable-libvorbis --disable-libxcb --disable-xlib --disable-libpulse --enable-gmp --enable-lzma --enable-liblcevc-dec --enable-opencl --enable-amf --enable-libaom --enable-libaribb24 --enable-avisynth --enable-chromaprint --enable-libdav1d --enable-libdavs2 --enable-libdvdread --enable-libdvdnav --disable-libfdk-aac --enable-ffnvcodec --enable-cuda-llvm --enable-frei0r --enable-libgme --enable-libkvazaar --enable-libaribcaption --enable-libass --enable-libbluray --enable-libjxl --enable-libmp3lame --enable-libopus --enable-libplacebo --enable-librist --enable-libssh --enable-libtheora --enable-libvpx --enable-libwebp --enable-libzmq --enable-lv2 --enable-libvpl --enable-openal --enable-liboapv --enable-libopencore-amrnb --enable-libopencore-amrwb --enable-libopenh264 --enable-libopenjpeg --enable-libopenmpt --enable-librav1e --enable-librubberband --enable-schannel --enable-sdl2 --enable-libsnappy --enable-libsoxr --enable-libsrt --enable-libsvtav1 --enable-libtwolame --enable-libuavs3d --disable-libdrm --enable-vaapi --enable-libvidstab --enable-libvvenc --disable-whisper --enable-libx264 --enable-libx265 --enable-libxavs2 --enable-libxvid --enable-libzimg --enable-libzvbi --extra-cflags=-DLIBTWOLAME_STATIC --extra-cxxflags= --extra-libs=-lgomp --extra-ldflags=-pthread --extra-ldexeflags= --cc=x86_64-w64-mingw32-gcc --cxx=x86_64-w64-mingw32-g++ --ar=x86_64-w64-mingw32-gcc-ar --ranlib=x86_64-w64-mingw32-gcc-ranlib --nm=x86_64-w64-mingw32-gcc-nm --extra-version=20260719
  libavutil      61.  5.100 / 61.  5.100
  libavcodec     63.  6.101 / 63.  6.101
  libavformat    63.  5.101 / 63.  5.101
  libavdevice    63.  2.100 / 63.  2.100
  libavfilter    12.  3.101 / 12.  3.101
  libswscale     10.  2.100 / 10.  2.100
  libswresample   7.  2.100 /  7.  2.100
[Parsed_subtitles_6 @ 0000018fba754540] libass API version: 0x1705000
[Parsed_subtitles_6 @ 0000018fba754540] libass source: meson, commit: 4a05d8127f525943ebf45fdc6497c9e665947f0d
[Parsed_subtitles_6 @ 0000018fba754540] Shaper: FriBidi 1.0.16 (SIMPLE) HarfBuzz-ng 14.2.1 (COMPLEX)
[Parsed_subtitles_6 @ 0000018fba754540] Loading font file 'C:/Windows/Fonts\8514fix.fon'
[Parsed_subtitles_6 @ 0000018fba754540] Loading font file 'C:/Windows/Fonts\8514fixe.fon'
[Parsed_subtitles_6 @ 0000018fba754540] Loading font file 'C:/Windows/Fonts\8514fixg.fon'
[Parsed_subtitles_6 @ 0000018fba754540] Loading font file 'C:/Windows/Fonts\8514fixr.fon'
[Parsed_subtitles_6 @ 0000018fba754540] Loading font file 'C:/Windows/Fonts\8514fixt.fon'
[Parsed_subtitles_6 @ 0000018fba754540] Loading font file 'C:/Windows/Fonts\8514oem.fon'
[Parsed_subtitles_6 @ 0000018fba754540] Loading font file 'C:/Windows/Fonts\8514oeme.fon'
[Parsed_subtitles_6 @ 0000018fba754540] Loading font file 'C:/Windows/Fonts\8514oemg.fon'
[Parsed_subtitles_6 @ 0000018fba754540] Loading font file 'C:/Windows/Fonts\8514oemr.fon'
[Parsed_subtitles_6 @ 0000018fba754540] Loading font file 'C:/Windows/Fonts\8514oemt.fon'
[Parsed_subtitles_6 @ 0000018fba754540] Loading font file 'C:/Windows/Fonts\8514sys.fon'
[Parsed_subtitles_6 @ 0000018fba754540] Loading font file 'C:/Windows/Fonts\8514syse.fon'
[Parsed_subtitles_6 @ 0000018fba754540] Loading font file 'C:/Windows/Fonts\8514sysg.fon'
[Parsed_subtitles_6 @ 0000018fba754540] Loading font file 'C:/Windows/Fonts\8514sysr.fon'
[Parsed_subtitles_6 @ 0000018fba754540] Loading font file 'C:/Windows/Fonts\8514syst.fon'
[Parsed_subtitles_6 @ 0000018fba754540] Loading font file 'C:/Windows/Fonts\85775.fon'
[Parsed_subtitles_6 @ 0000018fba754540] Loading font file 'C:/Windows/Fonts\85855.fon'
[Parsed_subtitles_6 @ 0000018fba754540] Loading font file 'C:/Windows/Fonts\85f1255.fon'
[Parsed_subtitles_6 @ 0000018fba754540] Loading font file 'C:/Windows/Fonts\85f1256.fon'
[Parsed_subtitles_6 @ 0000018fba754540] Loading font file 'C:/Windows/Fonts\85f1257.fon'
[Parsed_subtitles_6 @ 0000018fba754540] Loading font file 'C:/Windows/Fonts\85f874.fon'
[Parsed_subtitles_6 @ 0000018fba754540] Loading font file 'C:/Windows/Fonts\85s1255.fon'
[Parsed_subtitles_6 @ 0000018fba754540] Loading font file 'C:/Windows/Fonts\85s1256.fon'
[Parsed_subtitles_6 @ 0000018fba754540] Loading font file 'C:/Windows/Fonts\85s1257.fon'
[Parsed_subtitles_6 @ 0000018fba754540] Loading font file 'C:/Windows/Fonts\85s874.fon'
[Parsed_subtitles_6 @ 0000018fba754540] Loading font file 'C:/Windows/Fonts\AGENCYB.TTF'
[Parsed_subtitles_6 @ 0000018fba754540] Loading font file 'C:/Windows/Fonts\AGENCYR.TTF'
[Parsed_subtitles_6 @ 0000018fba754540] Loading font file 'C:/Windows/Fonts\ALGER.TTF'
[Parsed_subtitles_6 @ 0000018fba754540] Loading font file 'C:/Windows/Fonts\ANTQUAB.TTF'
[Parsed_subtitles_6 @ 0000018fba754540] Loading font file 'C:/Windows/Fonts\ANTQUABI.TTF'
[Parsed_subtitles_6 @ 0000018fba754540] Loading font file 'C:/Windows/Fonts\ANTQUAI.TTF'
[Parsed_subtitles_6 @ 0000018fba754540] Loading font file 'C:/Windows/Fonts\app775.fon'
[Parsed_subtitles_6 @ 0000018fba754540] Loading font file 'C:/Windows/Fonts\app850.fon'
[Parsed_subtitles_6 @ 0000018fba754540] Loading font file 'C:/Windows/Fonts\app852.fon'
[Parsed_subtitles_6 @ 0000018fba754540] Loading font file 'C:/Windows/Fonts\app855.fon'
[Parsed_subtitles_6 @ 0000018fba754540] Loading font file 'C:/Windows/Fonts\app857.fon'
[Parsed_subtitles_6 @ 0000018fba754540] Loading font file 'C:/Windows/Fonts\app866.fon'
[Parsed_subtitles_6 @ 0000018fba754540] Loading font file 'C:/Windows/Fonts\app932.fon'
[Parsed_subtitles_6 @ 0000018fba754540] Loading font file 'C:/Windows/Fonts\app936.fon'
[Parsed_subtitles_6 @ 0000018fba754540] Loading font file 'C:/Windows/Fonts\app949.fon'
[Parsed_subtitles_6 @ 0000018fba754540] Loading font file 'C:/Windows/Fonts\app950.fon'
[Parsed_subtitles_6 @ 0000018fba754540] Loading font file 'C:/Windows/Fonts\arial.ttf'
[Parsed_subtitles_6 @ 0000018fba754540] Loading font file 'C:/Windows/Fonts\arialbd.ttf'
[Parsed_subtitles_6 @ 0000018fba754540] Loading font file 'C:/Windows/Fonts\arialbi.ttf'
[Parsed_subtitles_6 @ 0000018fba754540] Loading font file 'C:/Windows/Fonts\ariali.ttf'
[Parsed_subtitles_6 @ 0000018fba754540] Loading font file 'C:/Windows/Fonts\ARIALN.TTF'
[Parsed_subtitles_6 @ 0000018fba754540] Loading font file 'C:/Windows/Fonts\ARIALNB.TTF'
[Parsed_subtitles_6 @ 0000018fba754540] Loading font file 'C:/Windows/Fonts\ARIALNBI.TTF'
[Parsed_subtitles_6 @ 0000018fba754540] Loading font file 'C:/Windows/Fonts\ARIALNI.TTF'
[Parsed_subtitles_6 @ 0000018fba754540] Loading font file 'C:/Windows/Fonts\ariblk.ttf'
[Parsed_subtitles_6 @ 0000018fba754540] Loading font file 'C:/Windows/Fonts\ARLRDBD.TTF'
[Parsed_subtitles_6 @ 0000018fba754540] Loading font file 'C:/Windows/Fonts\bahnschrift.ttf'
[Parsed_subtitles_6 @ 0000018fba754540] Loading font file 'C:/Windows/Fonts\BASKVILL.TTF'
[Parsed_subtitles_6 @ 0000018fba754540] Loading font file 'C:/Windows/Fonts\BAUHS93.TTF'
[Parsed_subtitles_6 @ 0000018fba754540] Loading font file 'C:/Windows/Fonts\BELL.TTF'
[Parsed_subtitles_6 @ 0000018fba754540] Loading font file 'C:/Windows/Fonts\BELLB.TTF'
[Parsed_subtitles_6 @ 0000018fba754540] Loading font file 'C:/Windows/Fonts\BELLI.TTF'
[Parsed_subtitles_6 @ 0000018fba754540] Loading font file 'C:/Windows/Fonts\BERNHC.TTF'
[Parsed_subtitles_6 @ 0000018fba754540] Loading font file 'C:/Windows/Fonts\BKANT.TTF'
[Parsed_subtitles_6 @ 0000018fba754540] Loading font file 'C:/Windows/Fonts\BOD_B.TTF'
[Parsed_subtitles_6 @ 0000018fba754540] Loading font file 'C:/Windows/Fonts\BOD_BI.TTF'
[Parsed_subtitles_6 @ 0000018fba754540] Loading font file 'C:/Windows/Fonts\BOD_BLAI.TTF'
[Parsed_subtitles_6 @ 0000018fba754540] Loading font file 'C:/Windows/Fonts\BOD_BLAR.TTF'
[Parsed_subtitles_6 @ 0000018fba754540] Loading font file 'C:/Windows/Fonts\BOD_CB.TTF'
[Parsed_subtitles_6 @ 0000018fba754540] Loading font file 'C:/Windows/Fonts\BOD_CBI.TTF'
[Parsed_subtitles_6 @ 0000018fba754540] Loading font file 'C:/Windows/Fonts\BOD_CI.TTF'
[Parsed_subtitles_6 @ 0000018fba754540] Loading font file 'C:/Windows/Fonts\BOD_CR.TTF'
[Parsed_subtitles_6 @ 0000018fba754540] Loading font file 'C:/Windows/Fonts\BOD_I.TTF'
[Parsed_subtitles_6 @ 0000018fba754540] Loading font file 'C:/Windows/Fonts\BOD_PSTC.TTF'
[Parsed_subtitles_6 @ 0000018fba754540] Loading font file 'C:/Windows/Fonts\BOD_R.TTF'
[Parsed_subtitles_6 @ 0000018fba754540] Loading font file 'C:/Windows/Fonts\BOOKOS.TTF'
[Parsed_subtitles_6 @ 0000018fba754540] Loading font file 'C:/Windows/Fonts\BOOKOSB.TTF'
[Parsed_subtitles_6 @ 0000018fba754540] Loading font file 'C:/Windows/Fonts\BOOKOSBI.TTF'
[Parsed_subtitles_6 @ 0000018fba754540] Loading font file 'C:/Windows/Fonts\BOOKOSI.TTF'
[Parsed_subtitles_6 @ 0000018fba754540] Loading font file 'C:/Windows/Fonts\BRADHITC.TTF'
[Parsed_subtitles_6 @ 0000018fba754540] Loading font file 'C:/Windows/Fonts\BRITANIC.TTF'
[Parsed_subtitles_6 @ 0000018fba754540] Loading font file 'C:/Windows/Fonts\BRLNSB.TTF'
[Parsed_subtitles_6 @ 0000018fba754540] Loading font file 'C:/Windows/Fonts\BRLNSDB.TTF'
[Parsed_subtitles_6 @ 0000018fba754540] Loading font file 'C:/Windows/Fonts\BRLNSR.TTF'
[Parsed_subtitles_6 @ 0000018fba754540] Loading font file 'C:/Windows/Fonts\BROADW.TTF'
[Parsed_subtitles_6 @ 0000018fba754540] Loading font file 'C:/Windows/Fonts\BRUSHSCI.TTF'
[Parsed_subtitles_6 @ 0000018fba754540] Loading font file 'C:/Windows/Fonts\BSSYM7.TTF'
[Parsed_subtitles_6 @ 0000018fba754540] Loading font file 'C:/Windows/Fonts\c8514fix.fon'
[Parsed_subtitles_6 @ 0000018fba754540] Loading font file 'C:/Windows/Fonts\c8514oem.fon'
[Parsed_subtitles_6 @ 0000018fba754540] Loading font file 'C:/Windows/Fonts\c8514sys.fon'
[Parsed_subtitles_6 @ 0000018fba754540] Loading font file 'C:/Windows/Fonts\calibri.ttf'
[Parsed_subtitles_6 @ 0000018fba754540] Loading font file 'C:/Windows/Fonts\calibrib.ttf'
[Parsed_subtitles_6 @ 0000018fba754540] Loading font file 'C:/Windows/Fonts\calibrii.ttf'
[Parsed_subtitles_6 @ 0000018fba754540] Loading font file 'C:/Windows/Fonts\calibril.ttf'
[Parsed_subtitles_6 @ 0000018fba754540] Loading font file 'C:/Windows/Fonts\calibrili.ttf'
[Parsed_subtitles_6 @ 0000018fba754540] Loading font file 'C:/Windows/Fonts\calibriz.ttf'
[Parsed_subtitles_6 @ 0000018fba754540] Loading font file 'C:/Windows/Fonts\CALIFB.TTF'
[Parsed_subtitles_6 @ 0000018fba754540] Loading font file 'C:/Windows/Fonts\CALIFI.TTF'
[Parsed_subtitles_6 @ 0000018fba754540] Loading font file 'C:/Windows/Fonts\CALIFR.TTF'
[Parsed_subtitles_6 @ 0000018fba754540] Loading font file 'C:/Windows/Fonts\CALIST.TTF'
[Parsed_subtitles_6 @ 0000018fba754540] Loading font file 'C:/Windows/Fonts\CALISTB.TTF'
[Parsed_subtitles_6 @ 0000018fba754540] Loading font file 'C:/Windows/Fonts\CALISTBI.TTF'
[Parsed_subtitles_6 @ 0000018fba754540] Loading font file 'C:/Windows/Fonts\CALISTI.TTF'
[Parsed_subtitles_6 @ 0000018fba754540] Loading font file 'C:/Windows/Fonts\cambria.ttc'
[Parsed_subtitles_6 @ 0000018fba754540] Loading font file 'C:/Windows/Fonts\cambriab.ttf'
[Parsed_subtitles_6 @ 0000018fba754540] Loading font file 'C:/Windows/Fonts\cambriai.ttf'
[Parsed_subtitles_6 @ 0000018fba754540] Loading font file 'C:/Windows/Fonts\cambriaz.ttf'
[Parsed_subtitles_6 @ 0000018fba754540] Loading font file 'C:/Windows/Fonts\Candara.ttf'
[Parsed_subtitles_6 @ 0000018fba754540] Loading font file 'C:/Windows/Fonts\Candarab.ttf'
[Parsed_subtitles_6 @ 0000018fba754540] Loading font file 'C:/Windows/Fonts\Candarai.ttf'
[Parsed_subtitles_6 @ 0000018fba754540] Loading font file 'C:/Windows/Fonts\Candaral.ttf'
[Parsed_subtitles_6 @ 0000018fba754540] Loading font file 'C:/Windows/Fonts\Candarali.ttf'
[Parsed_subtitles_6 @ 0000018fba754540] Loading font file 'C:/Windows/Fonts\Candaraz.ttf'
[Parsed_subtitles_6 @ 0000018fba754540] Loading font file 'C:/Windows/Fonts\CascadiaCode.ttf'
[Parsed_subtitles_6 @ 0000018fba754540] Loading font file 'C:/Windows/Fonts\CascadiaMono.ttf'
[Parsed_subtitles_6 @ 0000018fba754540] Loading font file 'C:/Windows/Fonts\CASTELAR.TTF'
[Parsed_subtitles_6 @ 0000018fba754540] Loading font file 'C:/Windows/Fonts\CENSCBK.TTF'
[Parsed_subtitles_6 @ 0000018fba754540] Loading font file 'C:/Windows/Fonts\CENTAUR.TTF'
[Parsed_subtitles_6 @ 0000018fba754540] Loading font file 'C:/Windows/Fonts\CENTURY.TTF'
[Parsed_subtitles_6 @ 0000018fba754540] Loading font file 'C:/Windows/Fonts\cga40737.fon'
[Parsed_subtitles_6 @ 0000018fba754540] Loading font file 'C:/Windows/Fonts\cga40850.fon'
[Parsed_subtitles_6 @ 0000018fba754540] Loading font file 'C:/Windows/Fonts\cga40852.fon'
[Parsed_subtitles_6 @ 0000018fba754540] Loading font file 'C:/Windows/Fonts\cga40857.fon'
[Parsed_subtitles_6 @ 0000018fba754540] Loading font file 'C:/Windows/Fonts\cga40866.fon'
[Parsed_subtitles_6 @ 0000018fba754540] Loading font file 'C:/Windows/Fonts\cga40869.fon'
[Parsed_subtitles_6 @ 0000018fba754540] Loading font file 'C:/Windows/Fonts\cga40woa.fon'
[Parsed_subtitles_6 @ 0000018fba754540] Loading font file 'C:/Windows/Fonts\cga80737.fon'
[Parsed_subtitles_6 @ 0000018fba754540] Loading font file 'C:/Windows/Fonts\cga80850.fon'
[Parsed_subtitles_6 @ 0000018fba754540] Loading font file 'C:/Windows/Fonts\cga80852.fon'
[Parsed_subtitles_6 @ 0000018fba754540] Loading font file 'C:/Windows/Fonts\cga80857.fon'
[Parsed_subtitles_6 @ 0000018fba754540] Loading font file 'C:/Windows/Fonts\cga80866.fon'
[Parsed_subtitles_6 @ 0000018fba754540] Loading font file 'C:/Windows/Fonts\cga80869.fon'
[Parsed_subtitles_6 @ 0000018fba754540] Loading font file 'C:/Windows/Fonts\cga80woa.fon'
[Parsed_subtitles_6 @ 0000018fba754540] Loading font file 'C:/Windows/Fonts\CHILLER.TTF'
[Parsed_subtitles_6 @ 0000018fba754540] Loading font file 'C:/Windows/Fonts\COLONNA.TTF'
[Parsed_subtitles_6 @ 0000018fba754540] Loading font file 'C:/Windows/Fonts\comic.ttf'
[Parsed_subtitles_6 @ 0000018fba754540] Loading font file 'C:/Windows/Fonts\comicbd.ttf'
[Parsed_subtitles_6 @ 0000018fba754540] Loading font file 'C:/Windows/Fonts\comici.ttf'
[Parsed_subtitles_6 @ 0000018fba754540] Loading font file 'C:/Windows/Fonts\comicz.ttf'
[Parsed_subtitles_6 @ 0000018fba754540] Loading font file 'C:/Windows/Fonts\consola.ttf'
[Parsed_subtitles_6 @ 0000018fba754540] Loading font file 'C:/Windows/Fonts\consolab.ttf'
[Parsed_subtitles_6 @ 0000018fba754540] Loading font file 'C:/Windows/Fonts\consolai.ttf'
[Parsed_subtitles_6 @ 0000018fba754540] Loading font file 'C:/Windows/Fonts\consolaz.ttf'
[Parsed_subtitles_6 @ 0000018fba754540] Loading font file 'C:/Windows/Fonts\constan.ttf'
[Parsed_subtitles_6 @ 0000018fba754540] Loading font file 'C:/Windows/Fonts\constanb.ttf'
[Parsed_subtitles_6 @ 0000018fba754540] Loading font file 'C:/Windows/Fonts\constani.ttf'
[Parsed_subtitles_6 @ 0000018fba754540] Loading font file 'C:/Windows/Fonts\constanz.ttf'
[Parsed_subtitles_6 @ 0000018fba754540] Loading font file 'C:/Windows/Fonts\COOPBL.TTF'
[Parsed_subtitles_6 @ 0000018fba754540] Loading font file 'C:/Windows/Fonts\COPRGTB.TTF'
[Parsed_subtitles_6 @ 0000018fba754540] Loading font file 'C:/Windows/Fonts\COPRGTL.TTF'
[Parsed_subtitles_6 @ 0000018fba754540] Loading font file 'C:/Windows/Fonts\corbel.ttf'
[Parsed_subtitles_6 @ 0000018fba754540] Loading font file 'C:/Windows/Fonts\corbelb.ttf'
[Parsed_subtitles_6 @ 0000018fba754540] Loading font file 'C:/Windows/Fonts\corbeli.ttf'
[Parsed_subtitles_6 @ 0000018fba754540] Loading font file 'C:/Windows/Fonts\corbell.ttf'
[Parsed_subtitles_6 @ 0000018fba754540] Loading font file 'C:/Windows/Fonts\corbelli.ttf'
[Parsed_subtitles_6 @ 0000018fba754540] Loading font file 'C:/Windows/Fonts\corbelz.ttf'
[Parsed_subtitles_6 @ 0000018fba754540] Loading font file 'C:/Windows/Fonts\coue1255.fon'
[Parsed_subtitles_6 @ 0000018fba754540] Loading font file 'C:/Windows/Fonts\coue1256.fon'
[Parsed_subtitles_6 @ 0000018fba754540] Loading font file 'C:/Windows/Fonts\coue1257.fon'
[Parsed_subtitles_6 @ 0000018fba754540] Loading font file 'C:/Windows/Fonts\couf1255.fon'
[Parsed_subtitles_6 @ 0000018fba754540] Loading font file 'C:/Windows/Fonts\couf1256.fon'
[Parsed_subtitles_6 @ 0000018fba754540] Loading font file 'C:/Windows/Fonts\couf1257.fon'
[Parsed_subtitles_6 @ 0000018fba754540] Loading font file 'C:/Windows/Fonts\cour.ttf'
[Parsed_subtitles_6 @ 0000018fba754540] Loading font file 'C:/Windows/Fonts\courbd.ttf'
[Parsed_subtitles_6 @ 0000018fba754540] Loading font file 'C:/Windows/Fonts\courbi.ttf'
[Parsed_subtitles_6 @ 0000018fba754540] Loading font file 'C:/Windows/Fonts\coure.fon'
[Parsed_subtitles_6 @ 0000018fba754540] Loading font file 'C:/Windows/Fonts\couree.fon'
[Parsed_subtitles_6 @ 0000018fba754540] Loading font file 'C:/Windows/Fonts\coureg.fon'
[Parsed_subtitles_6 @ 0000018fba754540] Loading font file 'C:/Windows/Fonts\courer.fon'
[Parsed_subtitles_6 @ 0000018fba754540] Loading font file 'C:/Windows/Fonts\couret.fon'
[Parsed_subtitles_6 @ 0000018fba754540] Loading font file 'C:/Windows/Fonts\courf.fon'
[Parsed_subtitles_6 @ 0000018fba754540] Loading font file 'C:/Windows/Fonts\courfe.fon'
[Parsed_subtitles_6 @ 0000018fba754540] Loading font file 'C:/Windows/Fonts\courfg.fon'
[Parsed_subtitles_6 @ 0000018fba754540] Loading font file 'C:/Windows/Fonts\courfr.fon'
[Parsed_subtitles_6 @ 0000018fba754540] Loading font file 'C:/Windows/Fonts\courft.fon'
[Parsed_subtitles_6 @ 0000018fba754540] Loading font file 'C:/Windows/Fonts\couri.ttf'
[Parsed_subtitles_6 @ 0000018fba754540] Loading font file 'C:/Windows/Fonts\CURLZ___.TTF'
[Parsed_subtitles_6 @ 0000018fba754540] Loading font file 'C:/Windows/Fonts\cvgafix.fon'
[Parsed_subtitles_6 @ 0000018fba754540] Loading font file 'C:/Windows/Fonts\cvgasys.fon'
[Parsed_subtitles_6 @ 0000018fba754540] Loading font file 'C:/Windows/Fonts\desktop.ini'
[Parsed_subtitles_6 @ 0000018fba754540] Loading font file 'C:/Windows/Fonts\dos737.fon'
[Parsed_subtitles_6 @ 0000018fba754540] Loading font file 'C:/Windows/Fonts\dos869.fon'
[Parsed_subtitles_6 @ 0000018fba754540] Loading font file 'C:/Windows/Fonts\dosapp.fon'
[Parsed_subtitles_6 @ 0000018fba754540] Loading font file 'C:/Windows/Fonts\DUBAI-BOLD.TTF'
[Parsed_subtitles_6 @ 0000018fba754540] Loading font file 'C:/Windows/Fonts\DUBAI-LIGHT.TTF'
[Parsed_subtitles_6 @ 0000018fba754540] Loading font file 'C:/Windows/Fonts\DUBAI-MEDIUM.TTF'
[Parsed_subtitles_6 @ 0000018fba754540] Loading font file 'C:/Windows/Fonts\DUBAI-REGULAR.TTF'
[Parsed_subtitles_6 @ 0000018fba754540] Loading font file 'C:/Windows/Fonts\ebrima.ttf'
[Parsed_subtitles_6 @ 0000018fba754540] Loading font file 'C:/Windows/Fonts\ebrimabd.ttf'
[Parsed_subtitles_6 @ 0000018fba754540] Loading font file 'C:/Windows/Fonts\ega40737.fon'
[Parsed_subtitles_6 @ 0000018fba754540] Loading font file 'C:/Windows/Fonts\ega40850.fon'
[Parsed_subtitles_6 @ 0000018fba754540] Loading font file 'C:/Windows/Fonts\ega40852.fon'
[Parsed_subtitles_6 @ 0000018fba754540] Loading font file 'C:/Windows/Fonts\ega40857.fon'
[Parsed_subtitles_6 @ 0000018fba754540] Loading font file 'C:/Windows/Fonts\ega40866.fon'
[Parsed_subtitles_6 @ 0000018fba754540] Loading font file 'C:/Windows/Fonts\ega40869.fon'
[Parsed_subtitles_6 @ 0000018fba754540] Loading font file 'C:/Windows/Fonts\ega40woa.fon'
[Parsed_subtitles_6 @ 0000018fba754540] Loading font file 'C:/Windows/Fonts\ega80737.fon'
[Parsed_subtitles_6 @ 0000018fba754540] Loading font file 'C:/Windows/Fonts\ega80850.fon'
[Parsed_subtitles_6 @ 0000018fba754540] Loading font file 'C:/Windows/Fonts\ega80852.fon'
[Parsed_subtitles_6 @ 0000018fba754540] Loading font file 'C:/Windows/Fonts\ega80857.fon'
[Parsed_subtitles_6 @ 0000018fba754540] Loading font file 'C:/Windows/Fonts\ega80866.fon'
[Parsed_subtitles_6 @ 0000018fba754540] Loading font file 'C:/Windows/Fonts\ega80869.fon'
[Parsed_subtitles_6 @ 0000018fba754540] Loading font file 'C:/Windows/Fonts\ega80woa.fon'
[Parsed_subtitles_6 @ 0000018fba754540] Loading font file 'C:/Windows/Fonts\ELEPHNT.TTF'
[Parsed_subtitles_6 @ 0000018fba754540] Loading font file 'C:/Windows/Fonts\ELEPHNTI.TTF'
[Parsed_subtitles_6 @ 0000018fba754540] Loading font file 'C:/Windows/Fonts\ENGR.TTF'
[Parsed_subtitles_6 @ 0000018fba754540] Loading font file 'C:/Windows/Fonts\ERASBD.TTF'
[Parsed_subtitles_6 @ 0000018fba754540] Loading font file 'C:/Windows/Fonts\ERASDEMI.TTF'
[Parsed_subtitles_6 @ 0000018fba754540] Loading font file 'C:/Windows/Fonts\ERASLGHT.TTF'
[Parsed_subtitles_6 @ 0000018fba754540] Loading font file 'C:/Windows/Fonts\ERASMD.TTF'
[Parsed_subtitles_6 @ 0000018fba754540] Loading font file 'C:/Windows/Fonts\FELIXTI.TTF'
[Parsed_subtitles_6 @ 0000018fba754540] Loading font file 'C:/Windows/Fonts\fms_metadata.xml'
[Parsed_subtitles_6 @ 0000018fba754540] Loading font file 'C:/Windows/Fonts\FORTE.TTF'
[Parsed_subtitles_6 @ 0000018fba754540] Loading font file 'C:/Windows/Fonts\FRABK.TTF'
[Parsed_subtitles_6 @ 0000018fba754540] Loading font file 'C:/Windows/Fonts\FRABKIT.TTF'
[Parsed_subtitles_6 @ 0000018fba754540] Loading font file 'C:/Windows/Fonts\FRADM.TTF'
[Parsed_subtitles_6 @ 0000018fba754540] Loading font file 'C:/Windows/Fonts\FRADMCN.TTF'
[Parsed_subtitles_6 @ 0000018fba754540] Loading font file 'C:/Windows/Fonts\FRADMIT.TTF'
[Parsed_subtitles_6 @ 0000018fba754540] Loading font file 'C:/Windows/Fonts\FRAHV.TTF'
[Parsed_subtitles_6 @ 0000018fba754540] Loading font file 'C:/Windows/Fonts\FRAHVIT.TTF'
[Parsed_subtitles_6 @ 0000018fba754540] Loading font file 'C:/Windows/Fonts\framd.ttf'
[Parsed_subtitles_6 @ 0000018fba754540] Loading font file 'C:/Windows/Fonts\FRAMDCN.TTF'
[Parsed_subtitles_6 @ 0000018fba754540] Loading font file 'C:/Windows/Fonts\framdit.ttf'
[Parsed_subtitles_6 @ 0000018fba754540] Loading font file 'C:/Windows/Fonts\FREESCPT.TTF'
[Parsed_subtitles_6 @ 0000018fba754540] Loading font file 'C:/Windows/Fonts\FRSCRIPT.TTF'
[Parsed_subtitles_6 @ 0000018fba754540] Loading font file 'C:/Windows/Fonts\FTLTLT.TTF'
[Parsed_subtitles_6 @ 0000018fba754540] Loading font file 'C:/Windows/Fonts\Gabriola.ttf'
[Parsed_subtitles_6 @ 0000018fba754540] Loading font file 'C:/Windows/Fonts\gadugi.ttf'
[Parsed_subtitles_6 @ 0000018fba754540] Loading font file 'C:/Windows/Fonts\gadugib.ttf'
[Parsed_subtitles_6 @ 0000018fba754540] Loading font file 'C:/Windows/Fonts\GARA.TTF'
[Parsed_subtitles_6 @ 0000018fba754540] Loading font file 'C:/Windows/Fonts\GARABD.TTF'
[Parsed_subtitles_6 @ 0000018fba754540] Loading font file 'C:/Windows/Fonts\GARAIT.TTF'
[Parsed_subtitles_6 @ 0000018fba754540] Loading font file 'C:/Windows/Fonts\georgia.ttf'
[Parsed_subtitles_6 @ 0000018fba754540] Loading font file 'C:/Windows/Fonts\georgiab.ttf'
[Parsed_subtitles_6 @ 0000018fba754540] Loading font file 'C:/Windows/Fonts\georgiai.ttf'
[Parsed_subtitles_6 @ 0000018fba754540] Loading font file 'C:/Windows/Fonts\georgiaz.ttf'
[Parsed_subtitles_6 @ 0000018fba754540] Loading font file 'C:/Windows/Fonts\GIGI.TTF'
[Parsed_subtitles_6 @ 0000018fba754540] Loading font file 'C:/Windows/Fonts\GILBI___.TTF'
[Parsed_subtitles_6 @ 0000018fba754540] Loading font file 'C:/Windows/Fonts\GILB____.TTF'
[Parsed_subtitles_6 @ 0000018fba754540] Loading font file 'C:/Windows/Fonts\GILC____.TTF'
[Parsed_subtitles_6 @ 0000018fba754540] Loading font file 'C:/Windows/Fonts\GILI____.TTF'
[Parsed_subtitles_6 @ 0000018fba754540] Loading font file 'C:/Windows/Fonts\GILLUBCD.TTF'
[Parsed_subtitles_6 @ 0000018fba754540] Loading font file 'C:/Windows/Fonts\GILSANUB.TTF'
[Parsed_subtitles_6 @ 0000018fba754540] Loading font file 'C:/Windows/Fonts\GIL_____.TTF'
[Parsed_subtitles_6 @ 0000018fba754540] Loading font file 'C:/Windows/Fonts\GLECB.TTF'
[Parsed_subtitles_6 @ 0000018fba754540] Loading font file 'C:/Windows/Fonts\GlobalMonospace.CompositeFont'
[Parsed_subtitles_6 @ 0000018fba754540] Loading font file 'C:/Windows/Fonts\GlobalSansSerif.CompositeFont'
[Parsed_subtitles_6 @ 0000018fba754540] Loading font file 'C:/Windows/Fonts\GlobalSerif.CompositeFont'
[Parsed_subtitles_6 @ 0000018fba754540] Loading font file 'C:/Windows/Fonts\GlobalUserInterface.CompositeFont'
[Parsed_subtitles_6 @ 0000018fba754540] Loading font file 'C:/Windows/Fonts\GLSNECB.TTF'
[Parsed_subtitles_6 @ 0000018fba754540] Loading font file 'C:/Windows/Fonts\GOTHIC.TTF'
[Parsed_subtitles_6 @ 0000018fba754540] Loading font file 'C:/Windows/Fonts\GOTHICB.TTF'
[Parsed_subtitles_6 @ 0000018fba754540] Loading font file 'C:/Windows/Fonts\GOTHICBI.TTF'
[Parsed_subtitles_6 @ 0000018fba754540] Loading font file 'C:/Windows/Fonts\GOTHICI.TTF'
[Parsed_subtitles_6 @ 0000018fba754540] Loading font file 'C:/Windows/Fonts\GOUDOS.TTF'
[Parsed_subtitles_6 @ 0000018fba754540] Loading font file 'C:/Windows/Fonts\GOUDOSB.TTF'
[Parsed_subtitles_6 @ 0000018fba754540] Loading font file 'C:/Windows/Fonts\GOUDOSI.TTF'
[Parsed_subtitles_6 @ 0000018fba754540] Loading font file 'C:/Windows/Fonts\GOUDYSTO.TTF'
[Parsed_subtitles_6 @ 0000018fba754540] Loading font file 'C:/Windows/Fonts\h8514fix.fon'
[Parsed_subtitles_6 @ 0000018fba754540] Loading font file 'C:/Windows/Fonts\h8514oem.fon'
[Parsed_subtitles_6 @ 0000018fba754540] Loading font file 'C:/Windows/Fonts\h8514sys.fon'
[Parsed_subtitles_6 @ 0000018fba754540] Loading font file 'C:/Windows/Fonts\HARLOWSI.TTF'
[Parsed_subtitles_6 @ 0000018fba754540] Loading font file 'C:/Windows/Fonts\HARNGTON.TTF'
[Parsed_subtitles_6 @ 0000018fba754540] Loading font file 'C:/Windows/Fonts\HATTEN.TTF'
[Parsed_subtitles_6 @ 0000018fba754540] Loading font file 'C:/Windows/Fonts\himalaya.ttf'
[Parsed_subtitles_6 @ 0000018fba754540] Loading font file 'C:/Windows/Fonts\HTOWERT.TTF'
[Parsed_subtitles_6 @ 0000018fba754540] Loading font file 'C:/Windows/Fonts\HTOWERTI.TTF'
[Parsed_subtitles_6 @ 0000018fba754540] Loading font file 'C:/Windows/Fonts\hvgafix.fon'
[Parsed_subtitles_6 @ 0000018fba754540] Loading font file 'C:/Windows/Fonts\hvgasys.fon'
[Parsed_subtitles_6 @ 0000018fba754540] Loading font file 'C:/Windows/Fonts\impact.ttf'
[Parsed_subtitles_6 @ 0000018fba754540] Loading font file 'C:/Windows/Fonts\IMPRISHA.TTF'
[Parsed_subtitles_6 @ 0000018fba754540] Loading font file 'C:/Windows/Fonts\INFROMAN.TTF'
[Parsed_subtitles_6 @ 0000018fba754540] Loading font file 'C:/Windows/Fonts\Inkfree.ttf'
[Parsed_subtitles_6 @ 0000018fba754540] Loading font file 'C:/Windows/Fonts\ITCBLKAD.TTF'
[Parsed_subtitles_6 @ 0000018fba754540] Loading font file 'C:/Windows/Fonts\ITCEDSCR.TTF'
[Parsed_subtitles_6 @ 0000018fba754540] Loading font file 'C:/Windows/Fonts\ITCKRIST.TTF'
[Parsed_subtitles_6 @ 0000018fba754540] Loading font file 'C:/Windows/Fonts\j8514fix.fon'
[Parsed_subtitles_6 @ 0000018fba754540] Loading font file 'C:/Windows/Fonts\j8514oem.fon'
[Parsed_subtitles_6 @ 0000018fba754540] Loading font file 'C:/Windows/Fonts\j8514sys.fon'
[Parsed_subtitles_6 @ 0000018fba754540] Loading font file 'C:/Windows/Fonts\javatext.ttf'
[Parsed_subtitles_6 @ 0000018fba754540] Loading font file 'C:/Windows/Fonts\JOKERMAN.TTF'
[Parsed_subtitles_6 @ 0000018fba754540] Loading font file 'C:/Windows/Fonts\jsmalle.fon'
[Parsed_subtitles_6 @ 0000018fba754540] Loading font file 'C:/Windows/Fonts\jsmallf.fon'
[Parsed_subtitles_6 @ 0000018fba754540] Loading font file 'C:/Windows/Fonts\JUICE___.TTF'
[Parsed_subtitles_6 @ 0000018fba754540] Loading font file 'C:/Windows/Fonts\jvgafix.fon'
[Parsed_subtitles_6 @ 0000018fba754540] Loading font file 'C:/Windows/Fonts\jvgasys.fon'
[Parsed_subtitles_6 @ 0000018fba754540] Loading font file 'C:/Windows/Fonts\KUNSTLER.TTF'
[Parsed_subtitles_6 @ 0000018fba754540] Loading font file 'C:/Windows/Fonts\LATINWD.TTF'
[Parsed_subtitles_6 @ 0000018fba754540] Loading font file 'C:/Windows/Fonts\LBRITE.TTF'
[Parsed_subtitles_6 @ 0000018fba754540] Loading font file 'C:/Windows/Fonts\LBRITED.TTF'
[Parsed_subtitles_6 @ 0000018fba754540] Loading font file 'C:/Windows/Fonts\LBRITEDI.TTF'
[Parsed_subtitles_6 @ 0000018fba754540] Loading font file 'C:/Windows/Fonts\LBRITEI.TTF'
[Parsed_subtitles_6 @ 0000018fba754540] Loading font file 'C:/Windows/Fonts\LCALLIG.TTF'
[Parsed_subtitles_6 @ 0000018fba754540] Loading font file 'C:/Windows/Fonts\LeelaUIb.ttf'
[Parsed_subtitles_6 @ 0000018fba754540] Loading font file 'C:/Windows/Fonts\LEELAWAD.TTF'
[Parsed_subtitles_6 @ 0000018fba754540] Loading font file 'C:/Windows/Fonts\LEELAWDB.TTF'
[Parsed_subtitles_6 @ 0000018fba754540] Loading font file 'C:/Windows/Fonts\LeelawUI.ttf'
[Parsed_subtitles_6 @ 0000018fba754540] Loading font file 'C:/Windows/Fonts\LeelUIsl.ttf'
[Parsed_subtitles_6 @ 0000018fba754540] Loading font file 'C:/Windows/Fonts\LFAX.TTF'
[Parsed_subtitles_6 @ 0000018fba754540] Loading font file 'C:/Windows/Fonts\LFAXD.TTF'
[Parsed_subtitles_6 @ 0000018fba754540] Loading font file 'C:/Windows/Fonts\LFAXDI.TTF'
[Parsed_subtitles_6 @ 0000018fba754540] Loading font file 'C:/Windows/Fonts\LFAXI.TTF'
[Parsed_subtitles_6 @ 0000018fba754540] Loading font file 'C:/Windows/Fonts\LHANDW.TTF'
[Parsed_subtitles_6 @ 0000018fba754540] Loading font file 'C:/Windows/Fonts\LSANS.TTF'
[Parsed_subtitles_6 @ 0000018fba754540] Loading font file 'C:/Windows/Fonts\LSANSD.TTF'
[Parsed_subtitles_6 @ 0000018fba754540] Loading font file 'C:/Windows/Fonts\LSANSDI.TTF'
[Parsed_subtitles_6 @ 0000018fba754540] Loading font file 'C:/Windows/Fonts\LSANSI.TTF'
[Parsed_subtitles_6 @ 0000018fba754540] Loading font file 'C:/Windows/Fonts\LTYPE.TTF'
[Parsed_subtitles_6 @ 0000018fba754540] Loading font file 'C:/Windows/Fonts\LTYPEB.TTF'
[Parsed_subtitles_6 @ 0000018fba754540] Loading font file 'C:/Windows/Fonts\LTYPEBO.TTF'
[Parsed_subtitles_6 @ 0000018fba754540] Loading font file 'C:/Windows/Fonts\LTYPEO.TTF'
[Parsed_subtitles_6 @ 0000018fba754540] Loading font file 'C:/Windows/Fonts\lucon.ttf'
[Parsed_subtitles_6 @ 0000018fba754540] Loading font file 'C:/Windows/Fonts\l_10646.ttf'
[Parsed_subtitles_6 @ 0000018fba754540] Loading font file 'C:/Windows/Fonts\MAGNETOB.TTF'
[Parsed_subtitles_6 @ 0000018fba754540] Loading font file 'C:/Windows/Fonts\MAIAN.TTF'
[Parsed_subtitles_6 @ 0000018fba754540] Loading font file 'C:/Windows/Fonts\malgun.ttf'
[Parsed_subtitles_6 @ 0000018fba754540] Loading font file 'C:/Windows/Fonts\malgunbd.ttf'
[Parsed_subtitles_6 @ 0000018fba754540] Loading font file 'C:/Windows/Fonts\malgunsl.ttf'
[Parsed_subtitles_6 @ 0000018fba754540] Loading font file 'C:/Windows/Fonts\marlett.ttf'
[Parsed_subtitles_6 @ 0000018fba754540] Loading font file 'C:/Windows/Fonts\MATURASC.TTF'
[Parsed_subtitles_6 @ 0000018fba754540] Loading font file 'C:/Windows/Fonts\micross.ttf'
[Parsed_subtitles_6 @ 0000018fba754540] Loading font file 'C:/Windows/Fonts\mingliub.ttc'
[Parsed_subtitles_6 @ 0000018fba754540] Loading font file 'C:/Windows/Fonts\MISTRAL.TTF'
[Parsed_subtitles_6 @ 0000018fba754540] Loading font file 'C:/Windows/Fonts\mmrtext.ttf'
[Parsed_subtitles_6 @ 0000018fba754540] Loading font file 'C:/Windows/Fonts\mmrtextb.ttf'
[Parsed_subtitles_6 @ 0000018fba754540] Loading font file 'C:/Windows/Fonts\MOD20.TTF'
[Parsed_subtitles_6 @ 0000018fba754540] Loading font file 'C:/Windows/Fonts\modern.fon'
[Parsed_subtitles_6 @ 0000018fba754540] Loading font file 'C:/Windows/Fonts\monbaiti.ttf'
[Parsed_subtitles_6 @ 0000018fba754540] Loading font file 'C:/Windows/Fonts\msgothic.ttc'
[Parsed_subtitles_6 @ 0000018fba754540] Loading font file 'C:/Windows/Fonts\msjh.ttc'
[Parsed_subtitles_6 @ 0000018fba754540] Loading font file 'C:/Windows/Fonts\msjhbd.ttc'
[Parsed_subtitles_6 @ 0000018fba754540] Loading font file 'C:/Windows/Fonts\msjhl.ttc'
[Parsed_subtitles_6 @ 0000018fba754540] Loading font file 'C:/Windows/Fonts\MSUIGHUB.TTF'
[Parsed_subtitles_6 @ 0000018fba754540] Loading font file 'C:/Windows/Fonts\MSUIGHUR.TTF'
[Parsed_subtitles_6 @ 0000018fba754540] Loading font file 'C:/Windows/Fonts\msyh.ttc'
[Parsed_subtitles_6 @ 0000018fba754540] Loading font file 'C:/Windows/Fonts\msyhbd.ttc'
[Parsed_subtitles_6 @ 0000018fba754540] Loading font file 'C:/Windows/Fonts\msyhl.ttc'
[Parsed_subtitles_6 @ 0000018fba754540] Loading font file 'C:/Windows/Fonts\msyi.ttf'
[Parsed_subtitles_6 @ 0000018fba754540] Loading font file 'C:/Windows/Fonts\MTCORSVA.TTF'
[Parsed_subtitles_6 @ 0000018fba754540] Loading font file 'C:/Windows/Fonts\MTEXTRA.TTF'
[Parsed_subtitles_6 @ 0000018fba754540] Loading font file 'C:/Windows/Fonts\mvboli.ttf'
[Parsed_subtitles_6 @ 0000018fba754540] Loading font file 'C:/Windows/Fonts\NIAGENG.TTF'
[Parsed_subtitles_6 @ 0000018fba754540] Loading font file 'C:/Windows/Fonts\NIAGSOL.TTF'
[Parsed_subtitles_6 @ 0000018fba754540] Loading font file 'C:/Windows/Fonts\Nirmala.ttc'
[Parsed_subtitles_6 @ 0000018fba754540] Loading font file 'C:/Windows/Fonts\ntailu.ttf'
[Parsed_subtitles_6 @ 0000018fba754540] Loading font file 'C:/Windows/Fonts\ntailub.ttf'
[Parsed_subtitles_6 @ 0000018fba754540] Loading font file 'C:/Windows/Fonts\OCRAEXT.TTF'
[Parsed_subtitles_6 @ 0000018fba754540] Loading font file 'C:/Windows/Fonts\OLDENGL.TTF'
[Parsed_subtitles_6 @ 0000018fba754540] Loading font file 'C:/Windows/Fonts\ONYX.TTF'
[Parsed_subtitles_6 @ 0000018fba754540] Loading font file 'C:/Windows/Fonts\OUTLOOK.TTF'
[Parsed_subtitles_6 @ 0000018fba754540] Loading font file 'C:/Windows/Fonts\pala.ttf'
[Parsed_subtitles_6 @ 0000018fba754540] Loading font file 'C:/Windows/Fonts\palab.ttf'
[Parsed_subtitles_6 @ 0000018fba754540] Loading font file 'C:/Windows/Fonts\palabi.ttf'
[Parsed_subtitles_6 @ 0000018fba754540] Loading font file 'C:/Windows/Fonts\palai.ttf'
[Parsed_subtitles_6 @ 0000018fba754540] Loading font file 'C:/Windows/Fonts\PALSCRI.TTF'
[Parsed_subtitles_6 @ 0000018fba754540] Loading font file 'C:/Windows/Fonts\PAPYRUS.TTF'
[Parsed_subtitles_6 @ 0000018fba754540] Loading font file 'C:/Windows/Fonts\PARCHM.TTF'
[Parsed_subtitles_6 @ 0000018fba754540] Loading font file 'C:/Windows/Fonts\PERBI___.TTF'
[Parsed_subtitles_6 @ 0000018fba754540] Loading font file 'C:/Windows/Fonts\PERB____.TTF'
[Parsed_subtitles_6 @ 0000018fba754540] Loading font file 'C:/Windows/Fonts\PERI____.TTF'
[Parsed_subtitles_6 @ 0000018fba754540] Loading font file 'C:/Windows/Fonts\PERTIBD.TTF'
[Parsed_subtitles_6 @ 0000018fba754540] Loading font file 'C:/Windows/Fonts\PERTILI.TTF'
[Parsed_subtitles_6 @ 0000018fba754540] Loading font file 'C:/Windows/Fonts\PER_____.TTF'
[Parsed_subtitles_6 @ 0000018fba754540] Loading font file 'C:/Windows/Fonts\phagspa.ttf'
[Parsed_subtitles_6 @ 0000018fba754540] Loading font file 'C:/Windows/Fonts\phagspab.ttf'
[Parsed_subtitles_6 @ 0000018fba754540] Loading font file 'C:/Windows/Fonts\PLAYBILL.TTF'
[Parsed_subtitles_6 @ 0000018fba754540] Loading font file 'C:/Windows/Fonts\POORICH.TTF'
[Parsed_subtitles_6 @ 0000018fba754540] Loading font file 'C:/Windows/Fonts\PRISTINA.TTF'
[Parsed_subtitles_6 @ 0000018fba754540] Loading font file 'C:/Windows/Fonts\RAGE.TTF'
[Parsed_subtitles_6 @ 0000018fba754540] Loading font file 'C:/Windows/Fonts\RAVIE.TTF'
[Parsed_subtitles_6 @ 0000018fba754540] Loading font file 'C:/Windows/Fonts\REFSAN.TTF'
[Parsed_subtitles_6 @ 0000018fba754540] Loading font file 'C:/Windows/Fonts\REFSPCL.TTF'
[Parsed_subtitles_6 @ 0000018fba754540] Loading font file 'C:/Windows/Fonts\ROCCB___.TTF'
[Parsed_subtitles_6 @ 0000018fba754540] Loading font file 'C:/Windows/Fonts\ROCC____.TTF'
[Parsed_subtitles_6 @ 0000018fba754540] Loading font file 'C:/Windows/Fonts\ROCK.TTF'
[Parsed_subtitles_6 @ 0000018fba754540] Loading font file 'C:/Windows/Fonts\ROCKB.TTF'
[Parsed_subtitles_6 @ 0000018fba754540] Loading font file 'C:/Windows/Fonts\ROCKBI.TTF'
[Parsed_subtitles_6 @ 0000018fba754540] Loading font file 'C:/Windows/Fonts\ROCKEB.TTF'
[Parsed_subtitles_6 @ 0000018fba754540] Loading font file 'C:/Windows/Fonts\ROCKI.TTF'
[Parsed_subtitles_6 @ 0000018fba754540] Loading font file 'C:/Windows/Fonts\roman.fon'
[Parsed_subtitles_6 @ 0000018fba754540] Loading font file 'C:/Windows/Fonts\s8514fix.fon'
[Parsed_subtitles_6 @ 0000018fba754540] Loading font file 'C:/Windows/Fonts\s8514oem.fon'
[Parsed_subtitles_6 @ 0000018fba754540] Loading font file 'C:/Windows/Fonts\s8514sys.fon'
[Parsed_subtitles_6 @ 0000018fba754540] Loading font file 'C:/Windows/Fonts\SansSerifCollection.ttf'
[Parsed_subtitles_6 @ 0000018fba754540] Loading font file 'C:/Windows/Fonts\SCHLBKB.TTF'
[Parsed_subtitles_6 @ 0000018fba754540] Loading font file 'C:/Windows/Fonts\SCHLBKBI.TTF'
[Parsed_subtitles_6 @ 0000018fba754540] Loading font file 'C:/Windows/Fonts\SCHLBKI.TTF'
[Parsed_subtitles_6 @ 0000018fba754540] Loading font file 'C:/Windows/Fonts\script.fon'
[Parsed_subtitles_6 @ 0000018fba754540] Loading font file 'C:/Windows/Fonts\SCRIPTBL.TTF'
[Parsed_subtitles_6 @ 0000018fba754540] Loading font file 'C:/Windows/Fonts\segmdl2.ttf'
[Parsed_subtitles_6 @ 0000018fba754540] Loading font file 'C:/Windows/Fonts\SegoeIcons.ttf'
[Parsed_subtitles_6 @ 0000018fba754540] Loading font file 'C:/Windows/Fonts\segoepr.ttf'
[Parsed_subtitles_6 @ 0000018fba754540] Loading font file 'C:/Windows/Fonts\segoeprb.ttf'
[Parsed_subtitles_6 @ 0000018fba754540] Loading font file 'C:/Windows/Fonts\segoesc.ttf'
[Parsed_subtitles_6 @ 0000018fba754540] Loading font file 'C:/Windows/Fonts\segoescb.ttf'
[Parsed_subtitles_6 @ 0000018fba754540] Loading font file 'C:/Windows/Fonts\segoeui.ttf'
[Parsed_subtitles_6 @ 0000018fba754540] Loading font file 'C:/Windows/Fonts\segoeuib.ttf'
[Parsed_subtitles_6 @ 0000018fba754540] Loading font file 'C:/Windows/Fonts\segoeuii.ttf'
[Parsed_subtitles_6 @ 0000018fba754540] Loading font file 'C:/Windows/Fonts\segoeuil.ttf'
[Parsed_subtitles_6 @ 0000018fba754540] Loading font file 'C:/Windows/Fonts\segoeuisl.ttf'
[Parsed_subtitles_6 @ 0000018fba754540] Loading font file 'C:/Windows/Fonts\segoeuiz.ttf'
[Parsed_subtitles_6 @ 0000018fba754540] Loading font file 'C:/Windows/Fonts\seguibl.ttf'
[Parsed_subtitles_6 @ 0000018fba754540] Loading font file 'C:/Windows/Fonts\seguibli.ttf'
[Parsed_subtitles_6 @ 0000018fba754540] Loading font file 'C:/Windows/Fonts\seguiemj.ttf'
[Parsed_subtitles_6 @ 0000018fba754540] Loading font file 'C:/Windows/Fonts\seguihis.ttf'
[Parsed_subtitles_6 @ 0000018fba754540] Loading font file 'C:/Windows/Fonts\seguili.ttf'
[Parsed_subtitles_6 @ 0000018fba754540] Loading font file 'C:/Windows/Fonts\seguisb.ttf'
[Parsed_subtitles_6 @ 0000018fba754540] Loading font file 'C:/Windows/Fonts\seguisbi.ttf'
[Parsed_subtitles_6 @ 0000018fba754540] Loading font file 'C:/Windows/Fonts\seguisli.ttf'
[Parsed_subtitles_6 @ 0000018fba754540] Loading font file 'C:/Windows/Fonts\seguisym.ttf'
[Parsed_subtitles_6 @ 0000018fba754540] Loading font file 'C:/Windows/Fonts\SegUIVar.ttf'
[Parsed_subtitles_6 @ 0000018fba754540] Loading font file 'C:/Windows/Fonts\sere1255.fon'
[Parsed_subtitles_6 @ 0000018fba754540] Loading font file 'C:/Windows/Fonts\sere1256.fon'
[Parsed_subtitles_6 @ 0000018fba754540] Loading font file 'C:/Windows/Fonts\sere1257.fon'
[Parsed_subtitles_6 @ 0000018fba754540] Loading font file 'C:/Windows/Fonts\serf1255.fon'
[Parsed_subtitles_6 @ 0000018fba754540] Loading font file 'C:/Windows/Fonts\serf1256.fon'
[Parsed_subtitles_6 @ 0000018fba754540] Loading font file 'C:/Windows/Fonts\serf1257.fon'
[Parsed_subtitles_6 @ 0000018fba754540] Loading font file 'C:/Windows/Fonts\serife.fon'
[Parsed_subtitles_6 @ 0000018fba754540] Loading font file 'C:/Windows/Fonts\serifee.fon'
[Parsed_subtitles_6 @ 0000018fba754540] Loading font file 'C:/Windows/Fonts\serifeg.fon'
[Parsed_subtitles_6 @ 0000018fba754540] Loading font file 'C:/Windows/Fonts\serifer.fon'
[Parsed_subtitles_6 @ 0000018fba754540] Loading font file 'C:/Windows/Fonts\serifet.fon'
[Parsed_subtitles_6 @ 0000018fba754540] Loading font file 'C:/Windows/Fonts\seriff.fon'
[Parsed_subtitles_6 @ 0000018fba754540] Loading font file 'C:/Windows/Fonts\seriffe.fon'
[Parsed_subtitles_6 @ 0000018fba754540] Loading font file 'C:/Windows/Fonts\seriffg.fon'
[Parsed_subtitles_6 @ 0000018fba754540] Loading font file 'C:/Windows/Fonts\seriffr.fon'
[Parsed_subtitles_6 @ 0000018fba754540] Loading font file 'C:/Windows/Fonts\serifft.fon'
[Parsed_subtitles_6 @ 0000018fba754540] Loading font file 'C:/Windows/Fonts\SHOWG.TTF'
[Parsed_subtitles_6 @ 0000018fba754540] Loading font file 'C:/Windows/Fonts\simsun.ttc'
[Parsed_subtitles_6 @ 0000018fba754540] Loading font file 'C:/Windows/Fonts\simsunb.ttf'
[Parsed_subtitles_6 @ 0000018fba754540] Loading font file 'C:/Windows/Fonts\SimsunExtG.ttf'
[Parsed_subtitles_6 @ 0000018fba754540] Loading font file 'C:/Windows/Fonts\SitkaVF-Italic.ttf'
[Parsed_subtitles_6 @ 0000018fba754540] Loading font file 'C:/Windows/Fonts\SitkaVF.ttf'
[Parsed_subtitles_6 @ 0000018fba754540] Loading font file 'C:/Windows/Fonts\smae1255.fon'
[Parsed_subtitles_6 @ 0000018fba754540] Loading font file 'C:/Windows/Fonts\smae1256.fon'
[Parsed_subtitles_6 @ 0000018fba754540] Loading font file 'C:/Windows/Fonts\smae1257.fon'
[Parsed_subtitles_6 @ 0000018fba754540] Loading font file 'C:/Windows/Fonts\smaf1255.fon'
[Parsed_subtitles_6 @ 0000018fba754540] Loading font file 'C:/Windows/Fonts\smaf1256.fon'
[Parsed_subtitles_6 @ 0000018fba754540] Loading font file 'C:/Windows/Fonts\smaf1257.fon'
[Parsed_subtitles_6 @ 0000018fba754540] Loading font file 'C:/Windows/Fonts\smalle.fon'
[Parsed_subtitles_6 @ 0000018fba754540] Loading font file 'C:/Windows/Fonts\smallee.fon'
[Parsed_subtitles_6 @ 0000018fba754540] Loading font file 'C:/Windows/Fonts\smalleg.fon'
[Parsed_subtitles_6 @ 0000018fba754540] Loading font file 'C:/Windows/Fonts\smaller.fon'
[Parsed_subtitles_6 @ 0000018fba754540] Loading font file 'C:/Windows/Fonts\smallet.fon'
[Parsed_subtitles_6 @ 0000018fba754540] Loading font file 'C:/Windows/Fonts\smallf.fon'
[Parsed_subtitles_6 @ 0000018fba754540] Loading font file 'C:/Windows/Fonts\smallfe.fon'
[Parsed_subtitles_6 @ 0000018fba754540] Loading font file 'C:/Windows/Fonts\smallfg.fon'
[Parsed_subtitles_6 @ 0000018fba754540] Loading font file 'C:/Windows/Fonts\smallfr.fon'
[Parsed_subtitles_6 @ 0000018fba754540] Loading font file 'C:/Windows/Fonts\smallft.fon'
[Parsed_subtitles_6 @ 0000018fba754540] Loading font file 'C:/Windows/Fonts\SNAP____.TTF'
[Parsed_subtitles_6 @ 0000018fba754540] Loading font file 'C:/Windows/Fonts\ssee1255.fon'
[Parsed_subtitles_6 @ 0000018fba754540] Loading font file 'C:/Windows/Fonts\ssee1256.fon'
[Parsed_subtitles_6 @ 0000018fba754540] Loading font file 'C:/Windows/Fonts\ssee1257.fon'
[Parsed_subtitles_6 @ 0000018fba754540] Loading font file 'C:/Windows/Fonts\ssee874.fon'
[Parsed_subtitles_6 @ 0000018fba754540] Loading font file 'C:/Windows/Fonts\ssef1255.fon'
[Parsed_subtitles_6 @ 0000018fba754540] Loading font file 'C:/Windows/Fonts\ssef1256.fon'
[Parsed_subtitles_6 @ 0000018fba754540] Loading font file 'C:/Windows/Fonts\ssef1257.fon'
[Parsed_subtitles_6 @ 0000018fba754540] Loading font file 'C:/Windows/Fonts\ssef874.fon'
[Parsed_subtitles_6 @ 0000018fba754540] Loading font file 'C:/Windows/Fonts\sserife.fon'
[Parsed_subtitles_6 @ 0000018fba754540] Loading font file 'C:/Windows/Fonts\sserifee.fon'
[Parsed_subtitles_6 @ 0000018fba754540] Loading font file 'C:/Windows/Fonts\sserifeg.fon'
[Parsed_subtitles_6 @ 0000018fba754540] Loading font file 'C:/Windows/Fonts\sserifer.fon'
[Parsed_subtitles_6 @ 0000018fba754540] Loading font file 'C:/Windows/Fonts\sserifet.fon'
[Parsed_subtitles_6 @ 0000018fba754540] Loading font file 'C:/Windows/Fonts\sseriff.fon'
[Parsed_subtitles_6 @ 0000018fba754540] Loading font file 'C:/Windows/Fonts\sseriffe.fon'
[Parsed_subtitles_6 @ 0000018fba754540] Loading font file 'C:/Windows/Fonts\sseriffg.fon'
[Parsed_subtitles_6 @ 0000018fba754540] Loading font file 'C:/Windows/Fonts\sseriffr.fon'
[Parsed_subtitles_6 @ 0000018fba754540] Loading font file 'C:/Windows/Fonts\sserifft.fon'
[Parsed_subtitles_6 @ 0000018fba754540] Loading font file 'C:/Windows/Fonts\StaticCache.dat'
[Parsed_subtitles_6 @ 0000018fba754540] Loading font file 'C:/Windows/Fonts\STENCIL.TTF'
[Parsed_subtitles_6 @ 0000018fba754540] Loading font file 'C:/Windows/Fonts\svgafix.fon'
[Parsed_subtitles_6 @ 0000018fba754540] Loading font file 'C:/Windows/Fonts\svgasys.fon'
[Parsed_subtitles_6 @ 0000018fba754540] Loading font file 'C:/Windows/Fonts\sylfaen.ttf'
[Parsed_subtitles_6 @ 0000018fba754540] Loading font file 'C:/Windows/Fonts\symbol.ttf'
[Parsed_subtitles_6 @ 0000018fba754540] Loading font file 'C:/Windows/Fonts\tahoma.ttf'
[Parsed_subtitles_6 @ 0000018fba754540] Loading font file 'C:/Windows/Fonts\tahomabd.ttf'
[Parsed_subtitles_6 @ 0000018fba754540] Loading font file 'C:/Windows/Fonts\taile.ttf'
[Parsed_subtitles_6 @ 0000018fba754540] Loading font file 'C:/Windows/Fonts\taileb.ttf'
[Parsed_subtitles_6 @ 0000018fba754540] Loading font file 'C:/Windows/Fonts\TCBI____.TTF'
[Parsed_subtitles_6 @ 0000018fba754540] Loading font file 'C:/Windows/Fonts\TCB_____.TTF'
[Parsed_subtitles_6 @ 0000018fba754540] Loading font file 'C:/Windows/Fonts\TCCB____.TTF'
[Parsed_subtitles_6 @ 0000018fba754540] Loading font file 'C:/Windows/Fonts\TCCEB.TTF'
[Parsed_subtitles_6 @ 0000018fba754540] Loading font file 'C:/Windows/Fonts\TCCM____.TTF'
[Parsed_subtitles_6 @ 0000018fba754540] Loading font file 'C:/Windows/Fonts\TCMI____.TTF'
[Parsed_subtitles_6 @ 0000018fba754540] Loading font file 'C:/Windows/Fonts\TCM_____.TTF'
[Parsed_subtitles_6 @ 0000018fba754540] Loading font file 'C:/Windows/Fonts\TEMPSITC.TTF'
[Parsed_subtitles_6 @ 0000018fba754540] Loading font file 'C:/Windows/Fonts\times.ttf'
[Parsed_subtitles_6 @ 0000018fba754540] Loading font file 'C:/Windows/Fonts\timesbd.ttf'
[Parsed_subtitles_6 @ 0000018fba754540] Loading font file 'C:/Windows/Fonts\timesbi.ttf'
[Parsed_subtitles_6 @ 0000018fba754540] Loading font file 'C:/Windows/Fonts\timesi.ttf'
[Parsed_subtitles_6 @ 0000018fba754540] Loading font file 'C:/Windows/Fonts\trebuc.ttf'
[Parsed_subtitles_6 @ 0000018fba754540] Loading font file 'C:/Windows/Fonts\trebucbd.ttf'
[Parsed_subtitles_6 @ 0000018fba754540] Loading font file 'C:/Windows/Fonts\trebucbi.ttf'
[Parsed_subtitles_6 @ 0000018fba754540] Loading font file 'C:/Windows/Fonts\trebucit.ttf'
[Parsed_subtitles_6 @ 0000018fba754540] Loading font file 'C:/Windows/Fonts\verdana.ttf'
[Parsed_subtitles_6 @ 0000018fba754540] Loading font file 'C:/Windows/Fonts\verdanab.ttf'
[Parsed_subtitles_6 @ 0000018fba754540] Loading font file 'C:/Windows/Fonts\verdanai.ttf'
[Parsed_subtitles_6 @ 0000018fba754540] Loading font file 'C:/Windows/Fonts\verdanaz.ttf'
[Parsed_subtitles_6 @ 0000018fba754540] Loading font file 'C:/Windows/Fonts\vga737.fon'
[Parsed_subtitles_6 @ 0000018fba754540] Loading font file 'C:/Windows/Fonts\vga775.fon'
[Parsed_subtitles_6 @ 0000018fba754540] Loading font file 'C:/Windows/Fonts\vga850.fon'
[Parsed_subtitles_6 @ 0000018fba754540] Loading font file 'C:/Windows/Fonts\vga852.fon'
[Parsed_subtitles_6 @ 0000018fba754540] Loading font file 'C:/Windows/Fonts\vga855.fon'
[Parsed_subtitles_6 @ 0000018fba754540] Loading font file 'C:/Windows/Fonts\vga857.fon'
[Parsed_subtitles_6 @ 0000018fba754540] Loading font file 'C:/Windows/Fonts\vga860.fon'
[Parsed_subtitles_6 @ 0000018fba754540] Loading font file 'C:/Windows/Fonts\vga861.fon'
[Parsed_subtitles_6 @ 0000018fba754540] Loading font file 'C:/Windows/Fonts\vga863.fon'
[Parsed_subtitles_6 @ 0000018fba754540] Loading font file 'C:/Windows/Fonts\vga865.fon'
[Parsed_subtitles_6 @ 0000018fba754540] Loading font file 'C:/Windows/Fonts\vga866.fon'
[Parsed_subtitles_6 @ 0000018fba754540] Loading font file 'C:/Windows/Fonts\vga869.fon'
[Parsed_subtitles_6 @ 0000018fba754540] Loading font file 'C:/Windows/Fonts\vga932.fon'
[Parsed_subtitles_6 @ 0000018fba754540] Loading font file 'C:/Windows/Fonts\vga936.fon'
[Parsed_subtitles_6 @ 0000018fba754540] Loading font file 'C:/Windows/Fonts\vga949.fon'
[Parsed_subtitles_6 @ 0000018fba754540] Loading font file 'C:/Windows/Fonts\vga950.fon'
[Parsed_subtitles_6 @ 0000018fba754540] Loading font file 'C:/Windows/Fonts\vgaf1255.fon'
[Parsed_subtitles_6 @ 0000018fba754540] Loading font file 'C:/Windows/Fonts\vgaf1256.fon'
[Parsed_subtitles_6 @ 0000018fba754540] Loading font file 'C:/Windows/Fonts\vgaf1257.fon'
[Parsed_subtitles_6 @ 0000018fba754540] Loading font file 'C:/Windows/Fonts\vgaf874.fon'
[Parsed_subtitles_6 @ 0000018fba754540] Loading font file 'C:/Windows/Fonts\vgafix.fon'
[Parsed_subtitles_6 @ 0000018fba754540] Loading font file 'C:/Windows/Fonts\vgafixe.fon'
[Parsed_subtitles_6 @ 0000018fba754540] Loading font file 'C:/Windows/Fonts\vgafixg.fon'
[Parsed_subtitles_6 @ 0000018fba754540] Loading font file 'C:/Windows/Fonts\vgafixr.fon'
[Parsed_subtitles_6 @ 0000018fba754540] Loading font file 'C:/Windows/Fonts\vgafixt.fon'
[Parsed_subtitles_6 @ 0000018fba754540] Loading font file 'C:/Windows/Fonts\vgaoem.fon'
[Parsed_subtitles_6 @ 0000018fba754540] Loading font file 'C:/Windows/Fonts\vgas1255.fon'
[Parsed_subtitles_6 @ 0000018fba754540] Loading font file 'C:/Windows/Fonts\vgas1256.fon'
[Parsed_subtitles_6 @ 0000018fba754540] Loading font file 'C:/Windows/Fonts\vgas1257.fon'
[Parsed_subtitles_6 @ 0000018fba754540] Loading font file 'C:/Windows/Fonts\vgas874.fon'
[Parsed_subtitles_6 @ 0000018fba754540] Loading font file 'C:/Windows/Fonts\vgasys.fon'
[Parsed_subtitles_6 @ 0000018fba754540] Loading font file 'C:/Windows/Fonts\vgasyse.fon'
[Parsed_subtitles_6 @ 0000018fba754540] Loading font file 'C:/Windows/Fonts\vgasysg.fon'
[Parsed_subtitles_6 @ 0000018fba754540] Loading font file 'C:/Windows/Fonts\vgasysr.fon'
[Parsed_subtitles_6 @ 0000018fba754540] Loading font file 'C:/Windows/Fonts\vgasyst.fon'
[Parsed_subtitles_6 @ 0000018fba754540] Loading font file 'C:/Windows/Fonts\VINERITC.TTF'
[Parsed_subtitles_6 @ 0000018fba754540] Loading font file 'C:/Windows/Fonts\VIVALDII.TTF'
[Parsed_subtitles_6 @ 0000018fba754540] Loading font file 'C:/Windows/Fonts\VLADIMIR.TTF'
[Parsed_subtitles_6 @ 0000018fba754540] Loading font file 'C:/Windows/Fonts\webdings.ttf'
[Parsed_subtitles_6 @ 0000018fba754540] Loading font file 'C:/Windows/Fonts\wingding.ttf'
[Parsed_subtitles_6 @ 0000018fba754540] Loading font file 'C:/Windows/Fonts\WINGDNG2.TTF'
[Parsed_subtitles_6 @ 0000018fba754540] Loading font file 'C:/Windows/Fonts\WINGDNG3.TTF'
[Parsed_subtitles_6 @ 0000018fba754540] Loading font file 'C:/Windows/Fonts\YuGothB.ttc'
[Parsed_subtitles_6 @ 0000018fba754540] Loading font file 'C:/Windows/Fonts\YuGothL.ttc'
[Parsed_subtitles_6 @ 0000018fba754540] Loading font file 'C:/Windows/Fonts\YuGothM.ttc'
[Parsed_subtitles_6 @ 0000018fba754540] Loading font file 'C:/Windows/Fonts\YuGothR.ttc'
[Parsed_subtitles_6 @ 0000018fba754540] No charmap autodetected, trying the first one
[Parsed_subtitles_6 @ 0000018fba754540] Error getting metadata for embedded font '8514fix.fon'
[Parsed_subtitles_6 @ 0000018fba754540] No charmap autodetected, trying the first one
[Parsed_subtitles_6 @ 0000018fba754540] Error getting metadata for embedded font '8514fixe.fon'
[Parsed_subtitles_6 @ 0000018fba754540] No charmap autodetected, trying the first one
[Parsed_subtitles_6 @ 0000018fba754540] Error getting metadata for embedded font '8514fixg.fon'
[Parsed_subtitles_6 @ 0000018fba754540] No charmap autodetected, trying the first one
[Parsed_subtitles_6 @ 0000018fba754540] Error getting metadata for embedded font '8514fixr.fon'
[Parsed_subtitles_6 @ 0000018fba754540] No charmap autodetected, trying the first one
[Parsed_subtitles_6 @ 0000018fba754540] Error getting metadata for embedded font '8514fixt.fon'
[Parsed_subtitles_6 @ 0000018fba754540] No charmap autodetected, trying the first one
[Parsed_subtitles_6 @ 0000018fba754540] Error getting metadata for embedded font '8514oem.fon'
[Parsed_subtitles_6 @ 0000018fba754540] No charmap autodetected, trying the first one
[Parsed_subtitles_6 @ 0000018fba754540] Error getting metadata for embedded font '8514oeme.fon'
[Parsed_subtitles_6 @ 0000018fba754540] No charmap autodetected, trying the first one
[Parsed_subtitles_6 @ 0000018fba754540] Error getting metadata for embedded font '8514oemg.fon'
[Parsed_subtitles_6 @ 0000018fba754540] No charmap autodetected, trying the first one
[Parsed_subtitles_6 @ 0000018fba754540] Error getting metadata for embedded font '8514oemr.fon'
[Parsed_subtitles_6 @ 0000018fba754540] No charmap autodetected, trying the first one
[Parsed_subtitles_6 @ 0000018fba754540] Error getting metadata for embedded font '8514oemt.fon'
[Parsed_subtitles_6 @ 0000018fba754540] No charmap autodetected, trying the first one
[Parsed_subtitles_6 @ 0000018fba754540] Error getting metadata for embedded font '8514sys.fon'
[Parsed_subtitles_6 @ 0000018fba754540] No charmap autodetected, trying the first one
[Parsed_subtitles_6 @ 0000018fba754540] Error getting metadata for embedded font '8514syse.fon'
[Parsed_subtitles_6 @ 0000018fba754540] No charmap autodetected, trying the first one
[Parsed_subtitles_6 @ 0000018fba754540] Error getting metadata for embedded font '8514sysg.fon'
[Parsed_subtitles_6 @ 0000018fba754540] No charmap autodetected, trying the first one
[Parsed_subtitles_6 @ 0000018fba754540] Error getting metadata for embedded font '8514sysr.fon'
[Parsed_subtitles_6 @ 0000018fba754540] No charmap autodetected, trying the first one
[Parsed_subtitles_6 @ 0000018fba754540] Error getting metadata for embedded font '8514syst.fon'
[Parsed_subtitles_6 @ 0000018fba754540] No charmap autodetected, trying the first one
[Parsed_subtitles_6 @ 0000018fba754540] Error getting metadata for embedded font '85775.fon'
[Parsed_subtitles_6 @ 0000018fba754540] No charmap autodetected, trying the first one
[Parsed_subtitles_6 @ 0000018fba754540] Error getting metadata for embedded font '85855.fon'
[Parsed_subtitles_6 @ 0000018fba754540] No charmap autodetected, trying the first one
[Parsed_subtitles_6 @ 0000018fba754540] Error getting metadata for embedded font '85f1255.fon'
[Parsed_subtitles_6 @ 0000018fba754540] No charmap autodetected, trying the first one
[Parsed_subtitles_6 @ 0000018fba754540] Error getting metadata for embedded font '85f1256.fon'
[Parsed_subtitles_6 @ 0000018fba754540] No charmap autodetected, trying the first one
[Parsed_subtitles_6 @ 0000018fba754540] Error getting metadata for embedded font '85f1257.fon'
[Parsed_subtitles_6 @ 0000018fba754540] No charmap autodetected, trying the first one
[Parsed_subtitles_6 @ 0000018fba754540] Error getting metadata for embedded font '85f874.fon'
[Parsed_subtitles_6 @ 0000018fba754540] No charmap autodetected, trying the first one
[Parsed_subtitles_6 @ 0000018fba754540] Error getting metadata for embedded font '85s1255.fon'
[Parsed_subtitles_6 @ 0000018fba754540] No charmap autodetected, trying the first one
[Parsed_subtitles_6 @ 0000018fba754540] Error getting metadata for embedded font '85s1256.fon'
[Parsed_subtitles_6 @ 0000018fba754540] No charmap autodetected, trying the first one
[Parsed_subtitles_6 @ 0000018fba754540] Error getting metadata for embedded font '85s1257.fon'
[Parsed_subtitles_6 @ 0000018fba754540] No charmap autodetected, trying the first one
[Parsed_subtitles_6 @ 0000018fba754540] Error getting metadata for embedded font '85s874.fon'
[Parsed_subtitles_6 @ 0000018fba754540] No charmap autodetected, trying the first one
[Parsed_subtitles_6 @ 0000018fba754540] Error getting metadata for embedded font 'app775.fon'
[Parsed_subtitles_6 @ 0000018fba754540] No charmap autodetected, trying the first one
[Parsed_subtitles_6 @ 0000018fba754540] Error getting metadata for embedded font 'app775.fon'
[Parsed_subtitles_6 @ 0000018fba754540] No charmap autodetected, trying the first one
[Parsed_subtitles_6 @ 0000018fba754540] Error getting metadata for embedded font 'app775.fon'
[Parsed_subtitles_6 @ 0000018fba754540] No charmap autodetected, trying the first one
[Parsed_subtitles_6 @ 0000018fba754540] Error getting metadata for embedded font 'app775.fon'
[Parsed_subtitles_6 @ 0000018fba754540] No charmap autodetected, trying the first one
[Parsed_subtitles_6 @ 0000018fba754540] Error getting metadata for embedded font 'app775.fon'
[Parsed_subtitles_6 @ 0000018fba754540] No charmap autodetected, trying the first one
[Parsed_subtitles_6 @ 0000018fba754540] Error getting metadata for embedded font 'app775.fon'
[Parsed_subtitles_6 @ 0000018fba754540] No charmap autodetected, trying the first one
[Parsed_subtitles_6 @ 0000018fba754540] Error getting metadata for embedded font 'app850.fon'
[Parsed_subtitles_6 @ 0000018fba754540] No charmap autodetected, trying the first one
[Parsed_subtitles_6 @ 0000018fba754540] Error getting metadata for embedded font 'app850.fon'
[Parsed_subtitles_6 @ 0000018fba754540] No charmap autodetected, trying the first one
[Parsed_subtitles_6 @ 0000018fba754540] Error getting metadata for embedded font 'app850.fon'
[Parsed_subtitles_6 @ 0000018fba754540] No charmap autodetected, trying the first one
[Parsed_subtitles_6 @ 0000018fba754540] Error getting metadata for embedded font 'app850.fon'
[Parsed_subtitles_6 @ 0000018fba754540] No charmap autodetected, trying the first one
[Parsed_subtitles_6 @ 0000018fba754540] Error getting metadata for embedded font 'app850.fon'
[Parsed_subtitles_6 @ 0000018fba754540] No charmap autodetected, trying the first one
[Parsed_subtitles_6 @ 0000018fba754540] Error getting metadata for embedded font 'app850.fon'
[Parsed_subtitles_6 @ 0000018fba754540] No charmap autodetected, trying the first one
[Parsed_subtitles_6 @ 0000018fba754540] Error getting metadata for embedded font 'app852.fon'
[Parsed_subtitles_6 @ 0000018fba754540] No charmap autodetected, trying the first one
[Parsed_subtitles_6 @ 0000018fba754540] Error getting metadata for embedded font 'app852.fon'
[Parsed_subtitles_6 @ 0000018fba754540] No charmap autodetected, trying the first one
[Parsed_subtitles_6 @ 0000018fba754540] Error getting metadata for embedded font 'app852.fon'
[Parsed_subtitles_6 @ 0000018fba754540] No charmap autodetected, trying the first one
[Parsed_subtitles_6 @ 0000018fba754540] Error getting metadata for embedded font 'app852.fon'
[Parsed_subtitles_6 @ 0000018fba754540] No charmap autodetected, trying the first one
[Parsed_subtitles_6 @ 0000018fba754540] Error getting metadata for embedded font 'app852.fon'
[Parsed_subtitles_6 @ 0000018fba754540] No charmap autodetected, trying the first one
[Parsed_subtitles_6 @ 0000018fba754540] Error getting metadata for embedded font 'app852.fon'
[Parsed_subtitles_6 @ 0000018fba754540] No charmap autodetected, trying the first one
[Parsed_subtitles_6 @ 0000018fba754540] Error getting metadata for embedded font 'app855.fon'
[Parsed_subtitles_6 @ 0000018fba754540] No charmap autodetected, trying the first one
[Parsed_subtitles_6 @ 0000018fba754540] Error getting metadata for embedded font 'app855.fon'
[Parsed_subtitles_6 @ 0000018fba754540] No charmap autodetected, trying the first one
[Parsed_subtitles_6 @ 0000018fba754540] Error getting metadata for embedded font 'app855.fon'
[Parsed_subtitles_6 @ 0000018fba754540] No charmap autodetected, trying the first one
[Parsed_subtitles_6 @ 0000018fba754540] Error getting metadata for embedded font 'app855.fon'
[Parsed_subtitles_6 @ 0000018fba754540] No charmap autodetected, trying the first one
[Parsed_subtitles_6 @ 0000018fba754540] Error getting metadata for embedded font 'app855.fon'
[Parsed_subtitles_6 @ 0000018fba754540] No charmap autodetected, trying the first one
[Parsed_subtitles_6 @ 0000018fba754540] Error getting metadata for embedded font 'app855.fon'
[Parsed_subtitles_6 @ 0000018fba754540] No charmap autodetected, trying the first one
[Parsed_subtitles_6 @ 0000018fba754540] Error getting metadata for embedded font 'app857.fon'
[Parsed_subtitles_6 @ 0000018fba754540] No charmap autodetected, trying the first one
[Parsed_subtitles_6 @ 0000018fba754540] Error getting metadata for embedded font 'app857.fon'
[Parsed_subtitles_6 @ 0000018fba754540] No charmap autodetected, trying the first one
[Parsed_subtitles_6 @ 0000018fba754540] Error getting metadata for embedded font 'app857.fon'
[Parsed_subtitles_6 @ 0000018fba754540] No charmap autodetected, trying the first one
[Parsed_subtitles_6 @ 0000018fba754540] Error getting metadata for embedded font 'app857.fon'
[Parsed_subtitles_6 @ 0000018fba754540] No charmap autodetected, trying the first one
[Parsed_subtitles_6 @ 0000018fba754540] Error getting metadata for embedded font 'app857.fon'
[Parsed_subtitles_6 @ 0000018fba754540] No charmap autodetected, trying the first one
[Parsed_subtitles_6 @ 0000018fba754540] Error getting metadata for embedded font 'app857.fon'
[Parsed_subtitles_6 @ 0000018fba754540] No charmap autodetected, trying the first one
[Parsed_subtitles_6 @ 0000018fba754540] Error getting metadata for embedded font 'app866.fon'
[Parsed_subtitles_6 @ 0000018fba754540] No charmap autodetected, trying the first one
[Parsed_subtitles_6 @ 0000018fba754540] Error getting metadata for embedded font 'app866.fon'
[Parsed_subtitles_6 @ 0000018fba754540] No charmap autodetected, trying the first one
[Parsed_subtitles_6 @ 0000018fba754540] Error getting metadata for embedded font 'app866.fon'
[Parsed_subtitles_6 @ 0000018fba754540] No charmap autodetected, trying the first one
[Parsed_subtitles_6 @ 0000018fba754540] Error getting metadata for embedded font 'app866.fon'
[Parsed_subtitles_6 @ 0000018fba754540] No charmap autodetected, trying the first one
[Parsed_subtitles_6 @ 0000018fba754540] Error getting metadata for embedded font 'app866.fon'
[Parsed_subtitles_6 @ 0000018fba754540] No charmap autodetected, trying the first one
[Parsed_subtitles_6 @ 0000018fba754540] Error getting metadata for embedded font 'app866.fon'
[Parsed_subtitles_6 @ 0000018fba754540] No charmap autodetected, trying the first one
[Parsed_subtitles_6 @ 0000018fba754540] Error getting metadata for embedded font 'app932.fon'
[Parsed_subtitles_6 @ 0000018fba754540] No charmap autodetected, trying the first one
[Parsed_subtitles_6 @ 0000018fba754540] Error getting metadata for embedded font 'app932.fon'
[Parsed_subtitles_6 @ 0000018fba754540] No charmap autodetected, trying the first one
[Parsed_subtitles_6 @ 0000018fba754540] Error getting metadata for embedded font 'app932.fon'
[Parsed_subtitles_6 @ 0000018fba754540] No charmap autodetected, trying the first one
[Parsed_subtitles_6 @ 0000018fba754540] Error getting metadata for embedded font 'app932.fon'
[Parsed_subtitles_6 @ 0000018fba754540] No charmap autodetected, trying the first one
[Parsed_subtitles_6 @ 0000018fba754540] Error getting metadata for embedded font 'app932.fon'
[Parsed_subtitles_6 @ 0000018fba754540] No charmap autodetected, trying the first one
[Parsed_subtitles_6 @ 0000018fba754540] Error getting metadata for embedded font 'app932.fon'
[Parsed_subtitles_6 @ 0000018fba754540] No charmap autodetected, trying the first one
[Parsed_subtitles_6 @ 0000018fba754540] Error getting metadata for embedded font 'app932.fon'
[Parsed_subtitles_6 @ 0000018fba754540] No charmap autodetected, trying the first one
[Parsed_subtitles_6 @ 0000018fba754540] Error getting metadata for embedded font 'app932.fon'
[Parsed_subtitles_6 @ 0000018fba754540] No charmap autodetected, trying the first one
[Parsed_subtitles_6 @ 0000018fba754540] Error getting metadata for embedded font 'app932.fon'
[Parsed_subtitles_6 @ 0000018fba754540] No charmap autodetected, trying the first one
[Parsed_subtitles_6 @ 0000018fba754540] Error getting metadata for embedded font 'app932.fon'
[Parsed_subtitles_6 @ 0000018fba754540] No charmap autodetected, trying the first one
[Parsed_subtitles_6 @ 0000018fba754540] Error getting metadata for embedded font 'app932.fon'
[Parsed_subtitles_6 @ 0000018fba754540] No charmap autodetected, trying the first one
[Parsed_subtitles_6 @ 0000018fba754540] Error getting metadata for embedded font 'app932.fon'
[Parsed_subtitles_6 @ 0000018fba754540] No charmap autodetected, trying the first one
[Parsed_subtitles_6 @ 0000018fba754540] Error getting metadata for embedded font 'app936.fon'
[Parsed_subtitles_6 @ 0000018fba754540] No charmap autodetected, trying the first one
[Parsed_subtitles_6 @ 0000018fba754540] Error getting metadata for embedded font 'app936.fon'
[Parsed_subtitles_6 @ 0000018fba754540] No charmap autodetected, trying the first one
[Parsed_subtitles_6 @ 0000018fba754540] Error getting metadata for embedded font 'app936.fon'
[Parsed_subtitles_6 @ 0000018fba754540] No charmap autodetected, trying the first one
[Parsed_subtitles_6 @ 0000018fba754540] Error getting metadata for embedded font 'app936.fon'
[Parsed_subtitles_6 @ 0000018fba754540] No charmap autodetected, trying the first one
[Parsed_subtitles_6 @ 0000018fba754540] Error getting metadata for embedded font 'app936.fon'
[Parsed_subtitles_6 @ 0000018fba754540] No charmap autodetected, trying the first one
[Parsed_subtitles_6 @ 0000018fba754540] Error getting metadata for embedded font 'app936.fon'
[Parsed_subtitles_6 @ 0000018fba754540] No charmap autodetected, trying the first one
[Parsed_subtitles_6 @ 0000018fba754540] Error getting metadata for embedded font 'app936.fon'
[Parsed_subtitles_6 @ 0000018fba754540] No charmap autodetected, trying the first one
[Parsed_subtitles_6 @ 0000018fba754540] Error getting metadata for embedded font 'app936.fon'
[Parsed_subtitles_6 @ 0000018fba754540] No charmap autodetected, trying the first one
[Parsed_subtitles_6 @ 0000018fba754540] Error getting metadata for embedded font 'app936.fon'
[Parsed_subtitles_6 @ 0000018fba754540] No charmap autodetected, trying the first one
[Parsed_subtitles_6 @ 0000018fba754540] Error getting metadata for embedded font 'app936.fon'
[Parsed_subtitles_6 @ 0000018fba754540] No charmap autodetected, trying the first one
[Parsed_subtitles_6 @ 0000018fba754540] Error getting metadata for embedded font 'app936.fon'
[Parsed_subtitles_6 @ 0000018fba754540] No charmap autodetected, trying the first one
[Parsed_subtitles_6 @ 0000018fba754540] Error getting metadata for embedded font 'app936.fon'
[Parsed_subtitles_6 @ 0000018fba754540] No charmap autodetected, trying the first one
[Parsed_subtitles_6 @ 0000018fba754540] Error getting metadata for embedded font 'app949.fon'
[Parsed_subtitles_6 @ 0000018fba754540] No charmap autodetected, trying the first one
[Parsed_subtitles_6 @ 0000018fba754540] Error getting metadata for embedded font 'app949.fon'
[Parsed_subtitles_6 @ 0000018fba754540] No charmap autodetected, trying the first one
[Parsed_subtitles_6 @ 0000018fba754540] Error getting metadata for embedded font 'app949.fon'
[Parsed_subtitles_6 @ 0000018fba754540] No charmap autodetected, trying the first one
[Parsed_subtitles_6 @ 0000018fba754540] Error getting metadata for embedded font 'app949.fon'
[Parsed_subtitles_6 @ 0000018fba754540] No charmap autodetected, trying the first one
[Parsed_subtitles_6 @ 0000018fba754540] Error getting metadata for embedded font 'app949.fon'
[Parsed_subtitles_6 @ 0000018fba754540] No charmap autodetected, trying the first one
[Parsed_subtitles_6 @ 0000018fba754540] Error getting metadata for embedded font 'app949.fon'
[Parsed_subtitles_6 @ 0000018fba754540] No charmap autodetected, trying the first one
[Parsed_subtitles_6 @ 0000018fba754540] Error getting metadata for embedded font 'app949.fon'
[Parsed_subtitles_6 @ 0000018fba754540] No charmap autodetected, trying the first one
[Parsed_subtitles_6 @ 0000018fba754540] Error getting metadata for embedded font 'app949.fon'
[Parsed_subtitles_6 @ 0000018fba754540] No charmap autodetected, trying the first one
[Parsed_subtitles_6 @ 0000018fba754540] Error getting metadata for embedded font 'app949.fon'
[Parsed_subtitles_6 @ 0000018fba754540] No charmap autodetected, trying the first one
[Parsed_subtitles_6 @ 0000018fba754540] Error getting metadata for embedded font 'app949.fon'
[Parsed_subtitles_6 @ 0000018fba754540] No charmap autodetected, trying the first one
[Parsed_subtitles_6 @ 0000018fba754540] Error getting metadata for embedded font 'app949.fon'
[Parsed_subtitles_6 @ 0000018fba754540] No charmap autodetected, trying the first one
[Parsed_subtitles_6 @ 0000018fba754540] Error getting metadata for embedded font 'app949.fon'
[Parsed_subtitles_6 @ 0000018fba754540] No charmap autodetected, trying the first one
[Parsed_subtitles_6 @ 0000018fba754540] Error getting metadata for embedded font 'app950.fon'
[Parsed_subtitles_6 @ 0000018fba754540] No charmap autodetected, trying the first one
[Parsed_subtitles_6 @ 0000018fba754540] Error getting metadata for embedded font 'app950.fon'
[Parsed_subtitles_6 @ 0000018fba754540] No charmap autodetected, trying the first one
[Parsed_subtitles_6 @ 0000018fba754540] Error getting metadata for embedded font 'app950.fon'
[Parsed_subtitles_6 @ 0000018fba754540] No charmap autodetected, trying the first one
[Parsed_subtitles_6 @ 0000018fba754540] Error getting metadata for embedded font 'app950.fon'
[Parsed_subtitles_6 @ 0000018fba754540] No charmap autodetected, trying the first one
[Parsed_subtitles_6 @ 0000018fba754540] Error getting metadata for embedded font 'app950.fon'
[Parsed_subtitles_6 @ 0000018fba754540] No charmap autodetected, trying the first one
[Parsed_subtitles_6 @ 0000018fba754540] Error getting metadata for embedded font 'app950.fon'
[Parsed_subtitles_6 @ 0000018fba754540] No charmap autodetected, trying the first one
[Parsed_subtitles_6 @ 0000018fba754540] Error getting metadata for embedded font 'app950.fon'
[Parsed_subtitles_6 @ 0000018fba754540] No charmap autodetected, trying the first one
[Parsed_subtitles_6 @ 0000018fba754540] Error getting metadata for embedded font 'app950.fon'
[Parsed_subtitles_6 @ 0000018fba754540] No charmap autodetected, trying the first one
[Parsed_subtitles_6 @ 0000018fba754540] Error getting metadata for embedded font 'app950.fon'
[Parsed_subtitles_6 @ 0000018fba754540] No charmap autodetected, trying the first one
[Parsed_subtitles_6 @ 0000018fba754540] Error getting metadata for embedded font 'app950.fon'
[Parsed_subtitles_6 @ 0000018fba754540] No charmap autodetected, trying the first one
[Parsed_subtitles_6 @ 0000018fba754540] Error getting metadata for embedded font 'app950.fon'
[Parsed_subtitles_6 @ 0000018fba754540] No charmap autodetected, trying the first one
[Parsed_subtitles_6 @ 0000018fba754540] Error getting metadata for embedded font 'app950.fon'
[Parsed_subtitles_6 @ 0000018fba754540] No charmap autodetected, trying the first one
[Parsed_subtitles_6 @ 0000018fba754540] Error getting metadata for embedded font 'c8514fix.fon'
[Parsed_subtitles_6 @ 0000018fba754540] No charmap autodetected, trying the first one
[Parsed_subtitles_6 @ 0000018fba754540] Error getting metadata for embedded font 'c8514oem.fon'
[Parsed_subtitles_6 @ 0000018fba754540] No charmap autodetected, trying the first one
[Parsed_subtitles_6 @ 0000018fba754540] Error getting metadata for embedded font 'c8514sys.fon'
[Parsed_subtitles_6 @ 0000018fba754540] No charmap autodetected, trying the first one
[Parsed_subtitles_6 @ 0000018fba754540] Error getting metadata for embedded font 'c8514sys.fon'
[Parsed_subtitles_6 @ 0000018fba754540] No charmap autodetected, trying the first one
[Parsed_subtitles_6 @ 0000018fba754540] Error getting metadata for embedded font 'cga40737.fon'
[Parsed_subtitles_6 @ 0000018fba754540] No charmap autodetected, trying the first one
[Parsed_subtitles_6 @ 0000018fba754540] Error getting metadata for embedded font 'cga40850.fon'
[Parsed_subtitles_6 @ 0000018fba754540] No charmap autodetected, trying the first one
[Parsed_subtitles_6 @ 0000018fba754540] Error getting metadata for embedded font 'cga40852.fon'
[Parsed_subtitles_6 @ 0000018fba754540] No charmap autodetected, trying the first one
[Parsed_subtitles_6 @ 0000018fba754540] Error getting metadata for embedded font 'cga40857.fon'
[Parsed_subtitles_6 @ 0000018fba754540] No charmap autodetected, trying the first one
[Parsed_subtitles_6 @ 0000018fba754540] Error getting metadata for embedded font 'cga40866.fon'
[Parsed_subtitles_6 @ 0000018fba754540] No charmap autodetected, trying the first one
[Parsed_subtitles_6 @ 0000018fba754540] Error getting metadata for embedded font 'cga40869.fon'
[Parsed_subtitles_6 @ 0000018fba754540] No charmap autodetected, trying the first one
[Parsed_subtitles_6 @ 0000018fba754540] Error getting metadata for embedded font 'cga40woa.fon'
[Parsed_subtitles_6 @ 0000018fba754540] No charmap autodetected, trying the first one
[Parsed_subtitles_6 @ 0000018fba754540] Error getting metadata for embedded font 'cga80737.fon'
[Parsed_subtitles_6 @ 0000018fba754540] No charmap autodetected, trying the first one
[Parsed_subtitles_6 @ 0000018fba754540] Error getting metadata for embedded font 'cga80850.fon'
[Parsed_subtitles_6 @ 0000018fba754540] No charmap autodetected, trying the first one
[Parsed_subtitles_6 @ 0000018fba754540] Error getting metadata for embedded font 'cga80852.fon'
[Parsed_subtitles_6 @ 0000018fba754540] No charmap autodetected, trying the first one
[Parsed_subtitles_6 @ 0000018fba754540] Error getting metadata for embedded font 'cga80857.fon'
[Parsed_subtitles_6 @ 0000018fba754540] No charmap autodetected, trying the first one
[Parsed_subtitles_6 @ 0000018fba754540] Error getting metadata for embedded font 'cga80866.fon'
[Parsed_subtitles_6 @ 0000018fba754540] No charmap autodetected, trying the first one
[Parsed_subtitles_6 @ 0000018fba754540] Error getting metadata for embedded font 'cga80869.fon'
[Parsed_subtitles_6 @ 0000018fba754540] No charmap autodetected, trying the first one
[Parsed_subtitles_6 @ 0000018fba754540] Error getting metadata for embedded font 'cga80woa.fon'
[Parsed_subtitles_6 @ 0000018fba754540] No charmap autodetected, trying the first one
[Parsed_subtitles_6 @ 0000018fba754540] Error getting metadata for embedded font 'coue1255.fon'
[Parsed_subtitles_6 @ 0000018fba754540] No charmap autodetected, trying the first one
[Parsed_subtitles_6 @ 0000018fba754540] Error getting metadata for embedded font 'coue1255.fon'
[Parsed_subtitles_6 @ 0000018fba754540] No charmap autodetected, trying the first one
[Parsed_subtitles_6 @ 0000018fba754540] Error getting metadata for embedded font 'coue1255.fon'
[Parsed_subtitles_6 @ 0000018fba754540] No charmap autodetected, trying the first one
[Parsed_subtitles_6 @ 0000018fba754540] Error getting metadata for embedded font 'coue1256.fon'
[Parsed_subtitles_6 @ 0000018fba754540] No charmap autodetected, trying the first one
[Parsed_subtitles_6 @ 0000018fba754540] Error getting metadata for embedded font 'coue1256.fon'
[Parsed_subtitles_6 @ 0000018fba754540] No charmap autodetected, trying the first one
[Parsed_subtitles_6 @ 0000018fba754540] Error getting metadata for embedded font 'coue1256.fon'
[Parsed_subtitles_6 @ 0000018fba754540] No charmap autodetected, trying the first one
[Parsed_subtitles_6 @ 0000018fba754540] Error getting metadata for embedded font 'coue1257.fon'
[Parsed_subtitles_6 @ 0000018fba754540] No charmap autodetected, trying the first one
[Parsed_subtitles_6 @ 0000018fba754540] Error getting metadata for embedded font 'coue1257.fon'
[Parsed_subtitles_6 @ 0000018fba754540] No charmap autodetected, trying the first one
[Parsed_subtitles_6 @ 0000018fba754540] Error getting metadata for embedded font 'coue1257.fon'
[Parsed_subtitles_6 @ 0000018fba754540] No charmap autodetected, trying the first one
[Parsed_subtitles_6 @ 0000018fba754540] Error getting metadata for embedded font 'couf1255.fon'
[Parsed_subtitles_6 @ 0000018fba754540] No charmap autodetected, trying the first one
[Parsed_subtitles_6 @ 0000018fba754540] Error getting metadata for embedded font 'couf1255.fon'
[Parsed_subtitles_6 @ 0000018fba754540] No charmap autodetected, trying the first one
[Parsed_subtitles_6 @ 0000018fba754540] Error getting metadata for embedded font 'couf1255.fon'
[Parsed_subtitles_6 @ 0000018fba754540] No charmap autodetected, trying the first one
[Parsed_subtitles_6 @ 0000018fba754540] Error getting metadata for embedded font 'couf1256.fon'
[Parsed_subtitles_6 @ 0000018fba754540] No charmap autodetected, trying the first one
[Parsed_subtitles_6 @ 0000018fba754540] Error getting metadata for embedded font 'couf1256.fon'
[Parsed_subtitles_6 @ 0000018fba754540] No charmap autodetected, trying the first one
[Parsed_subtitles_6 @ 0000018fba754540] Error getting metadata for embedded font 'couf1256.fon'
[Parsed_subtitles_6 @ 0000018fba754540] No charmap autodetected, trying the first one
[Parsed_subtitles_6 @ 0000018fba754540] Error getting metadata for embedded font 'couf1257.fon'
[Parsed_subtitles_6 @ 0000018fba754540] No charmap autodetected, trying the first one
[Parsed_subtitles_6 @ 0000018fba754540] Error getting metadata for embedded font 'couf1257.fon'
[Parsed_subtitles_6 @ 0000018fba754540] No charmap autodetected, trying the first one
[Parsed_subtitles_6 @ 0000018fba754540] Error getting metadata for embedded font 'couf1257.fon'
[Parsed_subtitles_6 @ 0000018fba754540] No charmap autodetected, trying the first one
[Parsed_subtitles_6 @ 0000018fba754540] Error getting metadata for embedded font 'coure.fon'
[Parsed_subtitles_6 @ 0000018fba754540] No charmap autodetected, trying the first one
[Parsed_subtitles_6 @ 0000018fba754540] Error getting metadata for embedded font 'coure.fon'
[Parsed_subtitles_6 @ 0000018fba754540] No charmap autodetected, trying the first one
[Parsed_subtitles_6 @ 0000018fba754540] Error getting metadata for embedded font 'coure.fon'
[Parsed_subtitles_6 @ 0000018fba754540] No charmap autodetected, trying the first one
[Parsed_subtitles_6 @ 0000018fba754540] Error getting metadata for embedded font 'couree.fon'
[Parsed_subtitles_6 @ 0000018fba754540] No charmap autodetected, trying the first one
[Parsed_subtitles_6 @ 0000018fba754540] Error getting metadata for embedded font 'couree.fon'
[Parsed_subtitles_6 @ 0000018fba754540] No charmap autodetected, trying the first one
[Parsed_subtitles_6 @ 0000018fba754540] Error getting metadata for embedded font 'couree.fon'
[Parsed_subtitles_6 @ 0000018fba754540] No charmap autodetected, trying the first one
[Parsed_subtitles_6 @ 0000018fba754540] Error getting metadata for embedded font 'coureg.fon'
[Parsed_subtitles_6 @ 0000018fba754540] No charmap autodetected, trying the first one
[Parsed_subtitles_6 @ 0000018fba754540] Error getting metadata for embedded font 'coureg.fon'
[Parsed_subtitles_6 @ 0000018fba754540] No charmap autodetected, trying the first one
[Parsed_subtitles_6 @ 0000018fba754540] Error getting metadata for embedded font 'coureg.fon'
[Parsed_subtitles_6 @ 0000018fba754540] No charmap autodetected, trying the first one
[Parsed_subtitles_6 @ 0000018fba754540] Error getting metadata for embedded font 'courer.fon'
[Parsed_subtitles_6 @ 0000018fba754540] No charmap autodetected, trying the first one
[Parsed_subtitles_6 @ 0000018fba754540] Error getting metadata for embedded font 'courer.fon'
[Parsed_subtitles_6 @ 0000018fba754540] No charmap autodetected, trying the first one
[Parsed_subtitles_6 @ 0000018fba754540] Error getting metadata for embedded font 'courer.fon'
[Parsed_subtitles_6 @ 0000018fba754540] No charmap autodetected, trying the first one
[Parsed_subtitles_6 @ 0000018fba754540] Error getting metadata for embedded font 'couret.fon'
[Parsed_subtitles_6 @ 0000018fba754540] No charmap autodetected, trying the first one
[Parsed_subtitles_6 @ 0000018fba754540] Error getting metadata for embedded font 'couret.fon'
[Parsed_subtitles_6 @ 0000018fba754540] No charmap autodetected, trying the first one
[Parsed_subtitles_6 @ 0000018fba754540] Error getting metadata for embedded font 'couret.fon'
[Parsed_subtitles_6 @ 0000018fba754540] No charmap autodetected, trying the first one
[Parsed_subtitles_6 @ 0000018fba754540] Error getting metadata for embedded font 'courf.fon'
[Parsed_subtitles_6 @ 0000018fba754540] No charmap autodetected, trying the first one
[Parsed_subtitles_6 @ 0000018fba754540] Error getting metadata for embedded font 'courf.fon'
[Parsed_subtitles_6 @ 0000018fba754540] No charmap autodetected, trying the first one
[Parsed_subtitles_6 @ 0000018fba754540] Error getting metadata for embedded font 'courf.fon'
[Parsed_subtitles_6 @ 0000018fba754540] No charmap autodetected, trying the first one
[Parsed_subtitles_6 @ 0000018fba754540] Error getting metadata for embedded font 'courfe.fon'
[Parsed_subtitles_6 @ 0000018fba754540] No charmap autodetected, trying the first one
[Parsed_subtitles_6 @ 0000018fba754540] Error getting metadata for embedded font 'courfe.fon'
[Parsed_subtitles_6 @ 0000018fba754540] No charmap autodetected, trying the first one
[Parsed_subtitles_6 @ 0000018fba754540] Error getting metadata for embedded font 'courfe.fon'
[Parsed_subtitles_6 @ 0000018fba754540] No charmap autodetected, trying the first one
[Parsed_subtitles_6 @ 0000018fba754540] Error getting metadata for embedded font 'courfg.fon'
[Parsed_subtitles_6 @ 0000018fba754540] No charmap autodetected, trying the first one
[Parsed_subtitles_6 @ 0000018fba754540] Error getting metadata for embedded font 'courfg.fon'
[Parsed_subtitles_6 @ 0000018fba754540] No charmap autodetected, trying the first one
[Parsed_subtitles_6 @ 0000018fba754540] Error getting metadata for embedded font 'courfg.fon'
[Parsed_subtitles_6 @ 0000018fba754540] No charmap autodetected, trying the first one
[Parsed_subtitles_6 @ 0000018fba754540] Error getting metadata for embedded font 'courfr.fon'
[Parsed_subtitles_6 @ 0000018fba754540] No charmap autodetected, trying the first one
[Parsed_subtitles_6 @ 0000018fba754540] Error getting metadata for embedded font 'courfr.fon'
[Parsed_subtitles_6 @ 0000018fba754540] No charmap autodetected, trying the first one
[Parsed_subtitles_6 @ 0000018fba754540] Error getting metadata for embedded font 'courfr.fon'
[Parsed_subtitles_6 @ 0000018fba754540] No charmap autodetected, trying the first one
[Parsed_subtitles_6 @ 0000018fba754540] Error getting metadata for embedded font 'courft.fon'
[Parsed_subtitles_6 @ 0000018fba754540] No charmap autodetected, trying the first one
[Parsed_subtitles_6 @ 0000018fba754540] Error getting metadata for embedded font 'courft.fon'
[Parsed_subtitles_6 @ 0000018fba754540] No charmap autodetected, trying the first one
[Parsed_subtitles_6 @ 0000018fba754540] Error getting metadata for embedded font 'courft.fon'
[Parsed_subtitles_6 @ 0000018fba754540] No charmap autodetected, trying the first one
[Parsed_subtitles_6 @ 0000018fba754540] Error getting metadata for embedded font 'cvgafix.fon'
[Parsed_subtitles_6 @ 0000018fba754540] No charmap autodetected, trying the first one
[Parsed_subtitles_6 @ 0000018fba754540] Error getting metadata for embedded font 'cvgasys.fon'
[Parsed_subtitles_6 @ 0000018fba754540] No charmap autodetected, trying the first one
[Parsed_subtitles_6 @ 0000018fba754540] Error getting metadata for embedded font 'cvgasys.fon'
[Parsed_subtitles_6 @ 0000018fba754540] Error opening memory font 'desktop.ini'
[Parsed_subtitles_6 @ 0000018fba754540] No charmap autodetected, trying the first one
[Parsed_subtitles_6 @ 0000018fba754540] Error getting metadata for embedded font 'dos737.fon'
[Parsed_subtitles_6 @ 0000018fba754540] No charmap autodetected, trying the first one
[Parsed_subtitles_6 @ 0000018fba754540] Error getting metadata for embedded font 'dos737.fon'
[Parsed_subtitles_6 @ 0000018fba754540] No charmap autodetected, trying the first one
[Parsed_subtitles_6 @ 0000018fba754540] Error getting metadata for embedded font 'dos737.fon'
[Parsed_subtitles_6 @ 0000018fba754540] No charmap autodetected, trying the first one
[Parsed_subtitles_6 @ 0000018fba754540] Error getting metadata for embedded font 'dos737.fon'
[Parsed_subtitles_6 @ 0000018fba754540] No charmap autodetected, trying the first one
[Parsed_subtitles_6 @ 0000018fba754540] Error getting metadata for embedded font 'dos737.fon'
[Parsed_subtitles_6 @ 0000018fba754540] No charmap autodetected, trying the first one
[Parsed_subtitles_6 @ 0000018fba754540] Error getting metadata for embedded font 'dos737.fon'
[Parsed_subtitles_6 @ 0000018fba754540] No charmap autodetected, trying the first one
[Parsed_subtitles_6 @ 0000018fba754540] Error getting metadata for embedded font 'dos869.fon'
[Parsed_subtitles_6 @ 0000018fba754540] No charmap autodetected, trying the first one
[Parsed_subtitles_6 @ 0000018fba754540] Error getting metadata for embedded font 'dos869.fon'
[Parsed_subtitles_6 @ 0000018fba754540] No charmap autodetected, trying the first one
[Parsed_subtitles_6 @ 0000018fba754540] Error getting metadata for embedded font 'dos869.fon'
[Parsed_subtitles_6 @ 0000018fba754540] No charmap autodetected, trying the first one
[Parsed_subtitles_6 @ 0000018fba754540] Error getting metadata for embedded font 'dos869.fon'
[Parsed_subtitles_6 @ 0000018fba754540] No charmap autodetected, trying the first one
[Parsed_subtitles_6 @ 0000018fba754540] Error getting metadata for embedded font 'dos869.fon'
[Parsed_subtitles_6 @ 0000018fba754540] No charmap autodetected, trying the first one
[Parsed_subtitles_6 @ 0000018fba754540] Error getting metadata for embedded font 'dos869.fon'
[Parsed_subtitles_6 @ 0000018fba754540] No charmap autodetected, trying the first one
[Parsed_subtitles_6 @ 0000018fba754540] Error getting metadata for embedded font 'dosapp.fon'
[Parsed_subtitles_6 @ 0000018fba754540] No charmap autodetected, trying the first one
[Parsed_subtitles_6 @ 0000018fba754540] Error getting metadata for embedded font 'dosapp.fon'
[Parsed_subtitles_6 @ 0000018fba754540] No charmap autodetected, trying the first one
[Parsed_subtitles_6 @ 0000018fba754540] Error getting metadata for embedded font 'dosapp.fon'
[Parsed_subtitles_6 @ 0000018fba754540] No charmap autodetected, trying the first one
[Parsed_subtitles_6 @ 0000018fba754540] Error getting metadata for embedded font 'dosapp.fon'
[Parsed_subtitles_6 @ 0000018fba754540] No charmap autodetected, trying the first one
[Parsed_subtitles_6 @ 0000018fba754540] Error getting metadata for embedded font 'dosapp.fon'
[Parsed_subtitles_6 @ 0000018fba754540] No charmap autodetected, trying the first one
[Parsed_subtitles_6 @ 0000018fba754540] Error getting metadata for embedded font 'dosapp.fon'
[Parsed_subtitles_6 @ 0000018fba754540] No charmap autodetected, trying the first one
[Parsed_subtitles_6 @ 0000018fba754540] Error getting metadata for embedded font 'ega40737.fon'
[Parsed_subtitles_6 @ 0000018fba754540] No charmap autodetected, trying the first one
[Parsed_subtitles_6 @ 0000018fba754540] Error getting metadata for embedded font 'ega40850.fon'
[Parsed_subtitles_6 @ 0000018fba754540] No charmap autodetected, trying the first one
[Parsed_subtitles_6 @ 0000018fba754540] Error getting metadata for embedded font 'ega40852.fon'
[Parsed_subtitles_6 @ 0000018fba754540] No charmap autodetected, trying the first one
[Parsed_subtitles_6 @ 0000018fba754540] Error getting metadata for embedded font 'ega40857.fon'
[Parsed_subtitles_6 @ 0000018fba754540] No charmap autodetected, trying the first one
[Parsed_subtitles_6 @ 0000018fba754540] Error getting metadata for embedded font 'ega40866.fon'
[Parsed_subtitles_6 @ 0000018fba754540] No charmap autodetected, trying the first one
[Parsed_subtitles_6 @ 0000018fba754540] Error getting metadata for embedded font 'ega40869.fon'
[Parsed_subtitles_6 @ 0000018fba754540] No charmap autodetected, trying the first one
[Parsed_subtitles_6 @ 0000018fba754540] Error getting metadata for embedded font 'ega40woa.fon'
[Parsed_subtitles_6 @ 0000018fba754540] No charmap autodetected, trying the first one
[Parsed_subtitles_6 @ 0000018fba754540] Error getting metadata for embedded font 'ega80737.fon'
[Parsed_subtitles_6 @ 0000018fba754540] No charmap autodetected, trying the first one
[Parsed_subtitles_6 @ 0000018fba754540] Error getting metadata for embedded font 'ega80850.fon'
[Parsed_subtitles_6 @ 0000018fba754540] No charmap autodetected, trying the first one
[Parsed_subtitles_6 @ 0000018fba754540] Error getting metadata for embedded font 'ega80852.fon'
[Parsed_subtitles_6 @ 0000018fba754540] No charmap autodetected, trying the first one
[Parsed_subtitles_6 @ 0000018fba754540] Error getting metadata for embedded font 'ega80857.fon'
[Parsed_subtitles_6 @ 0000018fba754540] No charmap autodetected, trying the first one
[Parsed_subtitles_6 @ 0000018fba754540] Error getting metadata for embedded font 'ega80866.fon'
[Parsed_subtitles_6 @ 0000018fba754540] No charmap autodetected, trying the first one
[Parsed_subtitles_6 @ 0000018fba754540] Error getting metadata for embedded font 'ega80869.fon'
[Parsed_subtitles_6 @ 0000018fba754540] No charmap autodetected, trying the first one
[Parsed_subtitles_6 @ 0000018fba754540] Error getting metadata for embedded font 'ega80woa.fon'
[Parsed_subtitles_6 @ 0000018fba754540] Error opening memory font 'fms_metadata.xml'
[Parsed_subtitles_6 @ 0000018fba754540] Error opening memory font 'GlobalMonospace.CompositeFont'
[Parsed_subtitles_6 @ 0000018fba754540] Error opening memory font 'GlobalSansSerif.CompositeFont'
[Parsed_subtitles_6 @ 0000018fba754540] Error opening memory font 'GlobalSerif.CompositeFont'
[Parsed_subtitles_6 @ 0000018fba754540] Error opening memory font 'GlobalUserInterface.CompositeFont'
[Parsed_subtitles_6 @ 0000018fba754540] No charmap autodetected, trying the first one
[Parsed_subtitles_6 @ 0000018fba754540] Error getting metadata for embedded font 'h8514fix.fon'
[Parsed_subtitles_6 @ 0000018fba754540] No charmap autodetected, trying the first one
[Parsed_subtitles_6 @ 0000018fba754540] Error getting metadata for embedded font 'h8514oem.fon'
[Parsed_subtitles_6 @ 0000018fba754540] No charmap autodetected, trying the first one
[Parsed_subtitles_6 @ 0000018fba754540] Error getting metadata for embedded font 'h8514sys.fon'
[Parsed_subtitles_6 @ 0000018fba754540] No charmap autodetected, trying the first one
[Parsed_subtitles_6 @ 0000018fba754540] Error getting metadata for embedded font 'hvgafix.fon'
[Parsed_subtitles_6 @ 0000018fba754540] No charmap autodetected, trying the first one
[Parsed_subtitles_6 @ 0000018fba754540] Error getting metadata for embedded font 'hvgasys.fon'
[Parsed_subtitles_6 @ 0000018fba754540] No charmap autodetected, trying the first one
[Parsed_subtitles_6 @ 0000018fba754540] Error getting metadata for embedded font 'j8514fix.fon'
[Parsed_subtitles_6 @ 0000018fba754540] No charmap autodetected, trying the first one
[Parsed_subtitles_6 @ 0000018fba754540] Error getting metadata for embedded font 'j8514oem.fon'
[Parsed_subtitles_6 @ 0000018fba754540] No charmap autodetected, trying the first one
[Parsed_subtitles_6 @ 0000018fba754540] Error getting metadata for embedded font 'j8514sys.fon'
[Parsed_subtitles_6 @ 0000018fba754540] No charmap autodetected, trying the first one
[Parsed_subtitles_6 @ 0000018fba754540] Error getting metadata for embedded font 'jsmalle.fon'
[Parsed_subtitles_6 @ 0000018fba754540] No charmap autodetected, trying the first one
[Parsed_subtitles_6 @ 0000018fba754540] Error getting metadata for embedded font 'jsmalle.fon'
[Parsed_subtitles_6 @ 0000018fba754540] No charmap autodetected, trying the first one
[Parsed_subtitles_6 @ 0000018fba754540] Error getting metadata for embedded font 'jsmalle.fon'
[Parsed_subtitles_6 @ 0000018fba754540] No charmap autodetected, trying the first one
[Parsed_subtitles_6 @ 0000018fba754540] Error getting metadata for embedded font 'jsmalle.fon'
[Parsed_subtitles_6 @ 0000018fba754540] No charmap autodetected, trying the first one
[Parsed_subtitles_6 @ 0000018fba754540] Error getting metadata for embedded font 'jsmalle.fon'
[Parsed_subtitles_6 @ 0000018fba754540] No charmap autodetected, trying the first one
[Parsed_subtitles_6 @ 0000018fba754540] Error getting metadata for embedded font 'jsmalle.fon'
[Parsed_subtitles_6 @ 0000018fba754540] No charmap autodetected, trying the first one
[Parsed_subtitles_6 @ 0000018fba754540] Error getting metadata for embedded font 'jsmalle.fon'
[Parsed_subtitles_6 @ 0000018fba754540] No charmap autodetected, trying the first one
[Parsed_subtitles_6 @ 0000018fba754540] Error getting metadata for embedded font 'jsmalle.fon'
[Parsed_subtitles_6 @ 0000018fba754540] No charmap autodetected, trying the first one
[Parsed_subtitles_6 @ 0000018fba754540] Error getting metadata for embedded font 'jsmalle.fon'
[Parsed_subtitles_6 @ 0000018fba754540] No charmap autodetected, trying the first one
[Parsed_subtitles_6 @ 0000018fba754540] Error getting metadata for embedded font 'jsmalle.fon'
[Parsed_subtitles_6 @ 0000018fba754540] No charmap autodetected, trying the first one
[Parsed_subtitles_6 @ 0000018fba754540] Error getting metadata for embedded font 'jsmalle.fon'
[Parsed_subtitles_6 @ 0000018fba754540] No charmap autodetected, trying the first one
[Parsed_subtitles_6 @ 0000018fba754540] Error getting metadata for embedded font 'jsmalle.fon'
[Parsed_subtitles_6 @ 0000018fba754540] No charmap autodetected, trying the first one
[Parsed_subtitles_6 @ 0000018fba754540] Error getting metadata for embedded font 'jsmalle.fon'
[Parsed_subtitles_6 @ 0000018fba754540] No charmap autodetected, trying the first one
[Parsed_subtitles_6 @ 0000018fba754540] Error getting metadata for embedded font 'jsmalle.fon'
[Parsed_subtitles_6 @ 0000018fba754540] No charmap autodetected, trying the first one
[Parsed_subtitles_6 @ 0000018fba754540] Error getting metadata for embedded font 'jsmallf.fon'
[Parsed_subtitles_6 @ 0000018fba754540] No charmap autodetected, trying the first one
[Parsed_subtitles_6 @ 0000018fba754540] Error getting metadata for embedded font 'jsmallf.fon'
[Parsed_subtitles_6 @ 0000018fba754540] No charmap autodetected, trying the first one
[Parsed_subtitles_6 @ 0000018fba754540] Error getting metadata for embedded font 'jsmallf.fon'
[Parsed_subtitles_6 @ 0000018fba754540] No charmap autodetected, trying the first one
[Parsed_subtitles_6 @ 0000018fba754540] Error getting metadata for embedded font 'jsmallf.fon'
[Parsed_subtitles_6 @ 0000018fba754540] No charmap autodetected, trying the first one
[Parsed_subtitles_6 @ 0000018fba754540] Error getting metadata for embedded font 'jsmallf.fon'
[Parsed_subtitles_6 @ 0000018fba754540] No charmap autodetected, trying the first one
[Parsed_subtitles_6 @ 0000018fba754540] Error getting metadata for embedded font 'jsmallf.fon'
[Parsed_subtitles_6 @ 0000018fba754540] No charmap autodetected, trying the first one
[Parsed_subtitles_6 @ 0000018fba754540] Error getting metadata for embedded font 'jsmallf.fon'
[Parsed_subtitles_6 @ 0000018fba754540] No charmap autodetected, trying the first one
[Parsed_subtitles_6 @ 0000018fba754540] Error getting metadata for embedded font 'jsmallf.fon'
[Parsed_subtitles_6 @ 0000018fba754540] No charmap autodetected, trying the first one
[Parsed_subtitles_6 @ 0000018fba754540] Error getting metadata for embedded font 'jsmallf.fon'
[Parsed_subtitles_6 @ 0000018fba754540] No charmap autodetected, trying the first one
[Parsed_subtitles_6 @ 0000018fba754540] Error getting metadata for embedded font 'jsmallf.fon'
[Parsed_subtitles_6 @ 0000018fba754540] No charmap autodetected, trying the first one
[Parsed_subtitles_6 @ 0000018fba754540] Error getting metadata for embedded font 'jsmallf.fon'
[Parsed_subtitles_6 @ 0000018fba754540] No charmap autodetected, trying the first one
[Parsed_subtitles_6 @ 0000018fba754540] Error getting metadata for embedded font 'jsmallf.fon'
[Parsed_subtitles_6 @ 0000018fba754540] No charmap autodetected, trying the first one
[Parsed_subtitles_6 @ 0000018fba754540] Error getting metadata for embedded font 'jvgafix.fon'
[Parsed_subtitles_6 @ 0000018fba754540] No charmap autodetected, trying the first one
[Parsed_subtitles_6 @ 0000018fba754540] Error getting metadata for embedded font 'jvgasys.fon'
[Parsed_subtitles_6 @ 0000018fba754540] Error opening memory font 'modern.fon'
[Parsed_subtitles_6 @ 0000018fba754540] Error opening memory font 'roman.fon'
[Parsed_subtitles_6 @ 0000018fba754540] No charmap autodetected, trying the first one
[Parsed_subtitles_6 @ 0000018fba754540] Error getting metadata for embedded font 's8514fix.fon'
[Parsed_subtitles_6 @ 0000018fba754540] No charmap autodetected, trying the first one
[Parsed_subtitles_6 @ 0000018fba754540] Error getting metadata for embedded font 's8514oem.fon'
[Parsed_subtitles_6 @ 0000018fba754540] No charmap autodetected, trying the first one
[Parsed_subtitles_6 @ 0000018fba754540] Error getting metadata for embedded font 's8514sys.fon'
[Parsed_subtitles_6 @ 0000018fba754540] No charmap autodetected, trying the first one
[Parsed_subtitles_6 @ 0000018fba754540] Error getting metadata for embedded font 's8514sys.fon'
[Parsed_subtitles_6 @ 0000018fba754540] Error opening memory font 'script.fon'
[Parsed_subtitles_6 @ 0000018fba754540] No charmap autodetected, trying the first one
[Parsed_subtitles_6 @ 0000018fba754540] Error getting metadata for embedded font 'sere1255.fon'
[Parsed_subtitles_6 @ 0000018fba754540] No charmap autodetected, trying the first one
[Parsed_subtitles_6 @ 0000018fba754540] Error getting metadata for embedded font 'sere1255.fon'
[Parsed_subtitles_6 @ 0000018fba754540] No charmap autodetected, trying the first one
[Parsed_subtitles_6 @ 0000018fba754540] Error getting metadata for embedded font 'sere1255.fon'
[Parsed_subtitles_6 @ 0000018fba754540] No charmap autodetected, trying the first one
[Parsed_subtitles_6 @ 0000018fba754540] Error getting metadata for embedded font 'sere1255.fon'
[Parsed_subtitles_6 @ 0000018fba754540] No charmap autodetected, trying the first one
[Parsed_subtitles_6 @ 0000018fba754540] Error getting metadata for embedded font 'sere1255.fon'
[Parsed_subtitles_6 @ 0000018fba754540] No charmap autodetected, trying the first one
[Parsed_subtitles_6 @ 0000018fba754540] Error getting metadata for embedded font 'sere1255.fon'
[Parsed_subtitles_6 @ 0000018fba754540] No charmap autodetected, trying the first one
[Parsed_subtitles_6 @ 0000018fba754540] Error getting metadata for embedded font 'sere1256.fon'
[Parsed_subtitles_6 @ 0000018fba754540] No charmap autodetected, trying the first one
[Parsed_subtitles_6 @ 0000018fba754540] Error getting metadata for embedded font 'sere1256.fon'
[Parsed_subtitles_6 @ 0000018fba754540] No charmap autodetected, trying the first one
[Parsed_subtitles_6 @ 0000018fba754540] Error getting metadata for embedded font 'sere1256.fon'
[Parsed_subtitles_6 @ 0000018fba754540] No charmap autodetected, trying the first one
[Parsed_subtitles_6 @ 0000018fba754540] Error getting metadata for embedded font 'sere1256.fon'
[Parsed_subtitles_6 @ 0000018fba754540] No charmap autodetected, trying the first one
[Parsed_subtitles_6 @ 0000018fba754540] Error getting metadata for embedded font 'sere1256.fon'
[Parsed_subtitles_6 @ 0000018fba754540] No charmap autodetected, trying the first one
[Parsed_subtitles_6 @ 0000018fba754540] Error getting metadata for embedded font 'sere1256.fon'
[Parsed_subtitles_6 @ 0000018fba754540] No charmap autodetected, trying the first one
[Parsed_subtitles_6 @ 0000018fba754540] Error getting metadata for embedded font 'sere1257.fon'
[Parsed_subtitles_6 @ 0000018fba754540] No charmap autodetected, trying the first one
[Parsed_subtitles_6 @ 0000018fba754540] Error getting metadata for embedded font 'sere1257.fon'
[Parsed_subtitles_6 @ 0000018fba754540] No charmap autodetected, trying the first one
[Parsed_subtitles_6 @ 0000018fba754540] Error getting metadata for embedded font 'sere1257.fon'
[Parsed_subtitles_6 @ 0000018fba754540] No charmap autodetected, trying the first one
[Parsed_subtitles_6 @ 0000018fba754540] Error getting metadata for embedded font 'sere1257.fon'
[Parsed_subtitles_6 @ 0000018fba754540] No charmap autodetected, trying the first one
[Parsed_subtitles_6 @ 0000018fba754540] Error getting metadata for embedded font 'sere1257.fon'
[Parsed_subtitles_6 @ 0000018fba754540] No charmap autodetected, trying the first one
[Parsed_subtitles_6 @ 0000018fba754540] Error getting metadata for embedded font 'sere1257.fon'
[Parsed_subtitles_6 @ 0000018fba754540] No charmap autodetected, trying the first one
[Parsed_subtitles_6 @ 0000018fba754540] Error getting metadata for embedded font 'serf1255.fon'
[Parsed_subtitles_6 @ 0000018fba754540] No charmap autodetected, trying the first one
[Parsed_subtitles_6 @ 0000018fba754540] Error getting metadata for embedded font 'serf1255.fon'
[Parsed_subtitles_6 @ 0000018fba754540] No charmap autodetected, trying the first one
[Parsed_subtitles_6 @ 0000018fba754540] Error getting metadata for embedded font 'serf1255.fon'
[Parsed_subtitles_6 @ 0000018fba754540] No charmap autodetected, trying the first one
[Parsed_subtitles_6 @ 0000018fba754540] Error getting metadata for embedded font 'serf1255.fon'
[Parsed_subtitles_6 @ 0000018fba754540] No charmap autodetected, trying the first one
[Parsed_subtitles_6 @ 0000018fba754540] Error getting metadata for embedded font 'serf1255.fon'
[Parsed_subtitles_6 @ 0000018fba754540] No charmap autodetected, trying the first one
[Parsed_subtitles_6 @ 0000018fba754540] Error getting metadata for embedded font 'serf1255.fon'
[Parsed_subtitles_6 @ 0000018fba754540] No charmap autodetected, trying the first one
[Parsed_subtitles_6 @ 0000018fba754540] Error getting metadata for embedded font 'serf1256.fon'
[Parsed_subtitles_6 @ 0000018fba754540] No charmap autodetected, trying the first one
[Parsed_subtitles_6 @ 0000018fba754540] Error getting metadata for embedded font 'serf1256.fon'
[Parsed_subtitles_6 @ 0000018fba754540] No charmap autodetected, trying the first one
[Parsed_subtitles_6 @ 0000018fba754540] Error getting metadata for embedded font 'serf1256.fon'
[Parsed_subtitles_6 @ 0000018fba754540] No charmap autodetected, trying the first one
[Parsed_subtitles_6 @ 0000018fba754540] Error getting metadata for embedded font 'serf1256.fon'
[Parsed_subtitles_6 @ 0000018fba754540] No charmap autodetected, trying the first one
[Parsed_subtitles_6 @ 0000018fba754540] Error getting metadata for embedded font 'serf1256.fon'
[Parsed_subtitles_6 @ 0000018fba754540] No charmap autodetected, trying the first one
[Parsed_subtitles_6 @ 0000018fba754540] Error getting metadata for embedded font 'serf1256.fon'
[Parsed_subtitles_6 @ 0000018fba754540] No charmap autodetected, trying the first one
[Parsed_subtitles_6 @ 0000018fba754540] Error getting metadata for embedded font 'serf1257.fon'
[Parsed_subtitles_6 @ 0000018fba754540] No charmap autodetected, trying the first one
[Parsed_subtitles_6 @ 0000018fba754540] Error getting metadata for embedded font 'serf1257.fon'
[Parsed_subtitles_6 @ 0000018fba754540] No charmap autodetected, trying the first one
[Parsed_subtitles_6 @ 0000018fba754540] Error getting metadata for embedded font 'serf1257.fon'
[Parsed_subtitles_6 @ 0000018fba754540] No charmap autodetected, trying the first one
[Parsed_subtitles_6 @ 0000018fba754540] Error getting metadata for embedded font 'serf1257.fon'
[Parsed_subtitles_6 @ 0000018fba754540] No charmap autodetected, trying the first one
[Parsed_subtitles_6 @ 0000018fba754540] Error getting metadata for embedded font 'serf1257.fon'
[Parsed_subtitles_6 @ 0000018fba754540] No charmap autodetected, trying the first one
[Parsed_subtitles_6 @ 0000018fba754540] Error getting metadata for embedded font 'serf1257.fon'
[Parsed_subtitles_6 @ 0000018fba754540] No charmap autodetected, trying the first one
[Parsed_subtitles_6 @ 0000018fba754540] Error getting metadata for embedded font 'serife.fon'
[Parsed_subtitles_6 @ 0000018fba754540] No charmap autodetected, trying the first one
[Parsed_subtitles_6 @ 0000018fba754540] Error getting metadata for embedded font 'serife.fon'
[Parsed_subtitles_6 @ 0000018fba754540] No charmap autodetected, trying the first one
[Parsed_subtitles_6 @ 0000018fba754540] Error getting metadata for embedded font 'serife.fon'
[Parsed_subtitles_6 @ 0000018fba754540] No charmap autodetected, trying the first one
[Parsed_subtitles_6 @ 0000018fba754540] Error getting metadata for embedded font 'serife.fon'
[Parsed_subtitles_6 @ 0000018fba754540] No charmap autodetected, trying the first one
[Parsed_subtitles_6 @ 0000018fba754540] Error getting metadata for embedded font 'serife.fon'
[Parsed_subtitles_6 @ 0000018fba754540] No charmap autodetected, trying the first one
[Parsed_subtitles_6 @ 0000018fba754540] Error getting metadata for embedded font 'serife.fon'
[Parsed_subtitles_6 @ 0000018fba754540] No charmap autodetected, trying the first one
[Parsed_subtitles_6 @ 0000018fba754540] Error getting metadata for embedded font 'serifee.fon'
[Parsed_subtitles_6 @ 0000018fba754540] No charmap autodetected, trying the first one
[Parsed_subtitles_6 @ 0000018fba754540] Error getting metadata for embedded font 'serifee.fon'
[Parsed_subtitles_6 @ 0000018fba754540] No charmap autodetected, trying the first one
[Parsed_subtitles_6 @ 0000018fba754540] Error getting metadata for embedded font 'serifee.fon'
[Parsed_subtitles_6 @ 0000018fba754540] No charmap autodetected, trying the first one
[Parsed_subtitles_6 @ 0000018fba754540] Error getting metadata for embedded font 'serifee.fon'
[Parsed_subtitles_6 @ 0000018fba754540] No charmap autodetected, trying the first one
[Parsed_subtitles_6 @ 0000018fba754540] Error getting metadata for embedded font 'serifee.fon'
[Parsed_subtitles_6 @ 0000018fba754540] No charmap autodetected, trying the first one
[Parsed_subtitles_6 @ 0000018fba754540] Error getting metadata for embedded font 'serifee.fon'
[Parsed_subtitles_6 @ 0000018fba754540] No charmap autodetected, trying the first one
[Parsed_subtitles_6 @ 0000018fba754540] Error getting metadata for embedded font 'serifeg.fon'
[Parsed_subtitles_6 @ 0000018fba754540] No charmap autodetected, trying the first one
[Parsed_subtitles_6 @ 0000018fba754540] Error getting metadata for embedded font 'serifeg.fon'
[Parsed_subtitles_6 @ 0000018fba754540] No charmap autodetected, trying the first one
[Parsed_subtitles_6 @ 0000018fba754540] Error getting metadata for embedded font 'serifeg.fon'
[Parsed_subtitles_6 @ 0000018fba754540] No charmap autodetected, trying the first one
[Parsed_subtitles_6 @ 0000018fba754540] Error getting metadata for embedded font 'serifeg.fon'
[Parsed_subtitles_6 @ 0000018fba754540] No charmap autodetected, trying the first one
[Parsed_subtitles_6 @ 0000018fba754540] Error getting metadata for embedded font 'serifeg.fon'
[Parsed_subtitles_6 @ 0000018fba754540] No charmap autodetected, trying the first one
[Parsed_subtitles_6 @ 0000018fba754540] Error getting metadata for embedded font 'serifeg.fon'
[Parsed_subtitles_6 @ 0000018fba754540] No charmap autodetected, trying the first one
[Parsed_subtitles_6 @ 0000018fba754540] Error getting metadata for embedded font 'serifer.fon'
[Parsed_subtitles_6 @ 0000018fba754540] No charmap autodetected, trying the first one
[Parsed_subtitles_6 @ 0000018fba754540] Error getting metadata for embedded font 'serifer.fon'
[Parsed_subtitles_6 @ 0000018fba754540] No charmap autodetected, trying the first one
[Parsed_subtitles_6 @ 0000018fba754540] Error getting metadata for embedded font 'serifer.fon'
[Parsed_subtitles_6 @ 0000018fba754540] No charmap autodetected, trying the first one
[Parsed_subtitles_6 @ 0000018fba754540] Error getting metadata for embedded font 'serifer.fon'
[Parsed_subtitles_6 @ 0000018fba754540] No charmap autodetected, trying the first one
[Parsed_subtitles_6 @ 0000018fba754540] Error getting metadata for embedded font 'serifer.fon'
[Parsed_subtitles_6 @ 0000018fba754540] No charmap autodetected, trying the first one
[Parsed_subtitles_6 @ 0000018fba754540] Error getting metadata for embedded font 'serifer.fon'
[Parsed_subtitles_6 @ 0000018fba754540] No charmap autodetected, trying the first one
[Parsed_subtitles_6 @ 0000018fba754540] Error getting metadata for embedded font 'serifet.fon'
[Parsed_subtitles_6 @ 0000018fba754540] No charmap autodetected, trying the first one
[Parsed_subtitles_6 @ 0000018fba754540] Error getting metadata for embedded font 'serifet.fon'
[Parsed_subtitles_6 @ 0000018fba754540] No charmap autodetected, trying the first one
[Parsed_subtitles_6 @ 0000018fba754540] Error getting metadata for embedded font 'serifet.fon'
[Parsed_subtitles_6 @ 0000018fba754540] No charmap autodetected, trying the first one
[Parsed_subtitles_6 @ 0000018fba754540] Error getting metadata for embedded font 'serifet.fon'
[Parsed_subtitles_6 @ 0000018fba754540] No charmap autodetected, trying the first one
[Parsed_subtitles_6 @ 0000018fba754540] Error getting metadata for embedded font 'serifet.fon'
[Parsed_subtitles_6 @ 0000018fba754540] No charmap autodetected, trying the first one
[Parsed_subtitles_6 @ 0000018fba754540] Error getting metadata for embedded font 'serifet.fon'
[Parsed_subtitles_6 @ 0000018fba754540] No charmap autodetected, trying the first one
[Parsed_subtitles_6 @ 0000018fba754540] Error getting metadata for embedded font 'seriff.fon'
[Parsed_subtitles_6 @ 0000018fba754540] No charmap autodetected, trying the first one
[Parsed_subtitles_6 @ 0000018fba754540] Error getting metadata for embedded font 'seriff.fon'
[Parsed_subtitles_6 @ 0000018fba754540] No charmap autodetected, trying the first one
[Parsed_subtitles_6 @ 0000018fba754540] Error getting metadata for embedded font 'seriff.fon'
[Parsed_subtitles_6 @ 0000018fba754540] No charmap autodetected, trying the first one
[Parsed_subtitles_6 @ 0000018fba754540] Error getting metadata for embedded font 'seriff.fon'
[Parsed_subtitles_6 @ 0000018fba754540] No charmap autodetected, trying the first one
[Parsed_subtitles_6 @ 0000018fba754540] Error getting metadata for embedded font 'seriff.fon'
[Parsed_subtitles_6 @ 0000018fba754540] No charmap autodetected, trying the first one
[Parsed_subtitles_6 @ 0000018fba754540] Error getting metadata for embedded font 'seriff.fon'
[Parsed_subtitles_6 @ 0000018fba754540] No charmap autodetected, trying the first one
[Parsed_subtitles_6 @ 0000018fba754540] Error getting metadata for embedded font 'seriffe.fon'
[Parsed_subtitles_6 @ 0000018fba754540] No charmap autodetected, trying the first one
[Parsed_subtitles_6 @ 0000018fba754540] Error getting metadata for embedded font 'seriffe.fon'
[Parsed_subtitles_6 @ 0000018fba754540] No charmap autodetected, trying the first one
[Parsed_subtitles_6 @ 0000018fba754540] Error getting metadata for embedded font 'seriffe.fon'
[Parsed_subtitles_6 @ 0000018fba754540] No charmap autodetected, trying the first one
[Parsed_subtitles_6 @ 0000018fba754540] Error getting metadata for embedded font 'seriffe.fon'
[Parsed_subtitles_6 @ 0000018fba754540] No charmap autodetected, trying the first one
[Parsed_subtitles_6 @ 0000018fba754540] Error getting metadata for embedded font 'seriffe.fon'
[Parsed_subtitles_6 @ 0000018fba754540] No charmap autodetected, trying the first one
[Parsed_subtitles_6 @ 0000018fba754540] Error getting metadata for embedded font 'seriffe.fon'
[Parsed_subtitles_6 @ 0000018fba754540] No charmap autodetected, trying the first one
[Parsed_subtitles_6 @ 0000018fba754540] Error getting metadata for embedded font 'seriffg.fon'
[Parsed_subtitles_6 @ 0000018fba754540] No charmap autodetected, trying the first one
[Parsed_subtitles_6 @ 0000018fba754540] Error getting metadata for embedded font 'seriffg.fon'
[Parsed_subtitles_6 @ 0000018fba754540] No charmap autodetected, trying the first one
[Parsed_subtitles_6 @ 0000018fba754540] Error getting metadata for embedded font 'seriffg.fon'
[Parsed_subtitles_6 @ 0000018fba754540] No charmap autodetected, trying the first one
[Parsed_subtitles_6 @ 0000018fba754540] Error getting metadata for embedded font 'seriffg.fon'
[Parsed_subtitles_6 @ 0000018fba754540] No charmap autodetected, trying the first one
[Parsed_subtitles_6 @ 0000018fba754540] Error getting metadata for embedded font 'seriffg.fon'
[Parsed_subtitles_6 @ 0000018fba754540] No charmap autodetected, trying the first one
[Parsed_subtitles_6 @ 0000018fba754540] Error getting metadata for embedded font 'seriffg.fon'
[Parsed_subtitles_6 @ 0000018fba754540] No charmap autodetected, trying the first one
[Parsed_subtitles_6 @ 0000018fba754540] Error getting metadata for embedded font 'seriffr.fon'
[Parsed_subtitles_6 @ 0000018fba754540] No charmap autodetected, trying the first one
[Parsed_subtitles_6 @ 0000018fba754540] Error getting metadata for embedded font 'seriffr.fon'
[Parsed_subtitles_6 @ 0000018fba754540] No charmap autodetected, trying the first one
[Parsed_subtitles_6 @ 0000018fba754540] Error getting metadata for embedded font 'seriffr.fon'
[Parsed_subtitles_6 @ 0000018fba754540] No charmap autodetected, trying the first one
[Parsed_subtitles_6 @ 0000018fba754540] Error getting metadata for embedded font 'seriffr.fon'
[Parsed_subtitles_6 @ 0000018fba754540] No charmap autodetected, trying the first one
[Parsed_subtitles_6 @ 0000018fba754540] Error getting metadata for embedded font 'seriffr.fon'
[Parsed_subtitles_6 @ 0000018fba754540] No charmap autodetected, trying the first one
[Parsed_subtitles_6 @ 0000018fba754540] Error getting metadata for embedded font 'seriffr.fon'
[Parsed_subtitles_6 @ 0000018fba754540] No charmap autodetected, trying the first one
[Parsed_subtitles_6 @ 0000018fba754540] Error getting metadata for embedded font 'serifft.fon'
[Parsed_subtitles_6 @ 0000018fba754540] No charmap autodetected, trying the first one
[Parsed_subtitles_6 @ 0000018fba754540] Error getting metadata for embedded font 'serifft.fon'
[Parsed_subtitles_6 @ 0000018fba754540] No charmap autodetected, trying the first one
[Parsed_subtitles_6 @ 0000018fba754540] Error getting metadata for embedded font 'serifft.fon'
[Parsed_subtitles_6 @ 0000018fba754540] No charmap autodetected, trying the first one
[Parsed_subtitles_6 @ 0000018fba754540] Error getting metadata for embedded font 'serifft.fon'
[Parsed_subtitles_6 @ 0000018fba754540] No charmap autodetected, trying the first one
[Parsed_subtitles_6 @ 0000018fba754540] Error getting metadata for embedded font 'serifft.fon'
[Parsed_subtitles_6 @ 0000018fba754540] No charmap autodetected, trying the first one
[Parsed_subtitles_6 @ 0000018fba754540] Error getting metadata for embedded font 'serifft.fon'
[Parsed_subtitles_6 @ 0000018fba754540] No charmap autodetected, trying the first one
[Parsed_subtitles_6 @ 0000018fba754540] Error getting metadata for embedded font 'smae1255.fon'
[Parsed_subtitles_6 @ 0000018fba754540] No charmap autodetected, trying the first one
[Parsed_subtitles_6 @ 0000018fba754540] Error getting metadata for embedded font 'smae1255.fon'
[Parsed_subtitles_6 @ 0000018fba754540] No charmap autodetected, trying the first one
[Parsed_subtitles_6 @ 0000018fba754540] Error getting metadata for embedded font 'smae1255.fon'
[Parsed_subtitles_6 @ 0000018fba754540] No charmap autodetected, trying the first one
[Parsed_subtitles_6 @ 0000018fba754540] Error getting metadata for embedded font 'smae1255.fon'
[Parsed_subtitles_6 @ 0000018fba754540] No charmap autodetected, trying the first one
[Parsed_subtitles_6 @ 0000018fba754540] Error getting metadata for embedded font 'smae1255.fon'
[Parsed_subtitles_6 @ 0000018fba754540] No charmap autodetected, trying the first one
[Parsed_subtitles_6 @ 0000018fba754540] Error getting metadata for embedded font 'smae1255.fon'
[Parsed_subtitles_6 @ 0000018fba754540] No charmap autodetected, trying the first one
[Parsed_subtitles_6 @ 0000018fba754540] Error getting metadata for embedded font 'smae1255.fon'
[Parsed_subtitles_6 @ 0000018fba754540] No charmap autodetected, trying the first one
[Parsed_subtitles_6 @ 0000018fba754540] Error getting metadata for embedded font 'smae1255.fon'
[Parsed_subtitles_6 @ 0000018fba754540] No charmap autodetected, trying the first one
[Parsed_subtitles_6 @ 0000018fba754540] Error getting metadata for embedded font 'smae1256.fon'
[Parsed_subtitles_6 @ 0000018fba754540] No charmap autodetected, trying the first one
[Parsed_subtitles_6 @ 0000018fba754540] Error getting metadata for embedded font 'smae1256.fon'
[Parsed_subtitles_6 @ 0000018fba754540] No charmap autodetected, trying the first one
[Parsed_subtitles_6 @ 0000018fba754540] Error getting metadata for embedded font 'smae1256.fon'
[Parsed_subtitles_6 @ 0000018fba754540] No charmap autodetected, trying the first one
[Parsed_subtitles_6 @ 0000018fba754540] Error getting metadata for embedded font 'smae1256.fon'
[Parsed_subtitles_6 @ 0000018fba754540] No charmap autodetected, trying the first one
[Parsed_subtitles_6 @ 0000018fba754540] Error getting metadata for embedded font 'smae1256.fon'
[Parsed_subtitles_6 @ 0000018fba754540] No charmap autodetected, trying the first one
[Parsed_subtitles_6 @ 0000018fba754540] Error getting metadata for embedded font 'smae1256.fon'
[Parsed_subtitles_6 @ 0000018fba754540] No charmap autodetected, trying the first one
[Parsed_subtitles_6 @ 0000018fba754540] Error getting metadata for embedded font 'smae1256.fon'
[Parsed_subtitles_6 @ 0000018fba754540] No charmap autodetected, trying the first one
[Parsed_subtitles_6 @ 0000018fba754540] Error getting metadata for embedded font 'smae1256.fon'
[Parsed_subtitles_6 @ 0000018fba754540] No charmap autodetected, trying the first one
[Parsed_subtitles_6 @ 0000018fba754540] Error getting metadata for embedded font 'smae1256.fon'
[Parsed_subtitles_6 @ 0000018fba754540] No charmap autodetected, trying the first one
[Parsed_subtitles_6 @ 0000018fba754540] Error getting metadata for embedded font 'smae1256.fon'
[Parsed_subtitles_6 @ 0000018fba754540] No charmap autodetected, trying the first one
[Parsed_subtitles_6 @ 0000018fba754540] Error getting metadata for embedded font 'smae1257.fon'
[Parsed_subtitles_6 @ 0000018fba754540] No charmap autodetected, trying the first one
[Parsed_subtitles_6 @ 0000018fba754540] Error getting metadata for embedded font 'smae1257.fon'
[Parsed_subtitles_6 @ 0000018fba754540] No charmap autodetected, trying the first one
[Parsed_subtitles_6 @ 0000018fba754540] Error getting metadata for embedded font 'smae1257.fon'
[Parsed_subtitles_6 @ 0000018fba754540] No charmap autodetected, trying the first one
[Parsed_subtitles_6 @ 0000018fba754540] Error getting metadata for embedded font 'smae1257.fon'
[Parsed_subtitles_6 @ 0000018fba754540] No charmap autodetected, trying the first one
[Parsed_subtitles_6 @ 0000018fba754540] Error getting metadata for embedded font 'smae1257.fon'
[Parsed_subtitles_6 @ 0000018fba754540] No charmap autodetected, trying the first one
[Parsed_subtitles_6 @ 0000018fba754540] Error getting metadata for embedded font 'smae1257.fon'
[Parsed_subtitles_6 @ 0000018fba754540] No charmap autodetected, trying the first one
[Parsed_subtitles_6 @ 0000018fba754540] Error getting metadata for embedded font 'smae1257.fon'
[Parsed_subtitles_6 @ 0000018fba754540] No charmap autodetected, trying the first one
[Parsed_subtitles_6 @ 0000018fba754540] Error getting metadata for embedded font 'smae1257.fon'
[Parsed_subtitles_6 @ 0000018fba754540] No charmap autodetected, trying the first one
[Parsed_subtitles_6 @ 0000018fba754540] Error getting metadata for embedded font 'smaf1255.fon'
[Parsed_subtitles_6 @ 0000018fba754540] No charmap autodetected, trying the first one
[Parsed_subtitles_6 @ 0000018fba754540] Error getting metadata for embedded font 'smaf1255.fon'
[Parsed_subtitles_6 @ 0000018fba754540] No charmap autodetected, trying the first one
[Parsed_subtitles_6 @ 0000018fba754540] Error getting metadata for embedded font 'smaf1255.fon'
[Parsed_subtitles_6 @ 0000018fba754540] No charmap autodetected, trying the first one
[Parsed_subtitles_6 @ 0000018fba754540] Error getting metadata for embedded font 'smaf1255.fon'
[Parsed_subtitles_6 @ 0000018fba754540] No charmap autodetected, trying the first one
[Parsed_subtitles_6 @ 0000018fba754540] Error getting metadata for embedded font 'smaf1255.fon'
[Parsed_subtitles_6 @ 0000018fba754540] No charmap autodetected, trying the first one
[Parsed_subtitles_6 @ 0000018fba754540] Error getting metadata for embedded font 'smaf1255.fon'
[Parsed_subtitles_6 @ 0000018fba754540] No charmap autodetected, trying the first one
[Parsed_subtitles_6 @ 0000018fba754540] Error getting metadata for embedded font 'smaf1256.fon'
[Parsed_subtitles_6 @ 0000018fba754540] No charmap autodetected, trying the first one
[Parsed_subtitles_6 @ 0000018fba754540] Error getting metadata for embedded font 'smaf1256.fon'
[Parsed_subtitles_6 @ 0000018fba754540] No charmap autodetected, trying the first one
[Parsed_subtitles_6 @ 0000018fba754540] Error getting metadata for embedded font 'smaf1256.fon'
[Parsed_subtitles_6 @ 0000018fba754540] No charmap autodetected, trying the first one
[Parsed_subtitles_6 @ 0000018fba754540] Error getting metadata for embedded font 'smaf1256.fon'
[Parsed_subtitles_6 @ 0000018fba754540] No charmap autodetected, trying the first one
[Parsed_subtitles_6 @ 0000018fba754540] Error getting metadata for embedded font 'smaf1256.fon'
[Parsed_subtitles_6 @ 0000018fba754540] No charmap autodetected, trying the first one
[Parsed_subtitles_6 @ 0000018fba754540] Error getting metadata for embedded font 'smaf1256.fon'
[Parsed_subtitles_6 @ 0000018fba754540] No charmap autodetected, trying the first one
[Parsed_subtitles_6 @ 0000018fba754540] Error getting metadata for embedded font 'smaf1256.fon'
[Parsed_subtitles_6 @ 0000018fba754540] No charmap autodetected, trying the first one
[Parsed_subtitles_6 @ 0000018fba754540] Error getting metadata for embedded font 'smaf1256.fon'
[Parsed_subtitles_6 @ 0000018fba754540] No charmap autodetected, trying the first one
[Parsed_subtitles_6 @ 0000018fba754540] Error getting metadata for embedded font 'smaf1256.fon'
[Parsed_subtitles_6 @ 0000018fba754540] No charmap autodetected, trying the first one
[Parsed_subtitles_6 @ 0000018fba754540] Error getting metadata for embedded font 'smaf1256.fon'
[Parsed_subtitles_6 @ 0000018fba754540] No charmap autodetected, trying the first one
[Parsed_subtitles_6 @ 0000018fba754540] Error getting metadata for embedded font 'smaf1257.fon'
[Parsed_subtitles_6 @ 0000018fba754540] No charmap autodetected, trying the first one
[Parsed_subtitles_6 @ 0000018fba754540] Error getting metadata for embedded font 'smaf1257.fon'
[Parsed_subtitles_6 @ 0000018fba754540] No charmap autodetected, trying the first one
[Parsed_subtitles_6 @ 0000018fba754540] Error getting metadata for embedded font 'smaf1257.fon'
[Parsed_subtitles_6 @ 0000018fba754540] No charmap autodetected, trying the first one
[Parsed_subtitles_6 @ 0000018fba754540] Error getting metadata for embedded font 'smaf1257.fon'
[Parsed_subtitles_6 @ 0000018fba754540] No charmap autodetected, trying the first one
[Parsed_subtitles_6 @ 0000018fba754540] Error getting metadata for embedded font 'smaf1257.fon'
[Parsed_subtitles_6 @ 0000018fba754540] No charmap autodetected, trying the first one
[Parsed_subtitles_6 @ 0000018fba754540] Error getting metadata for embedded font 'smaf1257.fon'
[Parsed_subtitles_6 @ 0000018fba754540] No charmap autodetected, trying the first one
[Parsed_subtitles_6 @ 0000018fba754540] Error getting metadata for embedded font 'smalle.fon'
[Parsed_subtitles_6 @ 0000018fba754540] No charmap autodetected, trying the first one
[Parsed_subtitles_6 @ 0000018fba754540] Error getting metadata for embedded font 'smalle.fon'
[Parsed_subtitles_6 @ 0000018fba754540] No charmap autodetected, trying the first one
[Parsed_subtitles_6 @ 0000018fba754540] Error getting metadata for embedded font 'smalle.fon'
[Parsed_subtitles_6 @ 0000018fba754540] No charmap autodetected, trying the first one
[Parsed_subtitles_6 @ 0000018fba754540] Error getting metadata for embedded font 'smalle.fon'
[Parsed_subtitles_6 @ 0000018fba754540] No charmap autodetected, trying the first one
[Parsed_subtitles_6 @ 0000018fba754540] Error getting metadata for embedded font 'smalle.fon'
[Parsed_subtitles_6 @ 0000018fba754540] No charmap autodetected, trying the first one
[Parsed_subtitles_6 @ 0000018fba754540] Error getting metadata for embedded font 'smalle.fon'
[Parsed_subtitles_6 @ 0000018fba754540] No charmap autodetected, trying the first one
[Parsed_subtitles_6 @ 0000018fba754540] Error getting metadata for embedded font 'smalle.fon'
[Parsed_subtitles_6 @ 0000018fba754540] No charmap autodetected, trying the first one
[Parsed_subtitles_6 @ 0000018fba754540] Error getting metadata for embedded font 'smalle.fon'
[Parsed_subtitles_6 @ 0000018fba754540] No charmap autodetected, trying the first one
[Parsed_subtitles_6 @ 0000018fba754540] Error getting metadata for embedded font 'smallee.fon'
[Parsed_subtitles_6 @ 0000018fba754540] No charmap autodetected, trying the first one
[Parsed_subtitles_6 @ 0000018fba754540] Error getting metadata for embedded font 'smallee.fon'
[Parsed_subtitles_6 @ 0000018fba754540] No charmap autodetected, trying the first one
[Parsed_subtitles_6 @ 0000018fba754540] Error getting metadata for embedded font 'smallee.fon'
[Parsed_subtitles_6 @ 0000018fba754540] No charmap autodetected, trying the first one
[Parsed_subtitles_6 @ 0000018fba754540] Error getting metadata for embedded font 'smallee.fon'
[Parsed_subtitles_6 @ 0000018fba754540] No charmap autodetected, trying the first one
[Parsed_subtitles_6 @ 0000018fba754540] Error getting metadata for embedded font 'smallee.fon'
[Parsed_subtitles_6 @ 0000018fba754540] No charmap autodetected, trying the first one
[Parsed_subtitles_6 @ 0000018fba754540] Error getting metadata for embedded font 'smallee.fon'
[Parsed_subtitles_6 @ 0000018fba754540] No charmap autodetected, trying the first one
[Parsed_subtitles_6 @ 0000018fba754540] Error getting metadata for embedded font 'smallee.fon'
[Parsed_subtitles_6 @ 0000018fba754540] No charmap autodetected, trying the first one
[Parsed_subtitles_6 @ 0000018fba754540] Error getting metadata for embedded font 'smallee.fon'
[Parsed_subtitles_6 @ 0000018fba754540] No charmap autodetected, trying the first one
[Parsed_subtitles_6 @ 0000018fba754540] Error getting metadata for embedded font 'smalleg.fon'
[Parsed_subtitles_6 @ 0000018fba754540] No charmap autodetected, trying the first one
[Parsed_subtitles_6 @ 0000018fba754540] Error getting metadata for embedded font 'smalleg.fon'
[Parsed_subtitles_6 @ 0000018fba754540] No charmap autodetected, trying the first one
[Parsed_subtitles_6 @ 0000018fba754540] Error getting metadata for embedded font 'smalleg.fon'
[Parsed_subtitles_6 @ 0000018fba754540] No charmap autodetected, trying the first one
[Parsed_subtitles_6 @ 0000018fba754540] Error getting metadata for embedded font 'smalleg.fon'
[Parsed_subtitles_6 @ 0000018fba754540] No charmap autodetected, trying the first one
[Parsed_subtitles_6 @ 0000018fba754540] Error getting metadata for embedded font 'smalleg.fon'
[Parsed_subtitles_6 @ 0000018fba754540] No charmap autodetected, trying the first one
[Parsed_subtitles_6 @ 0000018fba754540] Error getting metadata for embedded font 'smalleg.fon'
[Parsed_subtitles_6 @ 0000018fba754540] No charmap autodetected, trying the first one
[Parsed_subtitles_6 @ 0000018fba754540] Error getting metadata for embedded font 'smalleg.fon'
[Parsed_subtitles_6 @ 0000018fba754540] No charmap autodetected, trying the first one
[Parsed_subtitles_6 @ 0000018fba754540] Error getting metadata for embedded font 'smalleg.fon'
[Parsed_subtitles_6 @ 0000018fba754540] No charmap autodetected, trying the first one
[Parsed_subtitles_6 @ 0000018fba754540] Error getting metadata for embedded font 'smaller.fon'
[Parsed_subtitles_6 @ 0000018fba754540] No charmap autodetected, trying the first one
[Parsed_subtitles_6 @ 0000018fba754540] Error getting metadata for embedded font 'smaller.fon'
[Parsed_subtitles_6 @ 0000018fba754540] No charmap autodetected, trying the first one
[Parsed_subtitles_6 @ 0000018fba754540] Error getting metadata for embedded font 'smaller.fon'
[Parsed_subtitles_6 @ 0000018fba754540] No charmap autodetected, trying the first one
[Parsed_subtitles_6 @ 0000018fba754540] Error getting metadata for embedded font 'smaller.fon'
[Parsed_subtitles_6 @ 0000018fba754540] No charmap autodetected, trying the first one
[Parsed_subtitles_6 @ 0000018fba754540] Error getting metadata for embedded font 'smaller.fon'
[Parsed_subtitles_6 @ 0000018fba754540] No charmap autodetected, trying the first one
[Parsed_subtitles_6 @ 0000018fba754540] Error getting metadata for embedded font 'smaller.fon'
[Parsed_subtitles_6 @ 0000018fba754540] No charmap autodetected, trying the first one
[Parsed_subtitles_6 @ 0000018fba754540] Error getting metadata for embedded font 'smaller.fon'
[Parsed_subtitles_6 @ 0000018fba754540] No charmap autodetected, trying the first one
[Parsed_subtitles_6 @ 0000018fba754540] Error getting metadata for embedded font 'smaller.fon'
[Parsed_subtitles_6 @ 0000018fba754540] No charmap autodetected, trying the first one
[Parsed_subtitles_6 @ 0000018fba754540] Error getting metadata for embedded font 'smallet.fon'
[Parsed_subtitles_6 @ 0000018fba754540] No charmap autodetected, trying the first one
[Parsed_subtitles_6 @ 0000018fba754540] Error getting metadata for embedded font 'smallet.fon'
[Parsed_subtitles_6 @ 0000018fba754540] No charmap autodetected, trying the first one
[Parsed_subtitles_6 @ 0000018fba754540] Error getting metadata for embedded font 'smallet.fon'
[Parsed_subtitles_6 @ 0000018fba754540] No charmap autodetected, trying the first one
[Parsed_subtitles_6 @ 0000018fba754540] Error getting metadata for embedded font 'smallet.fon'
[Parsed_subtitles_6 @ 0000018fba754540] No charmap autodetected, trying the first one
[Parsed_subtitles_6 @ 0000018fba754540] Error getting metadata for embedded font 'smallet.fon'
[Parsed_subtitles_6 @ 0000018fba754540] No charmap autodetected, trying the first one
[Parsed_subtitles_6 @ 0000018fba754540] Error getting metadata for embedded font 'smallet.fon'
[Parsed_subtitles_6 @ 0000018fba754540] No charmap autodetected, trying the first one
[Parsed_subtitles_6 @ 0000018fba754540] Error getting metadata for embedded font 'smallet.fon'
[Parsed_subtitles_6 @ 0000018fba754540] No charmap autodetected, trying the first one
[Parsed_subtitles_6 @ 0000018fba754540] Error getting metadata for embedded font 'smallet.fon'
[Parsed_subtitles_6 @ 0000018fba754540] No charmap autodetected, trying the first one
[Parsed_subtitles_6 @ 0000018fba754540] Error getting metadata for embedded font 'smallf.fon'
[Parsed_subtitles_6 @ 0000018fba754540] No charmap autodetected, trying the first one
[Parsed_subtitles_6 @ 0000018fba754540] Error getting metadata for embedded font 'smallf.fon'
[Parsed_subtitles_6 @ 0000018fba754540] No charmap autodetected, trying the first one
[Parsed_subtitles_6 @ 0000018fba754540] Error getting metadata for embedded font 'smallf.fon'
[Parsed_subtitles_6 @ 0000018fba754540] No charmap autodetected, trying the first one
[Parsed_subtitles_6 @ 0000018fba754540] Error getting metadata for embedded font 'smallf.fon'
[Parsed_subtitles_6 @ 0000018fba754540] No charmap autodetected, trying the first one
[Parsed_subtitles_6 @ 0000018fba754540] Error getting metadata for embedded font 'smallf.fon'
[Parsed_subtitles_6 @ 0000018fba754540] No charmap autodetected, trying the first one
[Parsed_subtitles_6 @ 0000018fba754540] Error getting metadata for embedded font 'smallf.fon'
[Parsed_subtitles_6 @ 0000018fba754540] No charmap autodetected, trying the first one
[Parsed_subtitles_6 @ 0000018fba754540] Error getting metadata for embedded font 'smallfe.fon'
[Parsed_subtitles_6 @ 0000018fba754540] No charmap autodetected, trying the first one
[Parsed_subtitles_6 @ 0000018fba754540] Error getting metadata for embedded font 'smallfe.fon'
[Parsed_subtitles_6 @ 0000018fba754540] No charmap autodetected, trying the first one
[Parsed_subtitles_6 @ 0000018fba754540] Error getting metadata for embedded font 'smallfe.fon'
[Parsed_subtitles_6 @ 0000018fba754540] No charmap autodetected, trying the first one
[Parsed_subtitles_6 @ 0000018fba754540] Error getting metadata for embedded font 'smallfe.fon'
[Parsed_subtitles_6 @ 0000018fba754540] No charmap autodetected, trying the first one
[Parsed_subtitles_6 @ 0000018fba754540] Error getting metadata for embedded font 'smallfe.fon'
[Parsed_subtitles_6 @ 0000018fba754540] No charmap autodetected, trying the first one
[Parsed_subtitles_6 @ 0000018fba754540] Error getting metadata for embedded font 'smallfe.fon'
[Parsed_subtitles_6 @ 0000018fba754540] No charmap autodetected, trying the first one
[Parsed_subtitles_6 @ 0000018fba754540] Error getting metadata for embedded font 'smallfg.fon'
[Parsed_subtitles_6 @ 0000018fba754540] No charmap autodetected, trying the first one
[Parsed_subtitles_6 @ 0000018fba754540] Error getting metadata for embedded font 'smallfg.fon'
[Parsed_subtitles_6 @ 0000018fba754540] No charmap autodetected, trying the first one
[Parsed_subtitles_6 @ 0000018fba754540] Error getting metadata for embedded font 'smallfg.fon'
[Parsed_subtitles_6 @ 0000018fba754540] No charmap autodetected, trying the first one
[Parsed_subtitles_6 @ 0000018fba754540] Error getting metadata for embedded font 'smallfg.fon'
[Parsed_subtitles_6 @ 0000018fba754540] No charmap autodetected, trying the first one
[Parsed_subtitles_6 @ 0000018fba754540] Error getting metadata for embedded font 'smallfg.fon'
[Parsed_subtitles_6 @ 0000018fba754540] No charmap autodetected, trying the first one
[Parsed_subtitles_6 @ 0000018fba754540] Error getting metadata for embedded font 'smallfg.fon'
[Parsed_subtitles_6 @ 0000018fba754540] No charmap autodetected, trying the first one
[Parsed_subtitles_6 @ 0000018fba754540] Error getting metadata for embedded font 'smallfr.fon'
[Parsed_subtitles_6 @ 0000018fba754540] No charmap autodetected, trying the first one
[Parsed_subtitles_6 @ 0000018fba754540] Error getting metadata for embedded font 'smallfr.fon'
[Parsed_subtitles_6 @ 0000018fba754540] No charmap autodetected, trying the first one
[Parsed_subtitles_6 @ 0000018fba754540] Error getting metadata for embedded font 'smallfr.fon'
[Parsed_subtitles_6 @ 0000018fba754540] No charmap autodetected, trying the first one
[Parsed_subtitles_6 @ 0000018fba754540] Error getting metadata for embedded font 'smallfr.fon'
[Parsed_subtitles_6 @ 0000018fba754540] No charmap autodetected, trying the first one
[Parsed_subtitles_6 @ 0000018fba754540] Error getting metadata for embedded font 'smallfr.fon'
[Parsed_subtitles_6 @ 0000018fba754540] No charmap autodetected, trying the first one
[Parsed_subtitles_6 @ 0000018fba754540] Error getting metadata for embedded font 'smallfr.fon'
[Parsed_subtitles_6 @ 0000018fba754540] No charmap autodetected, trying the first one
[Parsed_subtitles_6 @ 0000018fba754540] Error getting metadata for embedded font 'smallft.fon'
[Parsed_subtitles_6 @ 0000018fba754540] No charmap autodetected, trying the first one
[Parsed_subtitles_6 @ 0000018fba754540] Error getting metadata for embedded font 'smallft.fon'
[Parsed_subtitles_6 @ 0000018fba754540] No charmap autodetected, trying the first one
[Parsed_subtitles_6 @ 0000018fba754540] Error getting metadata for embedded font 'smallft.fon'
[Parsed_subtitles_6 @ 0000018fba754540] No charmap autodetected, trying the first one
[Parsed_subtitles_6 @ 0000018fba754540] Error getting metadata for embedded font 'smallft.fon'
[Parsed_subtitles_6 @ 0000018fba754540] No charmap autodetected, trying the first one
[Parsed_subtitles_6 @ 0000018fba754540] Error getting metadata for embedded font 'smallft.fon'
[Parsed_subtitles_6 @ 0000018fba754540] No charmap autodetected, trying the first one
[Parsed_subtitles_6 @ 0000018fba754540] Error getting metadata for embedded font 'smallft.fon'
[Parsed_subtitles_6 @ 0000018fba754540] No charmap autodetected, trying the first one
[Parsed_subtitles_6 @ 0000018fba754540] Error getting metadata for embedded font 'ssee1255.fon'
[Parsed_subtitles_6 @ 0000018fba754540] No charmap autodetected, trying the first one
[Parsed_subtitles_6 @ 0000018fba754540] Error getting metadata for embedded font 'ssee1255.fon'
[Parsed_subtitles_6 @ 0000018fba754540] No charmap autodetected, trying the first one
[Parsed_subtitles_6 @ 0000018fba754540] Error getting metadata for embedded font 'ssee1255.fon'
[Parsed_subtitles_6 @ 0000018fba754540] No charmap autodetected, trying the first one
[Parsed_subtitles_6 @ 0000018fba754540] Error getting metadata for embedded font 'ssee1255.fon'
[Parsed_subtitles_6 @ 0000018fba754540] No charmap autodetected, trying the first one
[Parsed_subtitles_6 @ 0000018fba754540] Error getting metadata for embedded font 'ssee1255.fon'
[Parsed_subtitles_6 @ 0000018fba754540] No charmap autodetected, trying the first one
[Parsed_subtitles_6 @ 0000018fba754540] Error getting metadata for embedded font 'ssee1255.fon'
[Parsed_subtitles_6 @ 0000018fba754540] No charmap autodetected, trying the first one
[Parsed_subtitles_6 @ 0000018fba754540] Error getting metadata for embedded font 'ssee1256.fon'
[Parsed_subtitles_6 @ 0000018fba754540] No charmap autodetected, trying the first one
[Parsed_subtitles_6 @ 0000018fba754540] Error getting metadata for embedded font 'ssee1256.fon'
[Parsed_subtitles_6 @ 0000018fba754540] No charmap autodetected, trying the first one
[Parsed_subtitles_6 @ 0000018fba754540] Error getting metadata for embedded font 'ssee1256.fon'
[Parsed_subtitles_6 @ 0000018fba754540] No charmap autodetected, trying the first one
[Parsed_subtitles_6 @ 0000018fba754540] Error getting metadata for embedded font 'ssee1256.fon'
[Parsed_subtitles_6 @ 0000018fba754540] No charmap autodetected, trying the first one
[Parsed_subtitles_6 @ 0000018fba754540] Error getting metadata for embedded font 'ssee1256.fon'
[Parsed_subtitles_6 @ 0000018fba754540] No charmap autodetected, trying the first one
[Parsed_subtitles_6 @ 0000018fba754540] Error getting metadata for embedded font 'ssee1256.fon'
[Parsed_subtitles_6 @ 0000018fba754540] No charmap autodetected, trying the first one
[Parsed_subtitles_6 @ 0000018fba754540] Error getting metadata for embedded font 'ssee1257.fon'
[Parsed_subtitles_6 @ 0000018fba754540] No charmap autodetected, trying the first one
[Parsed_subtitles_6 @ 0000018fba754540] Error getting metadata for embedded font 'ssee1257.fon'
[Parsed_subtitles_6 @ 0000018fba754540] No charmap autodetected, trying the first one
[Parsed_subtitles_6 @ 0000018fba754540] Error getting metadata for embedded font 'ssee1257.fon'
[Parsed_subtitles_6 @ 0000018fba754540] No charmap autodetected, trying the first one
[Parsed_subtitles_6 @ 0000018fba754540] Error getting metadata for embedded font 'ssee1257.fon'
[Parsed_subtitles_6 @ 0000018fba754540] No charmap autodetected, trying the first one
[Parsed_subtitles_6 @ 0000018fba754540] Error getting metadata for embedded font 'ssee1257.fon'
[Parsed_subtitles_6 @ 0000018fba754540] No charmap autodetected, trying the first one
[Parsed_subtitles_6 @ 0000018fba754540] Error getting metadata for embedded font 'ssee1257.fon'
[Parsed_subtitles_6 @ 0000018fba754540] No charmap autodetected, trying the first one
[Parsed_subtitles_6 @ 0000018fba754540] Error getting metadata for embedded font 'ssee874.fon'
[Parsed_subtitles_6 @ 0000018fba754540] No charmap autodetected, trying the first one
[Parsed_subtitles_6 @ 0000018fba754540] Error getting metadata for embedded font 'ssee874.fon'
[Parsed_subtitles_6 @ 0000018fba754540] No charmap autodetected, trying the first one
[Parsed_subtitles_6 @ 0000018fba754540] Error getting metadata for embedded font 'ssee874.fon'
[Parsed_subtitles_6 @ 0000018fba754540] No charmap autodetected, trying the first one
[Parsed_subtitles_6 @ 0000018fba754540] Error getting metadata for embedded font 'ssee874.fon'
[Parsed_subtitles_6 @ 0000018fba754540] No charmap autodetected, trying the first one
[Parsed_subtitles_6 @ 0000018fba754540] Error getting metadata for embedded font 'ssee874.fon'
[Parsed_subtitles_6 @ 0000018fba754540] No charmap autodetected, trying the first one
[Parsed_subtitles_6 @ 0000018fba754540] Error getting metadata for embedded font 'ssee874.fon'
[Parsed_subtitles_6 @ 0000018fba754540] No charmap autodetected, trying the first one
[Parsed_subtitles_6 @ 0000018fba754540] Error getting metadata for embedded font 'ssee874.fon'
[Parsed_subtitles_6 @ 0000018fba754540] No charmap autodetected, trying the first one
[Parsed_subtitles_6 @ 0000018fba754540] Error getting metadata for embedded font 'ssef1255.fon'
[Parsed_subtitles_6 @ 0000018fba754540] No charmap autodetected, trying the first one
[Parsed_subtitles_6 @ 0000018fba754540] Error getting metadata for embedded font 'ssef1255.fon'
[Parsed_subtitles_6 @ 0000018fba754540] No charmap autodetected, trying the first one
[Parsed_subtitles_6 @ 0000018fba754540] Error getting metadata for embedded font 'ssef1255.fon'
[Parsed_subtitles_6 @ 0000018fba754540] No charmap autodetected, trying the first one
[Parsed_subtitles_6 @ 0000018fba754540] Error getting metadata for embedded font 'ssef1255.fon'
[Parsed_subtitles_6 @ 0000018fba754540] No charmap autodetected, trying the first one
[Parsed_subtitles_6 @ 0000018fba754540] Error getting metadata for embedded font 'ssef1255.fon'
[Parsed_subtitles_6 @ 0000018fba754540] No charmap autodetected, trying the first one
[Parsed_subtitles_6 @ 0000018fba754540] Error getting metadata for embedded font 'ssef1255.fon'
[Parsed_subtitles_6 @ 0000018fba754540] No charmap autodetected, trying the first one
[Parsed_subtitles_6 @ 0000018fba754540] Error getting metadata for embedded font 'ssef1256.fon'
[Parsed_subtitles_6 @ 0000018fba754540] No charmap autodetected, trying the first one
[Parsed_subtitles_6 @ 0000018fba754540] Error getting metadata for embedded font 'ssef1256.fon'
[Parsed_subtitles_6 @ 0000018fba754540] No charmap autodetected, trying the first one
[Parsed_subtitles_6 @ 0000018fba754540] Error getting metadata for embedded font 'ssef1256.fon'
[Parsed_subtitles_6 @ 0000018fba754540] No charmap autodetected, trying the first one
[Parsed_subtitles_6 @ 0000018fba754540] Error getting metadata for embedded font 'ssef1256.fon'
[Parsed_subtitles_6 @ 0000018fba754540] No charmap autodetected, trying the first one
[Parsed_subtitles_6 @ 0000018fba754540] Error getting metadata for embedded font 'ssef1256.fon'
[Parsed_subtitles_6 @ 0000018fba754540] No charmap autodetected, trying the first one
[Parsed_subtitles_6 @ 0000018fba754540] Error getting metadata for embedded font 'ssef1257.fon'
[Parsed_subtitles_6 @ 0000018fba754540] No charmap autodetected, trying the first one
[Parsed_subtitles_6 @ 0000018fba754540] Error getting metadata for embedded font 'ssef1257.fon'
[Parsed_subtitles_6 @ 0000018fba754540] No charmap autodetected, trying the first one
[Parsed_subtitles_6 @ 0000018fba754540] Error getting metadata for embedded font 'ssef1257.fon'
[Parsed_subtitles_6 @ 0000018fba754540] No charmap autodetected, trying the first one
[Parsed_subtitles_6 @ 0000018fba754540] Error getting metadata for embedded font 'ssef1257.fon'
[Parsed_subtitles_6 @ 0000018fba754540] No charmap autodetected, trying the first one
[Parsed_subtitles_6 @ 0000018fba754540] Error getting metadata for embedded font 'ssef1257.fon'
[Parsed_subtitles_6 @ 0000018fba754540] No charmap autodetected, trying the first one
[Parsed_subtitles_6 @ 0000018fba754540] Error getting metadata for embedded font 'ssef1257.fon'
[Parsed_subtitles_6 @ 0000018fba754540] No charmap autodetected, trying the first one
[Parsed_subtitles_6 @ 0000018fba754540] Error getting metadata for embedded font 'ssef874.fon'
[Parsed_subtitles_6 @ 0000018fba754540] No charmap autodetected, trying the first one
[Parsed_subtitles_6 @ 0000018fba754540] Error getting metadata for embedded font 'ssef874.fon'
[Parsed_subtitles_6 @ 0000018fba754540] No charmap autodetected, trying the first one
[Parsed_subtitles_6 @ 0000018fba754540] Error getting metadata for embedded font 'ssef874.fon'
[Parsed_subtitles_6 @ 0000018fba754540] No charmap autodetected, trying the first one
[Parsed_subtitles_6 @ 0000018fba754540] Error getting metadata for embedded font 'ssef874.fon'
[Parsed_subtitles_6 @ 0000018fba754540] No charmap autodetected, trying the first one
[Parsed_subtitles_6 @ 0000018fba754540] Error getting metadata for embedded font 'ssef874.fon'
[Parsed_subtitles_6 @ 0000018fba754540] No charmap autodetected, trying the first one
[Parsed_subtitles_6 @ 0000018fba754540] Error getting metadata for embedded font 'ssef874.fon'
[Parsed_subtitles_6 @ 0000018fba754540] No charmap autodetected, trying the first one
[Parsed_subtitles_6 @ 0000018fba754540] Error getting metadata for embedded font 'ssef874.fon'
[Parsed_subtitles_6 @ 0000018fba754540] No charmap autodetected, trying the first one
[Parsed_subtitles_6 @ 0000018fba754540] Error getting metadata for embedded font 'sserife.fon'
[Parsed_subtitles_6 @ 0000018fba754540] No charmap autodetected, trying the first one
[Parsed_subtitles_6 @ 0000018fba754540] Error getting metadata for embedded font 'sserife.fon'
[Parsed_subtitles_6 @ 0000018fba754540] No charmap autodetected, trying the first one
[Parsed_subtitles_6 @ 0000018fba754540] Error getting metadata for embedded font 'sserife.fon'
[Parsed_subtitles_6 @ 0000018fba754540] No charmap autodetected, trying the first one
[Parsed_subtitles_6 @ 0000018fba754540] Error getting metadata for embedded font 'sserife.fon'
[Parsed_subtitles_6 @ 0000018fba754540] No charmap autodetected, trying the first one
[Parsed_subtitles_6 @ 0000018fba754540] Error getting metadata for embedded font 'sserife.fon'
[Parsed_subtitles_6 @ 0000018fba754540] No charmap autodetected, trying the first one
[Parsed_subtitles_6 @ 0000018fba754540] Error getting metadata for embedded font 'sserife.fon'
[Parsed_subtitles_6 @ 0000018fba754540] No charmap autodetected, trying the first one
[Parsed_subtitles_6 @ 0000018fba754540] Error getting metadata for embedded font 'sserifee.fon'
[Parsed_subtitles_6 @ 0000018fba754540] No charmap autodetected, trying the first one
[Parsed_subtitles_6 @ 0000018fba754540] Error getting metadata for embedded font 'sserifee.fon'
[Parsed_subtitles_6 @ 0000018fba754540] No charmap autodetected, trying the first one
[Parsed_subtitles_6 @ 0000018fba754540] Error getting metadata for embedded font 'sserifee.fon'
[Parsed_subtitles_6 @ 0000018fba754540] No charmap autodetected, trying the first one
[Parsed_subtitles_6 @ 0000018fba754540] Error getting metadata for embedded font 'sserifee.fon'
[Parsed_subtitles_6 @ 0000018fba754540] No charmap autodetected, trying the first one
[Parsed_subtitles_6 @ 0000018fba754540] Error getting metadata for embedded font 'sserifee.fon'
[Parsed_subtitles_6 @ 0000018fba754540] No charmap autodetected, trying the first one
[Parsed_subtitles_6 @ 0000018fba754540] Error getting metadata for embedded font 'sserifee.fon'
[Parsed_subtitles_6 @ 0000018fba754540] No charmap autodetected, trying the first one
[Parsed_subtitles_6 @ 0000018fba754540] Error getting metadata for embedded font 'sserifeg.fon'
[Parsed_subtitles_6 @ 0000018fba754540] No charmap autodetected, trying the first one
[Parsed_subtitles_6 @ 0000018fba754540] Error getting metadata for embedded font 'sserifeg.fon'
[Parsed_subtitles_6 @ 0000018fba754540] No charmap autodetected, trying the first one
[Parsed_subtitles_6 @ 0000018fba754540] Error getting metadata for embedded font 'sserifeg.fon'
[Parsed_subtitles_6 @ 0000018fba754540] No charmap autodetected, trying the first one
[Parsed_subtitles_6 @ 0000018fba754540] Error getting metadata for embedded font 'sserifeg.fon'
[Parsed_subtitles_6 @ 0000018fba754540] No charmap autodetected, trying the first one
[Parsed_subtitles_6 @ 0000018fba754540] Error getting metadata for embedded font 'sserifeg.fon'
[Parsed_subtitles_6 @ 0000018fba754540] No charmap autodetected, trying the first one
[Parsed_subtitles_6 @ 0000018fba754540] Error getting metadata for embedded font 'sserifeg.fon'
[Parsed_subtitles_6 @ 0000018fba754540] No charmap autodetected, trying the first one
[Parsed_subtitles_6 @ 0000018fba754540] Error getting metadata for embedded font 'sserifer.fon'
[Parsed_subtitles_6 @ 0000018fba754540] No charmap autodetected, trying the first one
[Parsed_subtitles_6 @ 0000018fba754540] Error getting metadata for embedded font 'sserifer.fon'
[Parsed_subtitles_6 @ 0000018fba754540] No charmap autodetected, trying the first one
[Parsed_subtitles_6 @ 0000018fba754540] Error getting metadata for embedded font 'sserifer.fon'
[Parsed_subtitles_6 @ 0000018fba754540] No charmap autodetected, trying the first one
[Parsed_subtitles_6 @ 0000018fba754540] Error getting metadata for embedded font 'sserifer.fon'
[Parsed_subtitles_6 @ 0000018fba754540] No charmap autodetected, trying the first one
[Parsed_subtitles_6 @ 0000018fba754540] Error getting metadata for embedded font 'sserifer.fon'
[Parsed_subtitles_6 @ 0000018fba754540] No charmap autodetected, trying the first one
[Parsed_subtitles_6 @ 0000018fba754540] Error getting metadata for embedded font 'sserifer.fon'
[Parsed_subtitles_6 @ 0000018fba754540] No charmap autodetected, trying the first one
[Parsed_subtitles_6 @ 0000018fba754540] Error getting metadata for embedded font 'sserifet.fon'
[Parsed_subtitles_6 @ 0000018fba754540] No charmap autodetected, trying the first one
[Parsed_subtitles_6 @ 0000018fba754540] Error getting metadata for embedded font 'sserifet.fon'
[Parsed_subtitles_6 @ 0000018fba754540] No charmap autodetected, trying the first one
[Parsed_subtitles_6 @ 0000018fba754540] Error getting metadata for embedded font 'sserifet.fon'
[Parsed_subtitles_6 @ 0000018fba754540] No charmap autodetected, trying the first one
[Parsed_subtitles_6 @ 0000018fba754540] Error getting metadata for embedded font 'sserifet.fon'
[Parsed_subtitles_6 @ 0000018fba754540] No charmap autodetected, trying the first one
[Parsed_subtitles_6 @ 0000018fba754540] Error getting metadata for embedded font 'sserifet.fon'
[Parsed_subtitles_6 @ 0000018fba754540] No charmap autodetected, trying the first one
[Parsed_subtitles_6 @ 0000018fba754540] Error getting metadata for embedded font 'sserifet.fon'
[Parsed_subtitles_6 @ 0000018fba754540] No charmap autodetected, trying the first one
[Parsed_subtitles_6 @ 0000018fba754540] Error getting metadata for embedded font 'sseriff.fon'
[Parsed_subtitles_6 @ 0000018fba754540] No charmap autodetected, trying the first one
[Parsed_subtitles_6 @ 0000018fba754540] Error getting metadata for embedded font 'sseriff.fon'
[Parsed_subtitles_6 @ 0000018fba754540] No charmap autodetected, trying the first one
[Parsed_subtitles_6 @ 0000018fba754540] Error getting metadata for embedded font 'sseriff.fon'
[Parsed_subtitles_6 @ 0000018fba754540] No charmap autodetected, trying the first one
[Parsed_subtitles_6 @ 0000018fba754540] Error getting metadata for embedded font 'sseriff.fon'
[Parsed_subtitles_6 @ 0000018fba754540] No charmap autodetected, trying the first one
[Parsed_subtitles_6 @ 0000018fba754540] Error getting metadata for embedded font 'sseriff.fon'
[Parsed_subtitles_6 @ 0000018fba754540] No charmap autodetected, trying the first one
[Parsed_subtitles_6 @ 0000018fba754540] Error getting metadata for embedded font 'sseriff.fon'
[Parsed_subtitles_6 @ 0000018fba754540] No charmap autodetected, trying the first one
[Parsed_subtitles_6 @ 0000018fba754540] Error getting metadata for embedded font 'sseriffe.fon'
[Parsed_subtitles_6 @ 0000018fba754540] No charmap autodetected, trying the first one
[Parsed_subtitles_6 @ 0000018fba754540] Error getting metadata for embedded font 'sseriffe.fon'
[Parsed_subtitles_6 @ 0000018fba754540] No charmap autodetected, trying the first one
[Parsed_subtitles_6 @ 0000018fba754540] Error getting metadata for embedded font 'sseriffe.fon'
[Parsed_subtitles_6 @ 0000018fba754540] No charmap autodetected, trying the first one
[Parsed_subtitles_6 @ 0000018fba754540] Error getting metadata for embedded font 'sseriffe.fon'
[Parsed_subtitles_6 @ 0000018fba754540] No charmap autodetected, trying the first one
[Parsed_subtitles_6 @ 0000018fba754540] Error getting metadata for embedded font 'sseriffe.fon'
[Parsed_subtitles_6 @ 0000018fba754540] No charmap autodetected, trying the first one
[Parsed_subtitles_6 @ 0000018fba754540] Error getting metadata for embedded font 'sseriffe.fon'
[Parsed_subtitles_6 @ 0000018fba754540] No charmap autodetected, trying the first one
[Parsed_subtitles_6 @ 0000018fba754540] Error getting metadata for embedded font 'sseriffg.fon'
[Parsed_subtitles_6 @ 0000018fba754540] No charmap autodetected, trying the first one
[Parsed_subtitles_6 @ 0000018fba754540] Error getting metadata for embedded font 'sseriffg.fon'
[Parsed_subtitles_6 @ 0000018fba754540] No charmap autodetected, trying the first one
[Parsed_subtitles_6 @ 0000018fba754540] Error getting metadata for embedded font 'sseriffg.fon'
[Parsed_subtitles_6 @ 0000018fba754540] No charmap autodetected, trying the first one
[Parsed_subtitles_6 @ 0000018fba754540] Error getting metadata for embedded font 'sseriffg.fon'
[Parsed_subtitles_6 @ 0000018fba754540] No charmap autodetected, trying the first one
[Parsed_subtitles_6 @ 0000018fba754540] Error getting metadata for embedded font 'sseriffg.fon'
[Parsed_subtitles_6 @ 0000018fba754540] No charmap autodetected, trying the first one
[Parsed_subtitles_6 @ 0000018fba754540] Error getting metadata for embedded font 'sseriffg.fon'
[Parsed_subtitles_6 @ 0000018fba754540] No charmap autodetected, trying the first one
[Parsed_subtitles_6 @ 0000018fba754540] Error getting metadata for embedded font 'sseriffr.fon'
[Parsed_subtitles_6 @ 0000018fba754540] No charmap autodetected, trying the first one
[Parsed_subtitles_6 @ 0000018fba754540] Error getting metadata for embedded font 'sseriffr.fon'
[Parsed_subtitles_6 @ 0000018fba754540] No charmap autodetected, trying the first one
[Parsed_subtitles_6 @ 0000018fba754540] Error getting metadata for embedded font 'sseriffr.fon'
[Parsed_subtitles_6 @ 0000018fba754540] No charmap autodetected, trying the first one
[Parsed_subtitles_6 @ 0000018fba754540] Error getting metadata for embedded font 'sseriffr.fon'
[Parsed_subtitles_6 @ 0000018fba754540] No charmap autodetected, trying the first one
[Parsed_subtitles_6 @ 0000018fba754540] Error getting metadata for embedded font 'sseriffr.fon'
[Parsed_subtitles_6 @ 0000018fba754540] No charmap autodetected, trying the first one
[Parsed_subtitles_6 @ 0000018fba754540] Error getting metadata for embedded font 'sseriffr.fon'
[Parsed_subtitles_6 @ 0000018fba754540] No charmap autodetected, trying the first one
[Parsed_subtitles_6 @ 0000018fba754540] Error getting metadata for embedded font 'sserifft.fon'
[Parsed_subtitles_6 @ 0000018fba754540] No charmap autodetected, trying the first one
[Parsed_subtitles_6 @ 0000018fba754540] Error getting metadata for embedded font 'sserifft.fon'
[Parsed_subtitles_6 @ 0000018fba754540] No charmap autodetected, trying the first one
[Parsed_subtitles_6 @ 0000018fba754540] Error getting metadata for embedded font 'sserifft.fon'
[Parsed_subtitles_6 @ 0000018fba754540] No charmap autodetected, trying the first one
[Parsed_subtitles_6 @ 0000018fba754540] Error getting metadata for embedded font 'sserifft.fon'
[Parsed_subtitles_6 @ 0000018fba754540] No charmap autodetected, trying the first one
[Parsed_subtitles_6 @ 0000018fba754540] Error getting metadata for embedded font 'sserifft.fon'
[Parsed_subtitles_6 @ 0000018fba754540] No charmap autodetected, trying the first one
[Parsed_subtitles_6 @ 0000018fba754540] Error getting metadata for embedded font 'sserifft.fon'
[Parsed_subtitles_6 @ 0000018fba754540] Error opening memory font 'StaticCache.dat'
[Parsed_subtitles_6 @ 0000018fba754540] No charmap autodetected, trying the first one
[Parsed_subtitles_6 @ 0000018fba754540] Error getting metadata for embedded font 'svgafix.fon'
[Parsed_subtitles_6 @ 0000018fba754540] No charmap autodetected, trying the first one
[Parsed_subtitles_6 @ 0000018fba754540] Error getting metadata for embedded font 'svgasys.fon'
[Parsed_subtitles_6 @ 0000018fba754540] No charmap autodetected, trying the first one
[Parsed_subtitles_6 @ 0000018fba754540] Error getting metadata for embedded font 'svgasys.fon'
[Parsed_subtitles_6 @ 0000018fba754540] No charmap autodetected, trying the first one
[Parsed_subtitles_6 @ 0000018fba754540] Error getting metadata for embedded font 'vga737.fon'
[Parsed_subtitles_6 @ 0000018fba754540] No charmap autodetected, trying the first one
[Parsed_subtitles_6 @ 0000018fba754540] Error getting metadata for embedded font 'vga775.fon'
[Parsed_subtitles_6 @ 0000018fba754540] No charmap autodetected, trying the first one
[Parsed_subtitles_6 @ 0000018fba754540] Error getting metadata for embedded font 'vga850.fon'
[Parsed_subtitles_6 @ 0000018fba754540] No charmap autodetected, trying the first one
[Parsed_subtitles_6 @ 0000018fba754540] Error getting metadata for embedded font 'vga852.fon'
[Parsed_subtitles_6 @ 0000018fba754540] No charmap autodetected, trying the first one
[Parsed_subtitles_6 @ 0000018fba754540] Error getting metadata for embedded font 'vga855.fon'
[Parsed_subtitles_6 @ 0000018fba754540] No charmap autodetected, trying the first one
[Parsed_subtitles_6 @ 0000018fba754540] Error getting metadata for embedded font 'vga857.fon'
[Parsed_subtitles_6 @ 0000018fba754540] No charmap autodetected, trying the first one
[Parsed_subtitles_6 @ 0000018fba754540] Error getting metadata for embedded font 'vga860.fon'
[Parsed_subtitles_6 @ 0000018fba754540] No charmap autodetected, trying the first one
[Parsed_subtitles_6 @ 0000018fba754540] Error getting metadata for embedded font 'vga861.fon'
[Parsed_subtitles_6 @ 0000018fba754540] No charmap autodetected, trying the first one
[Parsed_subtitles_6 @ 0000018fba754540] Error getting metadata for embedded font 'vga863.fon'
[Parsed_subtitles_6 @ 0000018fba754540] No charmap autodetected, trying the first one
[Parsed_subtitles_6 @ 0000018fba754540] Error getting metadata for embedded font 'vga865.fon'
[Parsed_subtitles_6 @ 0000018fba754540] No charmap autodetected, trying the first one
[Parsed_subtitles_6 @ 0000018fba754540] Error getting metadata for embedded font 'vga866.fon'
[Parsed_subtitles_6 @ 0000018fba754540] No charmap autodetected, trying the first one
[Parsed_subtitles_6 @ 0000018fba754540] Error getting metadata for embedded font 'vga869.fon'
[Parsed_subtitles_6 @ 0000018fba754540] No charmap autodetected, trying the first one
[Parsed_subtitles_6 @ 0000018fba754540] Error getting metadata for embedded font 'vga932.fon'
[Parsed_subtitles_6 @ 0000018fba754540] No charmap autodetected, trying the first one
[Parsed_subtitles_6 @ 0000018fba754540] Error getting metadata for embedded font 'vga936.fon'
[Parsed_subtitles_6 @ 0000018fba754540] No charmap autodetected, trying the first one
[Parsed_subtitles_6 @ 0000018fba754540] Error getting metadata for embedded font 'vga949.fon'
[Parsed_subtitles_6 @ 0000018fba754540] No charmap autodetected, trying the first one
[Parsed_subtitles_6 @ 0000018fba754540] Error getting metadata for embedded font 'vga950.fon'
[Parsed_subtitles_6 @ 0000018fba754540] No charmap autodetected, trying the first one
[Parsed_subtitles_6 @ 0000018fba754540] Error getting metadata for embedded font 'vgaf1255.fon'
[Parsed_subtitles_6 @ 0000018fba754540] No charmap autodetected, trying the first one
[Parsed_subtitles_6 @ 0000018fba754540] Error getting metadata for embedded font 'vgaf1256.fon'
[Parsed_subtitles_6 @ 0000018fba754540] No charmap autodetected, trying the first one
[Parsed_subtitles_6 @ 0000018fba754540] Error getting metadata for embedded font 'vgaf1257.fon'
[Parsed_subtitles_6 @ 0000018fba754540] No charmap autodetected, trying the first one
[Parsed_subtitles_6 @ 0000018fba754540] Error getting metadata for embedded font 'vgaf874.fon'
[Parsed_subtitles_6 @ 0000018fba754540] No charmap autodetected, trying the first one
[Parsed_subtitles_6 @ 0000018fba754540] Error getting metadata for embedded font 'vgafix.fon'
[Parsed_subtitles_6 @ 0000018fba754540] No charmap autodetected, trying the first one
[Parsed_subtitles_6 @ 0000018fba754540] Error getting metadata for embedded font 'vgafixe.fon'
[Parsed_subtitles_6 @ 0000018fba754540] No charmap autodetected, trying the first one
[Parsed_subtitles_6 @ 0000018fba754540] Error getting metadata for embedded font 'vgafixg.fon'
[Parsed_subtitles_6 @ 0000018fba754540] No charmap autodetected, trying the first one
[Parsed_subtitles_6 @ 0000018fba754540] Error getting metadata for embedded font 'vgafixr.fon'
[Parsed_subtitles_6 @ 0000018fba754540] No charmap autodetected, trying the first one
[Parsed_subtitles_6 @ 0000018fba754540] Error getting metadata for embedded font 'vgafixt.fon'
[Parsed_subtitles_6 @ 0000018fba754540] No charmap autodetected, trying the first one
[Parsed_subtitles_6 @ 0000018fba754540] Error getting metadata for embedded font 'vgaoem.fon'
[Parsed_subtitles_6 @ 0000018fba754540] No charmap autodetected, trying the first one
[Parsed_subtitles_6 @ 0000018fba754540] Error getting metadata for embedded font 'vgas1255.fon'
[Parsed_subtitles_6 @ 0000018fba754540] No charmap autodetected, trying the first one
[Parsed_subtitles_6 @ 0000018fba754540] Error getting metadata for embedded font 'vgas1256.fon'
[Parsed_subtitles_6 @ 0000018fba754540] No charmap autodetected, trying the first one
[Parsed_subtitles_6 @ 0000018fba754540] Error getting metadata for embedded font 'vgas1257.fon'
[Parsed_subtitles_6 @ 0000018fba754540] No charmap autodetected, trying the first one
[Parsed_subtitles_6 @ 0000018fba754540] Error getting metadata for embedded font 'vgas874.fon'
[Parsed_subtitles_6 @ 0000018fba754540] No charmap autodetected, trying the first one
[Parsed_subtitles_6 @ 0000018fba754540] Error getting metadata for embedded font 'vgasys.fon'
[Parsed_subtitles_6 @ 0000018fba754540] No charmap autodetected, trying the first one
[Parsed_subtitles_6 @ 0000018fba754540] Error getting metadata for embedded font 'vgasyse.fon'
[Parsed_subtitles_6 @ 0000018fba754540] No charmap autodetected, trying the first one
[Parsed_subtitles_6 @ 0000018fba754540] Error getting metadata for embedded font 'vgasysg.fon'
[Parsed_subtitles_6 @ 0000018fba754540] No charmap autodetected, trying the first one
[Parsed_subtitles_6 @ 0000018fba754540] Error getting metadata for embedded font 'vgasysr.fon'
[Parsed_subtitles_6 @ 0000018fba754540] No charmap autodetected, trying the first one
[Parsed_subtitles_6 @ 0000018fba754540] Error getting metadata for embedded font 'vgasyst.fon'
[Parsed_subtitles_6 @ 0000018fba754540] Using font provider directwrite (with GDI)
Input #0, mov,mp4,m4a,3gp,3g2,mj2, from 'C:\Users\n\AppData\Local\Temp\tmpmeb7dnb8\clip_3_1742_1791.mp4':
  Metadata:
    major_brand     : isom
    minor_version   : 512
    compatible_brands: isomiso2avc1mp41
    encoder         : Lavf63.5.101
  Duration: 00:00:48.84, start: 0.000000, bitrate: 4914 kb/s
  Stream #0:0[0x1](und): Video: h264 (Constrained Baseline) (avc1 / 0x31637661), yuv420p(tv, bt709, progressive), 1280x720 [SAR 1:1 DAR 16:9], 4828 kb/s, 25 fps, 25 tbr, 12800 tbn, start 0.040000 (default)
    Metadata:
      handler_name    : ISO Media file produced by Google Inc.
      encoder         : Lavc63.6.101 libx264
  Stream #0:1[0x2](und): Audio: aac (LC) (mp4a / 0x6134706D), 44100 Hz, stereo, fltp, 84 kb/s (default)
    Metadata:
      handler_name    : ISO Media file produced by Google Inc.
Input #1, mov,mp4,m4a,3gp,3g2,mj2, from 'C:\Users\n\Documents\hotshort\assets\transitions\light_leak_1080x1920_v3.mp4':
  Metadata:
    major_brand     : isom
    minor_version   : 512
    compatible_brands: isomiso2mp41
    encoder         : Lavf61.7.100
  Duration: 00:00:01.00, start: 0.000000, bitrate: 6185 kb/s
  Stream #1:0[0x1](und): Video: mpeg4 (Simple Profile) (mp4v / 0x7634706D), yuv420p, 1080x1920 [SAR 1:1 DAR 9:16], 6176 kb/s, 30 fps, 30 tbr, 15360 tbn (default)
    Metadata:
      handler_name    : VideoHandler
[aist#2:0/pcm_s16le @ 0000018fcfe04540] Guessed Channel Layout: mono
Input #2, wav, from 'C:\Users\n\Documents\hotshort\assets\transitions\swoosh.wav':
  Duration: 00:00:01.00, bitrate: 705 kb/s
  Stream #2:0: Audio: pcm_s16le ([1][0][0][0] / 0x0001), 44100 Hz, mono, s16, 705 kb/s
[aist#3:0/pcm_s16le @ 0000018fcfe03a40] Guessed Channel Layout: mono
Input #3, wav, from 'C:\Users\n\Documents\hotshort\assets\transitions\camera_click.wav':
  Duration: 00:00:00.18, bitrate: 707 kb/s
  Stream #3:0: Audio: pcm_s16le ([1][0][0][0] / 0x0001), 44100 Hz, mono, s16, 705 kb/s
[in#4 @ 0000018fba735a80] st: 0 edit list: 1 Missing key frame while searching for timestamp: 1000
[in#4 @ 0000018fba735a80] st: 0 edit list 1 Cannot find an index entry before timestamp: 1000.
[aist#4:1/pcm_s16be @ 0000018fcfe03c00] Guessed Channel Layout: stereo
Input #4, mov,mp4,m4a,3gp,3g2,mj2, from 'C:\Users\n\Documents\hotshort\assets\Dopamine_assets\DB_THINKING_1.MP4':
  Metadata:
    major_brand     : XAVC
    minor_version   : 16785407
    compatible_brands: XAVCmp42iso2
    creation_time   : 2024-09-07T20:33:19.000000Z
  Duration: 00:00:06.24, start: 0.000000, bitrate: 86220 kb/s
  Stream group #4:0[0x3]: Track Reference:
    Stream #4:0[0x1](und): Video: h264 (High) (avc1 / 0x31637661), yuv420p(tv, bt709, progressive), 1920x1080 [SAR 1:1 DAR 16:9], 57048 kb/s, 100 fps, 100 tbr, 100k tbn (default)
      Metadata:
        creation_time   : 2024-09-07T20:33:19.000000Z
        handler_name    : Video Media Handler
        encoder         : AVC Coding
    Stream #4:2[0x3](und): Data: none (rtmd / 0x646D7472), 2457 kb/s (default)
      Metadata:
        creation_time   : 2024-09-07T20:33:19.000000Z
        handler_name    : Timed Metadata Media Handler
        timecode        : 14:24:19:20
  Stream #4:1[0x2](und): Audio: pcm_s16be (twos / 0x736F7774), 48000 Hz, stereo, s16, 1536 kb/s (default)
    Metadata:
      creation_time   : 2024-09-07T20:33:19.000000Z
      handler_name    : Sound Media Handler
Input #5, mov,mp4,m4a,3gp,3g2,mj2, from 'C:\Users\n\Documents\hotshort\assets\Dopamine_assets\db_luxury_house.mp4':
  Metadata:
    major_brand     : mp42
    minor_version   : 0
    compatible_brands: mp42isom
  Duration: 00:00:03.35, start: 0.000000, bitrate: 1708 kb/s
  Stream #5:0[0x1](und): Video: h264 (High) (avc1 / 0x31637661), yuv420p(tv, bt709/bt709/smpte170m, progressive), 478x850, 1386 kb/s, 30.13 fps, 30 tbr, 90k tbn (default)
  Stream #5:1[0x2](und): Audio: aac (LC) (mp4a / 0x6134706D), 44100 Hz, stereo, fltp, 317 kb/s (default)
Input #6, mov,mp4,m4a,3gp,3g2,mj2, from 'C:\Users\n\Documents\hotshort\assets\Dopamine_assets\db_lxury.mp4':
  Metadata:
    major_brand     : mp42
    minor_version   : 0
    compatible_brands: mp42isom
  Duration: 00:00:05.69, start: 0.000000, bitrate: 1686 kb/s
  Stream #6:0[0x1](und): Video: h264 (High) (avc1 / 0x31637661), yuv420p(tv, bt709/bt709/smpte170m, progressive), 478x850, 1366 kb/s, 30.04 fps, 30 tbr, 90k tbn (default)
  Stream #6:1[0x2](und): Audio: aac (LC) (mp4a / 0x6134706D), 44100 Hz, stereo, fltp, 317 kb/s (default)
[in#7 @ 0000018fba734fc0] st: 0 edit list: 1 Missing key frame while searching for timestamp: 1000
[in#7 @ 0000018fba734fc0] st: 0 edit list 1 Cannot find an index entry before timestamp: 1000.
[aist#7:1/pcm_s16be @ 0000018fba73e480] Guessed Channel Layout: stereo
Input #7, mov,mp4,m4a,3gp,3g2,mj2, from 'C:\Users\n\Documents\hotshort\assets\Dopamine_assets\DB_THINKING_1.MP4':
  Metadata:
    major_brand     : XAVC
    minor_version   : 16785407
    compatible_brands: XAVCmp42iso2
    creation_time   : 2024-09-07T20:33:19.000000Z
  Duration: 00:00:06.24, start: 0.000000, bitrate: 86220 kb/s
  Stream group #7:0[0x3]: Track Reference:
    Stream #7:0[0x1](und): Video: h264 (High) (avc1 / 0x31637661), yuv420p(tv, bt709, progressive), 1920x1080 [SAR 1:1 DAR 16:9], 57048 kb/s, 100 fps, 100 tbr, 100k tbn (default)
      Metadata:
        creation_time   : 2024-09-07T20:33:19.000000Z
        handler_name    : Video Media Handler
        encoder         : AVC Coding
    Stream #7:2[0x3](und): Data: none (rtmd / 0x646D7472), 2457 kb/s (default)
      Metadata:
        creation_time   : 2024-09-07T20:33:19.000000Z
        handler_name    : Timed Metadata Media Handler
        timecode        : 14:24:19:20
  Stream #7:1[0x2](und): Audio: pcm_s16be (twos / 0x736F7774), 48000 Hz, stereo, s16, 1536 kb/s (default)
    Metadata:
      creation_time   : 2024-09-07T20:33:19.000000Z
      handler_name    : Sound Media Handler
Input #8, mov,mp4,m4a,3gp,3g2,mj2, from 'C:\Users\n\Documents\hotshort\assets\Dopamine_assets\db_lxury.mp4':
  Metadata:
    major_brand     : mp42
    minor_version   : 0
    compatible_brands: mp42isom
  Duration: 00:00:05.69, start: 0.000000, bitrate: 1686 kb/s
  Stream #8:0[0x1](und): Video: h264 (High) (avc1 / 0x31637661), yuv420p(tv, bt709/bt709/smpte170m, progressive), 478x850, 1366 kb/s, 30.04 fps, 30 tbr, 90k tbn (default)
  Stream #8:1[0x2](und): Audio: aac (LC) (mp4a / 0x6134706D), 44100 Hz, stereo, fltp, 317 kb/s (default)
Input #9, mov,mp4,m4a,3gp,3g2,mj2, from 'C:\Users\n\Documents\hotshort\assets\Dopamine_assets\DB_LUXURY_1.mp4':
  Metadata:
    major_brand     : qt  
    minor_version   : 0
    compatible_brands: qt  
    creation_time   : 2024-07-25T02:19:59.000000Z
    com.apple.quicktime.location.accuracy.horizontal: 4.742039
    com.apple.quicktime.cinematic-video: 
    com.apple.quicktime.location.ISO6709: +36.2251+029.3756+003.930/
    com.apple.quicktime.make: Apple
    com.apple.quicktime.model: iPhone 15 Pro Max
    com.apple.quicktime.software: 17.6
    com.apple.quicktime.creationdate: 2024-07-24T19:58:46+0300
  Duration: 00:00:11.34, start: 0.000000, bitrate: 20665 kb/s
  Stream #9:0[0x1](und): Video: hevc (Main 10) (hvc1 / 0x31637668), yuv420p10le(tv, bt2020nc/bt2020/arib-std-b67), 3840x2160, 20468 kb/s, 30 fps, 30 tbr, 600 tbn (default)
    Metadata:
      creation_time   : 2024-07-25T02:19:59.000000Z
      handler_name    : Core Media Video
      vendor_id       : [0][0][0][0]
      encoder         : HEVC
    Side data:
      DOVI configuration record: version: 1.0, profile: 8, level: 8, rpu flag: 1, el flag: 0, bl flag: 1, compatibility id: 4, compression: 0
      Display Matrix: rotation of -90.00 degrees
      Ambient viewing environment: ambient_illuminance=314.000000, ambient_light_x=0.312700, ambient_light_y=0.329000
  Stream #9:1[0x2](und): Audio: aac (LC) (mp4a / 0x6134706D), 44100 Hz, stereo, fltp, 188 kb/s (default)
    Metadata:
      creation_time   : 2024-07-25T02:19:59.000000Z
      handler_name    : Core Media Audio
      vendor_id       : [0][0][0][0]
Input #10, mov,mp4,m4a,3gp,3g2,mj2, from 'C:\Users\n\Documents\hotshort\assets\Dopamine_assets\db_lxury.mp4':
  Metadata:
    major_brand     : mp42
    minor_version   : 0
    compatible_brands: mp42isom
  Duration: 00:00:05.69, start: 0.000000, bitrate: 1686 kb/s
  Stream #10:0[0x1](und): Video: h264 (High) (avc1 / 0x31637661), yuv420p(tv, bt709/bt709/smpte170m, progressive), 478x850, 1366 kb/s, 30.04 fps, 30 tbr, 90k tbn (default)
  Stream #10:1[0x2](und): Audio: aac (LC) (mp4a / 0x6134706D), 44100 Hz, stereo, fltp, 317 kb/s (default)
Input #11, mov,mp4,m4a,3gp,3g2,mj2, from 'C:\Users\n\Documents\hotshort\assets\Dopamine_assets\db_luxury_house.mp4':
  Metadata:
    major_brand     : mp42
    minor_version   : 0
    compatible_brands: mp42isom
  Duration: 00:00:03.35, start: 0.000000, bitrate: 1708 kb/s
  Stream #11:0[0x1](und): Video: h264 (High) (avc1 / 0x31637661), yuv420p(tv, bt709/bt709/smpte170m, progressive), 478x850, 1386 kb/s, 30.13 fps, 30 tbr, 90k tbn (default)
  Stream #11:1[0x2](und): Audio: aac (LC) (mp4a / 0x6134706D), 44100 Hz, stereo, fltp, 317 kb/s (default)
Input #12, mp3, from 'C:\Users\n\Documents\hotshort\assets\phonk_music\phonk_1.mp3':
  Metadata:
    encoder         : Lavf60.3.100
    title           : ï»¿Sky Verse
    artist          : ï»¿Lieless, Luuna, Yarimov
    TLEN            : 102000
    album           : ï»¿Sky Verse
    lyrics-eng      : [00:00.00]Heat.
                    : [00:02.08][Music]
                    : [00:07.20]Heat.
                    : [00:17.19]Heat.
                    : [00:38.48]Heat.
                    : [00:56.80]Heat. Heat.
                    : [01:15.11]Heat. Heat.
                    : [01:25.11]Yeah.
                    : [01:31.20]Heat.
                    : [01:40.10][Music]
                    : 
  Duration: 00:01:41.90, start: 0.011021, bitrate: 162 kb/s
  Stream #12:0: Audio: mp3 (mp3float), 48000 Hz, stereo, fltp, 160 kb/s, start 0.011021
    Metadata:
      encoder         : Lavc60.3.
  Stream #12:1: Video: mjpeg (Baseline), yuvj420p(pc, bt470bg/unknown/unknown), 1280x720 [SAR 1:1 DAR 16:9], 90k tbr, 90k tbn, start 0.011022 (attached pic)
    Metadata:
      title           : attached picture
      comment         : Cover (front)
[fc#0 @ 0000018fba722540] Filter 'amix:default' has output 2 (hs_final_a) unconnected
Error binding filtergraph inputs/outputs: Invalid argument
; [2121.21-2191.73]: FFmpeg failed with exit code 4294967274:
ffmpeg version N-125674-g9bc73ba344-20260719 Copyright (c) 2000-2026 the FFmpeg developers
  built with gcc 15.2.0 (crosstool-NG 1.28.0.23_185f348)
  configuration: --prefix=/ffbuild/prefix --pkg-config-flags=--static --pkg-config=pkg-config --cross-prefix=x86_64-w64-mingw32- --arch=x86_64 --target-os=mingw32 --enable-gpl --enable-version3 --disable-debug --disable-w32threads --enable-pthreads --enable-iconv --enable-zlib --enable-libxml2 --enable-libvmaf --enable-fontconfig --enable-libharfbuzz --enable-libfreetype --enable-libfribidi --enable-vulkan --enable-libvorbis --disable-libxcb --disable-xlib --disable-libpulse --enable-gmp --enable-lzma --enable-liblcevc-dec --enable-opencl --enable-amf --enable-libaom --enable-libaribb24 --enable-avisynth --enable-chromaprint --enable-libdav1d --enable-libdavs2 --enable-libdvdread --enable-libdvdnav --disable-libfdk-aac --enable-ffnvcodec --enable-cuda-llvm --enable-frei0r --enable-libgme --enable-libkvazaar --enable-libaribcaption --enable-libass --enable-libbluray --enable-libjxl --enable-libmp3lame --enable-libopus --enable-libplacebo --enable-librist --enable-libssh --enable-libtheora --enable-libvpx --enable-libwebp --enable-libzmq --enable-lv2 --enable-libvpl --enable-openal --enable-liboapv --enable-libopencore-amrnb --enable-libopencore-amrwb --enable-libopenh264 --enable-libopenjpeg --enable-libopenmpt --enable-librav1e --enable-librubberband --enable-schannel --enable-sdl2 --enable-libsnappy --enable-libsoxr --enable-libsrt --enable-libsvtav1 --enable-libtwolame --enable-libuavs3d --disable-libdrm --enable-vaapi --enable-libvidstab --enable-libvvenc --disable-whisper --enable-libx264 --enable-libx265 --enable-libxavs2 --enable-libxvid --enable-libzimg --enable-libzvbi --extra-cflags=-DLIBTWOLAME_STATIC --extra-cxxflags= --extra-libs=-lgomp --extra-ldflags=-pthread --extra-ldexeflags= --cc=x86_64-w64-mingw32-gcc --cxx=x86_64-w64-mingw32-g++ --ar=x86_64-w64-mingw32-gcc-ar --ranlib=x86_64-w64-mingw32-gcc-ranlib --nm=x86_64-w64-mingw32-gcc-nm --extra-version=20260719
  libavutil      61.  5.100 / 61.  5.100
  libavcodec     63.  6.101 / 63.  6.101
  libavformat    63.  5.101 / 63.  5.101
  libavdevice    63.  2.100 / 63.  2.100
  libavfilter    12.  3.101 / 12.  3.101
  libswscale     10.  2.100 / 10.  2.100
  libswresample   7.  2.100 /  7.  2.100
[Parsed_subtitles_6 @ 0000020bc61c4e80] libass API version: 0x1705000
[Parsed_subtitles_6 @ 0000020bc61c4e80] libass source: meson, commit: 4a05d8127f525943ebf45fdc6497c9e665947f0d
[Parsed_subtitles_6 @ 0000020bc61c4e80] Shaper: FriBidi 1.0.16 (SIMPLE) HarfBuzz-ng 14.2.1 (COMPLEX)
[Parsed_subtitles_6 @ 0000020bc61c4e80] Loading font file 'C:/Windows/Fonts\8514fix.fon'
[Parsed_subtitles_6 @ 0000020bc61c4e80] Loading font file 'C:/Windows/Fonts\8514fixe.fon'
[Parsed_subtitles_6 @ 0000020bc61c4e80] Loading font file 'C:/Windows/Fonts\8514fixg.fon'
[Parsed_subtitles_6 @ 0000020bc61c4e80] Loading font file 'C:/Windows/Fonts\8514fixr.fon'
[Parsed_subtitles_6 @ 0000020bc61c4e80] Loading font file 'C:/Windows/Fonts\8514fixt.fon'
[Parsed_subtitles_6 @ 0000020bc61c4e80] Loading font file 'C:/Windows/Fonts\8514oem.fon'
[Parsed_subtitles_6 @ 0000020bc61c4e80] Loading font file 'C:/Windows/Fonts\8514oeme.fon'
[Parsed_subtitles_6 @ 0000020bc61c4e80] Loading font file 'C:/Windows/Fonts\8514oemg.fon'
[Parsed_subtitles_6 @ 0000020bc61c4e80] Loading font file 'C:/Windows/Fonts\8514oemr.fon'
[Parsed_subtitles_6 @ 0000020bc61c4e80] Loading font file 'C:/Windows/Fonts\8514oemt.fon'
[Parsed_subtitles_6 @ 0000020bc61c4e80] Loading font file 'C:/Windows/Fonts\8514sys.fon'
[Parsed_subtitles_6 @ 0000020bc61c4e80] Loading font file 'C:/Windows/Fonts\8514syse.fon'
[Parsed_subtitles_6 @ 0000020bc61c4e80] Loading font file 'C:/Windows/Fonts\8514sysg.fon'
[Parsed_subtitles_6 @ 0000020bc61c4e80] Loading font file 'C:/Windows/Fonts\8514sysr.fon'
[Parsed_subtitles_6 @ 0000020bc61c4e80] Loading font file 'C:/Windows/Fonts\8514syst.fon'
[Parsed_subtitles_6 @ 0000020bc61c4e80] Loading font file 'C:/Windows/Fonts\85775.fon'
[Parsed_subtitles_6 @ 0000020bc61c4e80] Loading font file 'C:/Windows/Fonts\85855.fon'
[Parsed_subtitles_6 @ 0000020bc61c4e80] Loading font file 'C:/Windows/Fonts\85f1255.fon'
[Parsed_subtitles_6 @ 0000020bc61c4e80] Loading font file 'C:/Windows/Fonts\85f1256.fon'
[Parsed_subtitles_6 @ 0000020bc61c4e80] Loading font file 'C:/Windows/Fonts\85f1257.fon'
[Parsed_subtitles_6 @ 0000020bc61c4e80] Loading font file 'C:/Windows/Fonts\85f874.fon'
[Parsed_subtitles_6 @ 0000020bc61c4e80] Loading font file 'C:/Windows/Fonts\85s1255.fon'
[Parsed_subtitles_6 @ 0000020bc61c4e80] Loading font file 'C:/Windows/Fonts\85s1256.fon'
[Parsed_subtitles_6 @ 0000020bc61c4e80] Loading font file 'C:/Windows/Fonts\85s1257.fon'
[Parsed_subtitles_6 @ 0000020bc61c4e80] Loading font file 'C:/Windows/Fonts\85s874.fon'
[Parsed_subtitles_6 @ 0000020bc61c4e80] Loading font file 'C:/Windows/Fonts\AGENCYB.TTF'
[Parsed_subtitles_6 @ 0000020bc61c4e80] Loading font file 'C:/Windows/Fonts\AGENCYR.TTF'
[Parsed_subtitles_6 @ 0000020bc61c4e80] Loading font file 'C:/Windows/Fonts\ALGER.TTF'
[Parsed_subtitles_6 @ 0000020bc61c4e80] Loading font file 'C:/Windows/Fonts\ANTQUAB.TTF'
[Parsed_subtitles_6 @ 0000020bc61c4e80] Loading font file 'C:/Windows/Fonts\ANTQUABI.TTF'
[Parsed_subtitles_6 @ 0000020bc61c4e80] Loading font file 'C:/Windows/Fonts\ANTQUAI.TTF'
[Parsed_subtitles_6 @ 0000020bc61c4e80] Loading font file 'C:/Windows/Fonts\app775.fon'
[Parsed_subtitles_6 @ 0000020bc61c4e80] Loading font file 'C:/Windows/Fonts\app850.fon'
[Parsed_subtitles_6 @ 0000020bc61c4e80] Loading font file 'C:/Windows/Fonts\app852.fon'
[Parsed_subtitles_6 @ 0000020bc61c4e80] Loading font file 'C:/Windows/Fonts\app855.fon'
[Parsed_subtitles_6 @ 0000020bc61c4e80] Loading font file 'C:/Windows/Fonts\app857.fon'
[Parsed_subtitles_6 @ 0000020bc61c4e80] Loading font file 'C:/Windows/Fonts\app866.fon'
[Parsed_subtitles_6 @ 0000020bc61c4e80] Loading font file 'C:/Windows/Fonts\app932.fon'
[Parsed_subtitles_6 @ 0000020bc61c4e80] Loading font file 'C:/Windows/Fonts\app936.fon'
[Parsed_subtitles_6 @ 0000020bc61c4e80] Loading font file 'C:/Windows/Fonts\app949.fon'
[Parsed_subtitles_6 @ 0000020bc61c4e80] Loading font file 'C:/Windows/Fonts\app950.fon'
[Parsed_subtitles_6 @ 0000020bc61c4e80] Loading font file 'C:/Windows/Fonts\arial.ttf'
[Parsed_subtitles_6 @ 0000020bc61c4e80] Loading font file 'C:/Windows/Fonts\arialbd.ttf'
[Parsed_subtitles_6 @ 0000020bc61c4e80] Loading font file 'C:/Windows/Fonts\arialbi.ttf'
[Parsed_subtitles_6 @ 0000020bc61c4e80] Loading font file 'C:/Windows/Fonts\ariali.ttf'
[Parsed_subtitles_6 @ 0000020bc61c4e80] Loading font file 'C:/Windows/Fonts\ARIALN.TTF'
[Parsed_subtitles_6 @ 0000020bc61c4e80] Loading font file 'C:/Windows/Fonts\ARIALNB.TTF'
[Parsed_subtitles_6 @ 0000020bc61c4e80] Loading font file 'C:/Windows/Fonts\ARIALNBI.TTF'
[Parsed_subtitles_6 @ 0000020bc61c4e80] Loading font file 'C:/Windows/Fonts\ARIALNI.TTF'
[Parsed_subtitles_6 @ 0000020bc61c4e80] Loading font file 'C:/Windows/Fonts\ariblk.ttf'
[Parsed_subtitles_6 @ 0000020bc61c4e80] Loading font file 'C:/Windows/Fonts\ARLRDBD.TTF'
[Parsed_subtitles_6 @ 0000020bc61c4e80] Loading font file 'C:/Windows/Fonts\bahnschrift.ttf'
[Parsed_subtitles_6 @ 0000020bc61c4e80] Loading font file 'C:/Windows/Fonts\BASKVILL.TTF'
[Parsed_subtitles_6 @ 0000020bc61c4e80] Loading font file 'C:/Windows/Fonts\BAUHS93.TTF'
[Parsed_subtitles_6 @ 0000020bc61c4e80] Loading font file 'C:/Windows/Fonts\BELL.TTF'
[Parsed_subtitles_6 @ 0000020bc61c4e80] Loading font file 'C:/Windows/Fonts\BELLB.TTF'
[Parsed_subtitles_6 @ 0000020bc61c4e80] Loading font file 'C:/Windows/Fonts\BELLI.TTF'
[Parsed_subtitles_6 @ 0000020bc61c4e80] Loading font file 'C:/Windows/Fonts\BERNHC.TTF'
[Parsed_subtitles_6 @ 0000020bc61c4e80] Loading font file 'C:/Windows/Fonts\BKANT.TTF'
[Parsed_subtitles_6 @ 0000020bc61c4e80] Loading font file 'C:/Windows/Fonts\BOD_B.TTF'
[Parsed_subtitles_6 @ 0000020bc61c4e80] Loading font file 'C:/Windows/Fonts\BOD_BI.TTF'
[Parsed_subtitles_6 @ 0000020bc61c4e80] Loading font file 'C:/Windows/Fonts\BOD_BLAI.TTF'
[Parsed_subtitles_6 @ 0000020bc61c4e80] Loading font file 'C:/Windows/Fonts\BOD_BLAR.TTF'
[Parsed_subtitles_6 @ 0000020bc61c4e80] Loading font file 'C:/Windows/Fonts\BOD_CB.TTF'
[Parsed_subtitles_6 @ 0000020bc61c4e80] Loading font file 'C:/Windows/Fonts\BOD_CBI.TTF'
[Parsed_subtitles_6 @ 0000020bc61c4e80] Loading font file 'C:/Windows/Fonts\BOD_CI.TTF'
[Parsed_subtitles_6 @ 0000020bc61c4e80] Loading font file 'C:/Windows/Fonts\BOD_CR.TTF'
[Parsed_subtitles_6 @ 0000020bc61c4e80] Loading font file 'C:/Windows/Fonts\BOD_I.TTF'
[Parsed_subtitles_6 @ 0000020bc61c4e80] Loading font file 'C:/Windows/Fonts\BOD_PSTC.TTF'
[Parsed_subtitles_6 @ 0000020bc61c4e80] Loading font file 'C:/Windows/Fonts\BOD_R.TTF'
[Parsed_subtitles_6 @ 0000020bc61c4e80] Loading font file 'C:/Windows/Fonts\BOOKOS.TTF'
[Parsed_subtitles_6 @ 0000020bc61c4e80] Loading font file 'C:/Windows/Fonts\BOOKOSB.TTF'
[Parsed_subtitles_6 @ 0000020bc61c4e80] Loading font file 'C:/Windows/Fonts\BOOKOSBI.TTF'
[Parsed_subtitles_6 @ 0000020bc61c4e80] Loading font file 'C:/Windows/Fonts\BOOKOSI.TTF'
[Parsed_subtitles_6 @ 0000020bc61c4e80] Loading font file 'C:/Windows/Fonts\BRADHITC.TTF'
[Parsed_subtitles_6 @ 0000020bc61c4e80] Loading font file 'C:/Windows/Fonts\BRITANIC.TTF'
[Parsed_subtitles_6 @ 0000020bc61c4e80] Loading font file 'C:/Windows/Fonts\BRLNSB.TTF'
[Parsed_subtitles_6 @ 0000020bc61c4e80] Loading font file 'C:/Windows/Fonts\BRLNSDB.TTF'
[Parsed_subtitles_6 @ 0000020bc61c4e80] Loading font file 'C:/Windows/Fonts\BRLNSR.TTF'
[Parsed_subtitles_6 @ 0000020bc61c4e80] Loading font file 'C:/Windows/Fonts\BROADW.TTF'
[Parsed_subtitles_6 @ 0000020bc61c4e80] Loading font file 'C:/Windows/Fonts\BRUSHSCI.TTF'
[Parsed_subtitles_6 @ 0000020bc61c4e80] Loading font file 'C:/Windows/Fonts\BSSYM7.TTF'
[Parsed_subtitles_6 @ 0000020bc61c4e80] Loading font file 'C:/Windows/Fonts\c8514fix.fon'
[Parsed_subtitles_6 @ 0000020bc61c4e80] Loading font file 'C:/Windows/Fonts\c8514oem.fon'
[Parsed_subtitles_6 @ 0000020bc61c4e80] Loading font file 'C:/Windows/Fonts\c8514sys.fon'
[Parsed_subtitles_6 @ 0000020bc61c4e80] Loading font file 'C:/Windows/Fonts\calibri.ttf'
[Parsed_subtitles_6 @ 0000020bc61c4e80] Loading font file 'C:/Windows/Fonts\calibrib.ttf'
[Parsed_subtitles_6 @ 0000020bc61c4e80] Loading font file 'C:/Windows/Fonts\calibrii.ttf'
[Parsed_subtitles_6 @ 0000020bc61c4e80] Loading font file 'C:/Windows/Fonts\calibril.ttf'
[Parsed_subtitles_6 @ 0000020bc61c4e80] Loading font file 'C:/Windows/Fonts\calibrili.ttf'
[Parsed_subtitles_6 @ 0000020bc61c4e80] Loading font file 'C:/Windows/Fonts\calibriz.ttf'
[Parsed_subtitles_6 @ 0000020bc61c4e80] Loading font file 'C:/Windows/Fonts\CALIFB.TTF'
[Parsed_subtitles_6 @ 0000020bc61c4e80] Loading font file 'C:/Windows/Fonts\CALIFI.TTF'
[Parsed_subtitles_6 @ 0000020bc61c4e80] Loading font file 'C:/Windows/Fonts\CALIFR.TTF'
[Parsed_subtitles_6 @ 0000020bc61c4e80] Loading font file 'C:/Windows/Fonts\CALIST.TTF'
[Parsed_subtitles_6 @ 0000020bc61c4e80] Loading font file 'C:/Windows/Fonts\CALISTB.TTF'
[Parsed_subtitles_6 @ 0000020bc61c4e80] Loading font file 'C:/Windows/Fonts\CALISTBI.TTF'
[Parsed_subtitles_6 @ 0000020bc61c4e80] Loading font file 'C:/Windows/Fonts\CALISTI.TTF'
[Parsed_subtitles_6 @ 0000020bc61c4e80] Loading font file 'C:/Windows/Fonts\cambria.ttc'
[Parsed_subtitles_6 @ 0000020bc61c4e80] Loading font file 'C:/Windows/Fonts\cambriab.ttf'
[Parsed_subtitles_6 @ 0000020bc61c4e80] Loading font file 'C:/Windows/Fonts\cambriai.ttf'
[Parsed_subtitles_6 @ 0000020bc61c4e80] Loading font file 'C:/Windows/Fonts\cambriaz.ttf'
[Parsed_subtitles_6 @ 0000020bc61c4e80] Loading font file 'C:/Windows/Fonts\Candara.ttf'
[Parsed_subtitles_6 @ 0000020bc61c4e80] Loading font file 'C:/Windows/Fonts\Candarab.ttf'
[Parsed_subtitles_6 @ 0000020bc61c4e80] Loading font file 'C:/Windows/Fonts\Candarai.ttf'
[Parsed_subtitles_6 @ 0000020bc61c4e80] Loading font file 'C:/Windows/Fonts\Candaral.ttf'
[Parsed_subtitles_6 @ 0000020bc61c4e80] Loading font file 'C:/Windows/Fonts\Candarali.ttf'
[Parsed_subtitles_6 @ 0000020bc61c4e80] Loading font file 'C:/Windows/Fonts\Candaraz.ttf'
[Parsed_subtitles_6 @ 0000020bc61c4e80] Loading font file 'C:/Windows/Fonts\CascadiaCode.ttf'
[Parsed_subtitles_6 @ 0000020bc61c4e80] Loading font file 'C:/Windows/Fonts\CascadiaMono.ttf'
[Parsed_subtitles_6 @ 0000020bc61c4e80] Loading font file 'C:/Windows/Fonts\CASTELAR.TTF'
[Parsed_subtitles_6 @ 0000020bc61c4e80] Loading font file 'C:/Windows/Fonts\CENSCBK.TTF'
[Parsed_subtitles_6 @ 0000020bc61c4e80] Loading font file 'C:/Windows/Fonts\CENTAUR.TTF'
[Parsed_subtitles_6 @ 0000020bc61c4e80] Loading font file 'C:/Windows/Fonts\CENTURY.TTF'
[Parsed_subtitles_6 @ 0000020bc61c4e80] Loading font file 'C:/Windows/Fonts\cga40737.fon'
[Parsed_subtitles_6 @ 0000020bc61c4e80] Loading font file 'C:/Windows/Fonts\cga40850.fon'
[Parsed_subtitles_6 @ 0000020bc61c4e80] Loading font file 'C:/Windows/Fonts\cga40852.fon'
[Parsed_subtitles_6 @ 0000020bc61c4e80] Loading font file 'C:/Windows/Fonts\cga40857.fon'
[Parsed_subtitles_6 @ 0000020bc61c4e80] Loading font file 'C:/Windows/Fonts\cga40866.fon'
[Parsed_subtitles_6 @ 0000020bc61c4e80] Loading font file 'C:/Windows/Fonts\cga40869.fon'
[Parsed_subtitles_6 @ 0000020bc61c4e80] Loading font file 'C:/Windows/Fonts\cga40woa.fon'
[Parsed_subtitles_6 @ 0000020bc61c4e80] Loading font file 'C:/Windows/Fonts\cga80737.fon'
[Parsed_subtitles_6 @ 0000020bc61c4e80] Loading font file 'C:/Windows/Fonts\cga80850.fon'
[Parsed_subtitles_6 @ 0000020bc61c4e80] Loading font file 'C:/Windows/Fonts\cga80852.fon'
[Parsed_subtitles_6 @ 0000020bc61c4e80] Loading font file 'C:/Windows/Fonts\cga80857.fon'
[Parsed_subtitles_6 @ 0000020bc61c4e80] Loading font file 'C:/Windows/Fonts\cga80866.fon'
[Parsed_subtitles_6 @ 0000020bc61c4e80] Loading font file 'C:/Windows/Fonts\cga80869.fon'
[Parsed_subtitles_6 @ 0000020bc61c4e80] Loading font file 'C:/Windows/Fonts\cga80woa.fon'
[Parsed_subtitles_6 @ 0000020bc61c4e80] Loading font file 'C:/Windows/Fonts\CHILLER.TTF'
[Parsed_subtitles_6 @ 0000020bc61c4e80] Loading font file 'C:/Windows/Fonts\COLONNA.TTF'
[Parsed_subtitles_6 @ 0000020bc61c4e80] Loading font file 'C:/Windows/Fonts\comic.ttf'
[Parsed_subtitles_6 @ 0000020bc61c4e80] Loading font file 'C:/Windows/Fonts\comicbd.ttf'
[Parsed_subtitles_6 @ 0000020bc61c4e80] Loading font file 'C:/Windows/Fonts\comici.ttf'
[Parsed_subtitles_6 @ 0000020bc61c4e80] Loading font file 'C:/Windows/Fonts\comicz.ttf'
[Parsed_subtitles_6 @ 0000020bc61c4e80] Loading font file 'C:/Windows/Fonts\consola.ttf'
[Parsed_subtitles_6 @ 0000020bc61c4e80] Loading font file 'C:/Windows/Fonts\consolab.ttf'
[Parsed_subtitles_6 @ 0000020bc61c4e80] Loading font file 'C:/Windows/Fonts\consolai.ttf'
[Parsed_subtitles_6 @ 0000020bc61c4e80] Loading font file 'C:/Windows/Fonts\consolaz.ttf'
[Parsed_subtitles_6 @ 0000020bc61c4e80] Loading font file 'C:/Windows/Fonts\constan.ttf'
[Parsed_subtitles_6 @ 0000020bc61c4e80] Loading font file 'C:/Windows/Fonts\constanb.ttf'
[Parsed_subtitles_6 @ 0000020bc61c4e80] Loading font file 'C:/Windows/Fonts\constani.ttf'
[Parsed_subtitles_6 @ 0000020bc61c4e80] Loading font file 'C:/Windows/Fonts\constanz.ttf'
[Parsed_subtitles_6 @ 0000020bc61c4e80] Loading font file 'C:/Windows/Fonts\COOPBL.TTF'
[Parsed_subtitles_6 @ 0000020bc61c4e80] Loading font file 'C:/Windows/Fonts\COPRGTB.TTF'
[Parsed_subtitles_6 @ 0000020bc61c4e80] Loading font file 'C:/Windows/Fonts\COPRGTL.TTF'
[Parsed_subtitles_6 @ 0000020bc61c4e80] Loading font file 'C:/Windows/Fonts\corbel.ttf'
[Parsed_subtitles_6 @ 0000020bc61c4e80] Loading font file 'C:/Windows/Fonts\corbelb.ttf'
[Parsed_subtitles_6 @ 0000020bc61c4e80] Loading font file 'C:/Windows/Fonts\corbeli.ttf'
[Parsed_subtitles_6 @ 0000020bc61c4e80] Loading font file 'C:/Windows/Fonts\corbell.ttf'
[Parsed_subtitles_6 @ 0000020bc61c4e80] Loading font file 'C:/Windows/Fonts\corbelli.ttf'
[Parsed_subtitles_6 @ 0000020bc61c4e80] Loading font file 'C:/Windows/Fonts\corbelz.ttf'
[Parsed_subtitles_6 @ 0000020bc61c4e80] Loading font file 'C:/Windows/Fonts\coue1255.fon'
[Parsed_subtitles_6 @ 0000020bc61c4e80] Loading font file 'C:/Windows/Fonts\coue1256.fon'
[Parsed_subtitles_6 @ 0000020bc61c4e80] Loading font file 'C:/Windows/Fonts\coue1257.fon'
[Parsed_subtitles_6 @ 0000020bc61c4e80] Loading font file 'C:/Windows/Fonts\couf1255.fon'
[Parsed_subtitles_6 @ 0000020bc61c4e80] Loading font file 'C:/Windows/Fonts\couf1256.fon'
[Parsed_subtitles_6 @ 0000020bc61c4e80] Loading font file 'C:/Windows/Fonts\couf1257.fon'
[Parsed_subtitles_6 @ 0000020bc61c4e80] Loading font file 'C:/Windows/Fonts\cour.ttf'
[Parsed_subtitles_6 @ 0000020bc61c4e80] Loading font file 'C:/Windows/Fonts\courbd.ttf'
[Parsed_subtitles_6 @ 0000020bc61c4e80] Loading font file 'C:/Windows/Fonts\courbi.ttf'
[Parsed_subtitles_6 @ 0000020bc61c4e80] Loading font file 'C:/Windows/Fonts\coure.fon'
[Parsed_subtitles_6 @ 0000020bc61c4e80] Loading font file 'C:/Windows/Fonts\couree.fon'
[Parsed_subtitles_6 @ 0000020bc61c4e80] Loading font file 'C:/Windows/Fonts\coureg.fon'
[Parsed_subtitles_6 @ 0000020bc61c4e80] Loading font file 'C:/Windows/Fonts\courer.fon'
[Parsed_subtitles_6 @ 0000020bc61c4e80] Loading font file 'C:/Windows/Fonts\couret.fon'
[Parsed_subtitles_6 @ 0000020bc61c4e80] Loading font file 'C:/Windows/Fonts\courf.fon'
[Parsed_subtitles_6 @ 0000020bc61c4e80] Loading font file 'C:/Windows/Fonts\courfe.fon'
[Parsed_subtitles_6 @ 0000020bc61c4e80] Loading font file 'C:/Windows/Fonts\courfg.fon'
[Parsed_subtitles_6 @ 0000020bc61c4e80] Loading font file 'C:/Windows/Fonts\courfr.fon'
[Parsed_subtitles_6 @ 0000020bc61c4e80] Loading font file 'C:/Windows/Fonts\courft.fon'
[Parsed_subtitles_6 @ 0000020bc61c4e80] Loading font file 'C:/Windows/Fonts\couri.ttf'
[Parsed_subtitles_6 @ 0000020bc61c4e80] Loading font file 'C:/Windows/Fonts\CURLZ___.TTF'
[Parsed_subtitles_6 @ 0000020bc61c4e80] Loading font file 'C:/Windows/Fonts\cvgafix.fon'
[Parsed_subtitles_6 @ 0000020bc61c4e80] Loading font file 'C:/Windows/Fonts\cvgasys.fon'
[Parsed_subtitles_6 @ 0000020bc61c4e80] Loading font file 'C:/Windows/Fonts\desktop.ini'
[Parsed_subtitles_6 @ 0000020bc61c4e80] Loading font file 'C:/Windows/Fonts\dos737.fon'
[Parsed_subtitles_6 @ 0000020bc61c4e80] Loading font file 'C:/Windows/Fonts\dos869.fon'
[Parsed_subtitles_6 @ 0000020bc61c4e80] Loading font file 'C:/Windows/Fonts\dosapp.fon'
[Parsed_subtitles_6 @ 0000020bc61c4e80] Loading font file 'C:/Windows/Fonts\DUBAI-BOLD.TTF'
[Parsed_subtitles_6 @ 0000020bc61c4e80] Loading font file 'C:/Windows/Fonts\DUBAI-LIGHT.TTF'
[Parsed_subtitles_6 @ 0000020bc61c4e80] Loading font file 'C:/Windows/Fonts\DUBAI-MEDIUM.TTF'
[Parsed_subtitles_6 @ 0000020bc61c4e80] Loading font file 'C:/Windows/Fonts\DUBAI-REGULAR.TTF'
[Parsed_subtitles_6 @ 0000020bc61c4e80] Loading font file 'C:/Windows/Fonts\ebrima.ttf'
[Parsed_subtitles_6 @ 0000020bc61c4e80] Loading font file 'C:/Windows/Fonts\ebrimabd.ttf'
[Parsed_subtitles_6 @ 0000020bc61c4e80] Loading font file 'C:/Windows/Fonts\ega40737.fon'
[Parsed_subtitles_6 @ 0000020bc61c4e80] Loading font file 'C:/Windows/Fonts\ega40850.fon'
[Parsed_subtitles_6 @ 0000020bc61c4e80] Loading font file 'C:/Windows/Fonts\ega40852.fon'
[Parsed_subtitles_6 @ 0000020bc61c4e80] Loading font file 'C:/Windows/Fonts\ega40857.fon'
[Parsed_subtitles_6 @ 0000020bc61c4e80] Loading font file 'C:/Windows/Fonts\ega40866.fon'
[Parsed_subtitles_6 @ 0000020bc61c4e80] Loading font file 'C:/Windows/Fonts\ega40869.fon'
[Parsed_subtitles_6 @ 0000020bc61c4e80] Loading font file 'C:/Windows/Fonts\ega40woa.fon'
[Parsed_subtitles_6 @ 0000020bc61c4e80] Loading font file 'C:/Windows/Fonts\ega80737.fon'
[Parsed_subtitles_6 @ 0000020bc61c4e80] Loading font file 'C:/Windows/Fonts\ega80850.fon'
[Parsed_subtitles_6 @ 0000020bc61c4e80] Loading font file 'C:/Windows/Fonts\ega80852.fon'
[Parsed_subtitles_6 @ 0000020bc61c4e80] Loading font file 'C:/Windows/Fonts\ega80857.fon'
[Parsed_subtitles_6 @ 0000020bc61c4e80] Loading font file 'C:/Windows/Fonts\ega80866.fon'
[Parsed_subtitles_6 @ 0000020bc61c4e80] Loading font file 'C:/Windows/Fonts\ega80869.fon'
[Parsed_subtitles_6 @ 0000020bc61c4e80] Loading font file 'C:/Windows/Fonts\ega80woa.fon'
[Parsed_subtitles_6 @ 0000020bc61c4e80] Loading font file 'C:/Windows/Fonts\ELEPHNT.TTF'
[Parsed_subtitles_6 @ 0000020bc61c4e80] Loading font file 'C:/Windows/Fonts\ELEPHNTI.TTF'
[Parsed_subtitles_6 @ 0000020bc61c4e80] Loading font file 'C:/Windows/Fonts\ENGR.TTF'
[Parsed_subtitles_6 @ 0000020bc61c4e80] Loading font file 'C:/Windows/Fonts\ERASBD.TTF'
[Parsed_subtitles_6 @ 0000020bc61c4e80] Loading font file 'C:/Windows/Fonts\ERASDEMI.TTF'
[Parsed_subtitles_6 @ 0000020bc61c4e80] Loading font file 'C:/Windows/Fonts\ERASLGHT.TTF'
[Parsed_subtitles_6 @ 0000020bc61c4e80] Loading font file 'C:/Windows/Fonts\ERASMD.TTF'
[Parsed_subtitles_6 @ 0000020bc61c4e80] Loading font file 'C:/Windows/Fonts\FELIXTI.TTF'
[Parsed_subtitles_6 @ 0000020bc61c4e80] Loading font file 'C:/Windows/Fonts\fms_metadata.xml'
[Parsed_subtitles_6 @ 0000020bc61c4e80] Loading font file 'C:/Windows/Fonts\FORTE.TTF'
[Parsed_subtitles_6 @ 0000020bc61c4e80] Loading font file 'C:/Windows/Fonts\FRABK.TTF'
[Parsed_subtitles_6 @ 0000020bc61c4e80] Loading font file 'C:/Windows/Fonts\FRABKIT.TTF'
[Parsed_subtitles_6 @ 0000020bc61c4e80] Loading font file 'C:/Windows/Fonts\FRADM.TTF'
[Parsed_subtitles_6 @ 0000020bc61c4e80] Loading font file 'C:/Windows/Fonts\FRADMCN.TTF'
[Parsed_subtitles_6 @ 0000020bc61c4e80] Loading font file 'C:/Windows/Fonts\FRADMIT.TTF'
[Parsed_subtitles_6 @ 0000020bc61c4e80] Loading font file 'C:/Windows/Fonts\FRAHV.TTF'
[Parsed_subtitles_6 @ 0000020bc61c4e80] Loading font file 'C:/Windows/Fonts\FRAHVIT.TTF'
[Parsed_subtitles_6 @ 0000020bc61c4e80] Loading font file 'C:/Windows/Fonts\framd.ttf'
[Parsed_subtitles_6 @ 0000020bc61c4e80] Loading font file 'C:/Windows/Fonts\FRAMDCN.TTF'
[Parsed_subtitles_6 @ 0000020bc61c4e80] Loading font file 'C:/Windows/Fonts\framdit.ttf'
[Parsed_subtitles_6 @ 0000020bc61c4e80] Loading font file 'C:/Windows/Fonts\FREESCPT.TTF'
[Parsed_subtitles_6 @ 0000020bc61c4e80] Loading font file 'C:/Windows/Fonts\FRSCRIPT.TTF'
[Parsed_subtitles_6 @ 0000020bc61c4e80] Loading font file 'C:/Windows/Fonts\FTLTLT.TTF'
[Parsed_subtitles_6 @ 0000020bc61c4e80] Loading font file 'C:/Windows/Fonts\Gabriola.ttf'
[Parsed_subtitles_6 @ 0000020bc61c4e80] Loading font file 'C:/Windows/Fonts\gadugi.ttf'
[Parsed_subtitles_6 @ 0000020bc61c4e80] Loading font file 'C:/Windows/Fonts\gadugib.ttf'
[Parsed_subtitles_6 @ 0000020bc61c4e80] Loading font file 'C:/Windows/Fonts\GARA.TTF'
[Parsed_subtitles_6 @ 0000020bc61c4e80] Loading font file 'C:/Windows/Fonts\GARABD.TTF'
[Parsed_subtitles_6 @ 0000020bc61c4e80] Loading font file 'C:/Windows/Fonts\GARAIT.TTF'
[Parsed_subtitles_6 @ 0000020bc61c4e80] Loading font file 'C:/Windows/Fonts\georgia.ttf'
[Parsed_subtitles_6 @ 0000020bc61c4e80] Loading font file 'C:/Windows/Fonts\georgiab.ttf'
[Parsed_subtitles_6 @ 0000020bc61c4e80] Loading font file 'C:/Windows/Fonts\georgiai.ttf'
[Parsed_subtitles_6 @ 0000020bc61c4e80] Loading font file 'C:/Windows/Fonts\georgiaz.ttf'
[Parsed_subtitles_6 @ 0000020bc61c4e80] Loading font file 'C:/Windows/Fonts\GIGI.TTF'
[Parsed_subtitles_6 @ 0000020bc61c4e80] Loading font file 'C:/Windows/Fonts\GILBI___.TTF'
[Parsed_subtitles_6 @ 0000020bc61c4e80] Loading font file 'C:/Windows/Fonts\GILB____.TTF'
[Parsed_subtitles_6 @ 0000020bc61c4e80] Loading font file 'C:/Windows/Fonts\GILC____.TTF'
[Parsed_subtitles_6 @ 0000020bc61c4e80] Loading font file 'C:/Windows/Fonts\GILI____.TTF'
[Parsed_subtitles_6 @ 0000020bc61c4e80] Loading font file 'C:/Windows/Fonts\GILLUBCD.TTF'
[Parsed_subtitles_6 @ 0000020bc61c4e80] Loading font file 'C:/Windows/Fonts\GILSANUB.TTF'
[Parsed_subtitles_6 @ 0000020bc61c4e80] Loading font file 'C:/Windows/Fonts\GIL_____.TTF'
[Parsed_subtitles_6 @ 0000020bc61c4e80] Loading font file 'C:/Windows/Fonts\GLECB.TTF'
[Parsed_subtitles_6 @ 0000020bc61c4e80] Loading font file 'C:/Windows/Fonts\GlobalMonospace.CompositeFont'
[Parsed_subtitles_6 @ 0000020bc61c4e80] Loading font file 'C:/Windows/Fonts\GlobalSansSerif.CompositeFont'
[Parsed_subtitles_6 @ 0000020bc61c4e80] Loading font file 'C:/Windows/Fonts\GlobalSerif.CompositeFont'
[Parsed_subtitles_6 @ 0000020bc61c4e80] Loading font file 'C:/Windows/Fonts\GlobalUserInterface.CompositeFont'
[Parsed_subtitles_6 @ 0000020bc61c4e80] Loading font file 'C:/Windows/Fonts\GLSNECB.TTF'
[Parsed_subtitles_6 @ 0000020bc61c4e80] Loading font file 'C:/Windows/Fonts\GOTHIC.TTF'
[Parsed_subtitles_6 @ 0000020bc61c4e80] Loading font file 'C:/Windows/Fonts\GOTHICB.TTF'
[Parsed_subtitles_6 @ 0000020bc61c4e80] Loading font file 'C:/Windows/Fonts\GOTHICBI.TTF'
[Parsed_subtitles_6 @ 0000020bc61c4e80] Loading font file 'C:/Windows/Fonts\GOTHICI.TTF'
[Parsed_subtitles_6 @ 0000020bc61c4e80] Loading font file 'C:/Windows/Fonts\GOUDOS.TTF'
[Parsed_subtitles_6 @ 0000020bc61c4e80] Loading font file 'C:/Windows/Fonts\GOUDOSB.TTF'
[Parsed_subtitles_6 @ 0000020bc61c4e80] Loading font file 'C:/Windows/Fonts\GOUDOSI.TTF'
[Parsed_subtitles_6 @ 0000020bc61c4e80] Loading font file 'C:/Windows/Fonts\GOUDYSTO.TTF'
[Parsed_subtitles_6 @ 0000020bc61c4e80] Loading font file 'C:/Windows/Fonts\h8514fix.fon'
[Parsed_subtitles_6 @ 0000020bc61c4e80] Loading font file 'C:/Windows/Fonts\h8514oem.fon'
[Parsed_subtitles_6 @ 0000020bc61c4e80] Loading font file 'C:/Windows/Fonts\h8514sys.fon'
[Parsed_subtitles_6 @ 0000020bc61c4e80] Loading font file 'C:/Windows/Fonts\HARLOWSI.TTF'
[Parsed_subtitles_6 @ 0000020bc61c4e80] Loading font file 'C:/Windows/Fonts\HARNGTON.TTF'
[Parsed_subtitles_6 @ 0000020bc61c4e80] Loading font file 'C:/Windows/Fonts\HATTEN.TTF'
[Parsed_subtitles_6 @ 0000020bc61c4e80] Loading font file 'C:/Windows/Fonts\himalaya.ttf'
[Parsed_subtitles_6 @ 0000020bc61c4e80] Loading font file 'C:/Windows/Fonts\HTOWERT.TTF'
[Parsed_subtitles_6 @ 0000020bc61c4e80] Loading font file 'C:/Windows/Fonts\HTOWERTI.TTF'
[Parsed_subtitles_6 @ 0000020bc61c4e80] Loading font file 'C:/Windows/Fonts\hvgafix.fon'
[Parsed_subtitles_6 @ 0000020bc61c4e80] Loading font file 'C:/Windows/Fonts\hvgasys.fon'
[Parsed_subtitles_6 @ 0000020bc61c4e80] Loading font file 'C:/Windows/Fonts\impact.ttf'
[Parsed_subtitles_6 @ 0000020bc61c4e80] Loading font file 'C:/Windows/Fonts\IMPRISHA.TTF'
[Parsed_subtitles_6 @ 0000020bc61c4e80] Loading font file 'C:/Windows/Fonts\INFROMAN.TTF'
[Parsed_subtitles_6 @ 0000020bc61c4e80] Loading font file 'C:/Windows/Fonts\Inkfree.ttf'
[Parsed_subtitles_6 @ 0000020bc61c4e80] Loading font file 'C:/Windows/Fonts\ITCBLKAD.TTF'
[Parsed_subtitles_6 @ 0000020bc61c4e80] Loading font file 'C:/Windows/Fonts\ITCEDSCR.TTF'
[Parsed_subtitles_6 @ 0000020bc61c4e80] Loading font file 'C:/Windows/Fonts\ITCKRIST.TTF'
[Parsed_subtitles_6 @ 0000020bc61c4e80] Loading font file 'C:/Windows/Fonts\j8514fix.fon'
[Parsed_subtitles_6 @ 0000020bc61c4e80] Loading font file 'C:/Windows/Fonts\j8514oem.fon'
[Parsed_subtitles_6 @ 0000020bc61c4e80] Loading font file 'C:/Windows/Fonts\j8514sys.fon'
[Parsed_subtitles_6 @ 0000020bc61c4e80] Loading font file 'C:/Windows/Fonts\javatext.ttf'
[Parsed_subtitles_6 @ 0000020bc61c4e80] Loading font file 'C:/Windows/Fonts\JOKERMAN.TTF'
[Parsed_subtitles_6 @ 0000020bc61c4e80] Loading font file 'C:/Windows/Fonts\jsmalle.fon'
[Parsed_subtitles_6 @ 0000020bc61c4e80] Loading font file 'C:/Windows/Fonts\jsmallf.fon'
[Parsed_subtitles_6 @ 0000020bc61c4e80] Loading font file 'C:/Windows/Fonts\JUICE___.TTF'
[Parsed_subtitles_6 @ 0000020bc61c4e80] Loading font file 'C:/Windows/Fonts\jvgafix.fon'
[Parsed_subtitles_6 @ 0000020bc61c4e80] Loading font file 'C:/Windows/Fonts\jvgasys.fon'
[Parsed_subtitles_6 @ 0000020bc61c4e80] Loading font file 'C:/Windows/Fonts\KUNSTLER.TTF'
[Parsed_subtitles_6 @ 0000020bc61c4e80] Loading font file 'C:/Windows/Fonts\LATINWD.TTF'
[Parsed_subtitles_6 @ 0000020bc61c4e80] Loading font file 'C:/Windows/Fonts\LBRITE.TTF'
[Parsed_subtitles_6 @ 0000020bc61c4e80] Loading font file 'C:/Windows/Fonts\LBRITED.TTF'
[Parsed_subtitles_6 @ 0000020bc61c4e80] Loading font file 'C:/Windows/Fonts\LBRITEDI.TTF'
[Parsed_subtitles_6 @ 0000020bc61c4e80] Loading font file 'C:/Windows/Fonts\LBRITEI.TTF'
[Parsed_subtitles_6 @ 0000020bc61c4e80] Loading font file 'C:/Windows/Fonts\LCALLIG.TTF'
[Parsed_subtitles_6 @ 0000020bc61c4e80] Loading font file 'C:/Windows/Fonts\LeelaUIb.ttf'
[Parsed_subtitles_6 @ 0000020bc61c4e80] Loading font file 'C:/Windows/Fonts\LEELAWAD.TTF'
[Parsed_subtitles_6 @ 0000020bc61c4e80] Loading font file 'C:/Windows/Fonts\LEELAWDB.TTF'
[Parsed_subtitles_6 @ 0000020bc61c4e80] Loading font file 'C:/Windows/Fonts\LeelawUI.ttf'
[Parsed_subtitles_6 @ 0000020bc61c4e80] Loading font file 'C:/Windows/Fonts\LeelUIsl.ttf'
[Parsed_subtitles_6 @ 0000020bc61c4e80] Loading font file 'C:/Windows/Fonts\LFAX.TTF'
[Parsed_subtitles_6 @ 0000020bc61c4e80] Loading font file 'C:/Windows/Fonts\LFAXD.TTF'
[Parsed_subtitles_6 @ 0000020bc61c4e80] Loading font file 'C:/Windows/Fonts\LFAXDI.TTF'
[Parsed_subtitles_6 @ 0000020bc61c4e80] Loading font file 'C:/Windows/Fonts\LFAXI.TTF'
[Parsed_subtitles_6 @ 0000020bc61c4e80] Loading font file 'C:/Windows/Fonts\LHANDW.TTF'
[Parsed_subtitles_6 @ 0000020bc61c4e80] Loading font file 'C:/Windows/Fonts\LSANS.TTF'
[Parsed_subtitles_6 @ 0000020bc61c4e80] Loading font file 'C:/Windows/Fonts\LSANSD.TTF'
[Parsed_subtitles_6 @ 0000020bc61c4e80] Loading font file 'C:/Windows/Fonts\LSANSDI.TTF'
[Parsed_subtitles_6 @ 0000020bc61c4e80] Loading font file 'C:/Windows/Fonts\LSANSI.TTF'
[Parsed_subtitles_6 @ 0000020bc61c4e80] Loading font file 'C:/Windows/Fonts\LTYPE.TTF'
[Parsed_subtitles_6 @ 0000020bc61c4e80] Loading font file 'C:/Windows/Fonts\LTYPEB.TTF'
[Parsed_subtitles_6 @ 0000020bc61c4e80] Loading font file 'C:/Windows/Fonts\LTYPEBO.TTF'
[Parsed_subtitles_6 @ 0000020bc61c4e80] Loading font file 'C:/Windows/Fonts\LTYPEO.TTF'
[Parsed_subtitles_6 @ 0000020bc61c4e80] Loading font file 'C:/Windows/Fonts\lucon.ttf'
[Parsed_subtitles_6 @ 0000020bc61c4e80] Loading font file 'C:/Windows/Fonts\l_10646.ttf'
[Parsed_subtitles_6 @ 0000020bc61c4e80] Loading font file 'C:/Windows/Fonts\MAGNETOB.TTF'
[Parsed_subtitles_6 @ 0000020bc61c4e80] Loading font file 'C:/Windows/Fonts\MAIAN.TTF'
[Parsed_subtitles_6 @ 0000020bc61c4e80] Loading font file 'C:/Windows/Fonts\malgun.ttf'
[Parsed_subtitles_6 @ 0000020bc61c4e80] Loading font file 'C:/Windows/Fonts\malgunbd.ttf'
[Parsed_subtitles_6 @ 0000020bc61c4e80] Loading font file 'C:/Windows/Fonts\malgunsl.ttf'
[Parsed_subtitles_6 @ 0000020bc61c4e80] Loading font file 'C:/Windows/Fonts\marlett.ttf'
[Parsed_subtitles_6 @ 0000020bc61c4e80] Loading font file 'C:/Windows/Fonts\MATURASC.TTF'
[Parsed_subtitles_6 @ 0000020bc61c4e80] Loading font file 'C:/Windows/Fonts\micross.ttf'
[Parsed_subtitles_6 @ 0000020bc61c4e80] Loading font file 'C:/Windows/Fonts\mingliub.ttc'
[Parsed_subtitles_6 @ 0000020bc61c4e80] Loading font file 'C:/Windows/Fonts\MISTRAL.TTF'
[Parsed_subtitles_6 @ 0000020bc61c4e80] Loading font file 'C:/Windows/Fonts\mmrtext.ttf'
[Parsed_subtitles_6 @ 0000020bc61c4e80] Loading font file 'C:/Windows/Fonts\mmrtextb.ttf'
[Parsed_subtitles_6 @ 0000020bc61c4e80] Loading font file 'C:/Windows/Fonts\MOD20.TTF'
[Parsed_subtitles_6 @ 0000020bc61c4e80] Loading font file 'C:/Windows/Fonts\modern.fon'
[Parsed_subtitles_6 @ 0000020bc61c4e80] Loading font file 'C:/Windows/Fonts\monbaiti.ttf'
[Parsed_subtitles_6 @ 0000020bc61c4e80] Loading font file 'C:/Windows/Fonts\msgothic.ttc'
[Parsed_subtitles_6 @ 0000020bc61c4e80] Loading font file 'C:/Windows/Fonts\msjh.ttc'
[Parsed_subtitles_6 @ 0000020bc61c4e80] Loading font file 'C:/Windows/Fonts\msjhbd.ttc'
[Parsed_subtitles_6 @ 0000020bc61c4e80] Loading font file 'C:/Windows/Fonts\msjhl.ttc'
[Parsed_subtitles_6 @ 0000020bc61c4e80] Loading font file 'C:/Windows/Fonts\MSUIGHUB.TTF'
[Parsed_subtitles_6 @ 0000020bc61c4e80] Loading font file 'C:/Windows/Fonts\MSUIGHUR.TTF'
[Parsed_subtitles_6 @ 0000020bc61c4e80] Loading font file 'C:/Windows/Fonts\msyh.ttc'
[Parsed_subtitles_6 @ 0000020bc61c4e80] Loading font file 'C:/Windows/Fonts\msyhbd.ttc'
[Parsed_subtitles_6 @ 0000020bc61c4e80] Loading font file 'C:/Windows/Fonts\msyhl.ttc'
[Parsed_subtitles_6 @ 0000020bc61c4e80] Loading font file 'C:/Windows/Fonts\msyi.ttf'
[Parsed_subtitles_6 @ 0000020bc61c4e80] Loading font file 'C:/Windows/Fonts\MTCORSVA.TTF'
[Parsed_subtitles_6 @ 0000020bc61c4e80] Loading font file 'C:/Windows/Fonts\MTEXTRA.TTF'
[Parsed_subtitles_6 @ 0000020bc61c4e80] Loading font file 'C:/Windows/Fonts\mvboli.ttf'
[Parsed_subtitles_6 @ 0000020bc61c4e80] Loading font file 'C:/Windows/Fonts\NIAGENG.TTF'
[Parsed_subtitles_6 @ 0000020bc61c4e80] Loading font file 'C:/Windows/Fonts\NIAGSOL.TTF'
[Parsed_subtitles_6 @ 0000020bc61c4e80] Loading font file 'C:/Windows/Fonts\Nirmala.ttc'
[Parsed_subtitles_6 @ 0000020bc61c4e80] Loading font file 'C:/Windows/Fonts\ntailu.ttf'
[Parsed_subtitles_6 @ 0000020bc61c4e80] Loading font file 'C:/Windows/Fonts\ntailub.ttf'
[Parsed_subtitles_6 @ 0000020bc61c4e80] Loading font file 'C:/Windows/Fonts\OCRAEXT.TTF'
[Parsed_subtitles_6 @ 0000020bc61c4e80] Loading font file 'C:/Windows/Fonts\OLDENGL.TTF'
[Parsed_subtitles_6 @ 0000020bc61c4e80] Loading font file 'C:/Windows/Fonts\ONYX.TTF'
[Parsed_subtitles_6 @ 0000020bc61c4e80] Loading font file 'C:/Windows/Fonts\OUTLOOK.TTF'
[Parsed_subtitles_6 @ 0000020bc61c4e80] Loading font file 'C:/Windows/Fonts\pala.ttf'
[Parsed_subtitles_6 @ 0000020bc61c4e80] Loading font file 'C:/Windows/Fonts\palab.ttf'
[Parsed_subtitles_6 @ 0000020bc61c4e80] Loading font file 'C:/Windows/Fonts\palabi.ttf'
[Parsed_subtitles_6 @ 0000020bc61c4e80] Loading font file 'C:/Windows/Fonts\palai.ttf'
[Parsed_subtitles_6 @ 0000020bc61c4e80] Loading font file 'C:/Windows/Fonts\PALSCRI.TTF'
[Parsed_subtitles_6 @ 0000020bc61c4e80] Loading font file 'C:/Windows/Fonts\PAPYRUS.TTF'
[Parsed_subtitles_6 @ 0000020bc61c4e80] Loading font file 'C:/Windows/Fonts\PARCHM.TTF'
[Parsed_subtitles_6 @ 0000020bc61c4e80] Loading font file 'C:/Windows/Fonts\PERBI___.TTF'
[Parsed_subtitles_6 @ 0000020bc61c4e80] Loading font file 'C:/Windows/Fonts\PERB____.TTF'
[Parsed_subtitles_6 @ 0000020bc61c4e80] Loading font file 'C:/Windows/Fonts\PERI____.TTF'
[Parsed_subtitles_6 @ 0000020bc61c4e80] Loading font file 'C:/Windows/Fonts\PERTIBD.TTF'
[Parsed_subtitles_6 @ 0000020bc61c4e80] Loading font file 'C:/Windows/Fonts\PERTILI.TTF'
[Parsed_subtitles_6 @ 0000020bc61c4e80] Loading font file 'C:/Windows/Fonts\PER_____.TTF'
[Parsed_subtitles_6 @ 0000020bc61c4e80] Loading font file 'C:/Windows/Fonts\phagspa.ttf'
[Parsed_subtitles_6 @ 0000020bc61c4e80] Loading font file 'C:/Windows/Fonts\phagspab.ttf'
[Parsed_subtitles_6 @ 0000020bc61c4e80] Loading font file 'C:/Windows/Fonts\PLAYBILL.TTF'
[Parsed_subtitles_6 @ 0000020bc61c4e80] Loading font file 'C:/Windows/Fonts\POORICH.TTF'
[Parsed_subtitles_6 @ 0000020bc61c4e80] Loading font file 'C:/Windows/Fonts\PRISTINA.TTF'
[Parsed_subtitles_6 @ 0000020bc61c4e80] Loading font file 'C:/Windows/Fonts\RAGE.TTF'
[Parsed_subtitles_6 @ 0000020bc61c4e80] Loading font file 'C:/Windows/Fonts\RAVIE.TTF'
[Parsed_subtitles_6 @ 0000020bc61c4e80] Loading font file 'C:/Windows/Fonts\REFSAN.TTF'
[Parsed_subtitles_6 @ 0000020bc61c4e80] Loading font file 'C:/Windows/Fonts\REFSPCL.TTF'
[Parsed_subtitles_6 @ 0000020bc61c4e80] Loading font file 'C:/Windows/Fonts\ROCCB___.TTF'
[Parsed_subtitles_6 @ 0000020bc61c4e80] Loading font file 'C:/Windows/Fonts\ROCC____.TTF'
[Parsed_subtitles_6 @ 0000020bc61c4e80] Loading font file 'C:/Windows/Fonts\ROCK.TTF'
[Parsed_subtitles_6 @ 0000020bc61c4e80] Loading font file 'C:/Windows/Fonts\ROCKB.TTF'
[Parsed_subtitles_6 @ 0000020bc61c4e80] Loading font file 'C:/Windows/Fonts\ROCKBI.TTF'
[Parsed_subtitles_6 @ 0000020bc61c4e80] Loading font file 'C:/Windows/Fonts\ROCKEB.TTF'
[Parsed_subtitles_6 @ 0000020bc61c4e80] Loading font file 'C:/Windows/Fonts\ROCKI.TTF'
[Parsed_subtitles_6 @ 0000020bc61c4e80] Loading font file 'C:/Windows/Fonts\roman.fon'
[Parsed_subtitles_6 @ 0000020bc61c4e80] Loading font file 'C:/Windows/Fonts\s8514fix.fon'
[Parsed_subtitles_6 @ 0000020bc61c4e80] Loading font file 'C:/Windows/Fonts\s8514oem.fon'
[Parsed_subtitles_6 @ 0000020bc61c4e80] Loading font file 'C:/Windows/Fonts\s8514sys.fon'
[Parsed_subtitles_6 @ 0000020bc61c4e80] Loading font file 'C:/Windows/Fonts\SansSerifCollection.ttf'
[Parsed_subtitles_6 @ 0000020bc61c4e80] Loading font file 'C:/Windows/Fonts\SCHLBKB.TTF'
[Parsed_subtitles_6 @ 0000020bc61c4e80] Loading font file 'C:/Windows/Fonts\SCHLBKBI.TTF'
[Parsed_subtitles_6 @ 0000020bc61c4e80] Loading font file 'C:/Windows/Fonts\SCHLBKI.TTF'
[Parsed_subtitles_6 @ 0000020bc61c4e80] Loading font file 'C:/Windows/Fonts\script.fon'
[Parsed_subtitles_6 @ 0000020bc61c4e80] Loading font file 'C:/Windows/Fonts\SCRIPTBL.TTF'
[Parsed_subtitles_6 @ 0000020bc61c4e80] Loading font file 'C:/Windows/Fonts\segmdl2.ttf'
[Parsed_subtitles_6 @ 0000020bc61c4e80] Loading font file 'C:/Windows/Fonts\SegoeIcons.ttf'
[Parsed_subtitles_6 @ 0000020bc61c4e80] Loading font file 'C:/Windows/Fonts\segoepr.ttf'
[Parsed_subtitles_6 @ 0000020bc61c4e80] Loading font file 'C:/Windows/Fonts\segoeprb.ttf'
[Parsed_subtitles_6 @ 0000020bc61c4e80] Loading font file 'C:/Windows/Fonts\segoesc.ttf'
[Parsed_subtitles_6 @ 0000020bc61c4e80] Loading font file 'C:/Windows/Fonts\segoescb.ttf'
[Parsed_subtitles_6 @ 0000020bc61c4e80] Loading font file 'C:/Windows/Fonts\segoeui.ttf'
[Parsed_subtitles_6 @ 0000020bc61c4e80] Loading font file 'C:/Windows/Fonts\segoeuib.ttf'
[Parsed_subtitles_6 @ 0000020bc61c4e80] Loading font file 'C:/Windows/Fonts\segoeuii.ttf'
[Parsed_subtitles_6 @ 0000020bc61c4e80] Loading font file 'C:/Windows/Fonts\segoeuil.ttf'
[Parsed_subtitles_6 @ 0000020bc61c4e80] Loading font file 'C:/Windows/Fonts\segoeuisl.ttf'
[Parsed_subtitles_6 @ 0000020bc61c4e80] Loading font file 'C:/Windows/Fonts\segoeuiz.ttf'
[Parsed_subtitles_6 @ 0000020bc61c4e80] Loading font file 'C:/Windows/Fonts\seguibl.ttf'
[Parsed_subtitles_6 @ 0000020bc61c4e80] Loading font file 'C:/Windows/Fonts\seguibli.ttf'
[Parsed_subtitles_6 @ 0000020bc61c4e80] Loading font file 'C:/Windows/Fonts\seguiemj.ttf'
[Parsed_subtitles_6 @ 0000020bc61c4e80] Loading font file 'C:/Windows/Fonts\seguihis.ttf'
[Parsed_subtitles_6 @ 0000020bc61c4e80] Loading font file 'C:/Windows/Fonts\seguili.ttf'
[Parsed_subtitles_6 @ 0000020bc61c4e80] Loading font file 'C:/Windows/Fonts\seguisb.ttf'
[Parsed_subtitles_6 @ 0000020bc61c4e80] Loading font file 'C:/Windows/Fonts\seguisbi.ttf'
[Parsed_subtitles_6 @ 0000020bc61c4e80] Loading font file 'C:/Windows/Fonts\seguisli.ttf'
[Parsed_subtitles_6 @ 0000020bc61c4e80] Loading font file 'C:/Windows/Fonts\seguisym.ttf'
[Parsed_subtitles_6 @ 0000020bc61c4e80] Loading font file 'C:/Windows/Fonts\SegUIVar.ttf'
[Parsed_subtitles_6 @ 0000020bc61c4e80] Loading font file 'C:/Windows/Fonts\sere1255.fon'
[Parsed_subtitles_6 @ 0000020bc61c4e80] Loading font file 'C:/Windows/Fonts\sere1256.fon'
[Parsed_subtitles_6 @ 0000020bc61c4e80] Loading font file 'C:/Windows/Fonts\sere1257.fon'
[Parsed_subtitles_6 @ 0000020bc61c4e80] Loading font file 'C:/Windows/Fonts\serf1255.fon'
[Parsed_subtitles_6 @ 0000020bc61c4e80] Loading font file 'C:/Windows/Fonts\serf1256.fon'
[Parsed_subtitles_6 @ 0000020bc61c4e80] Loading font file 'C:/Windows/Fonts\serf1257.fon'
[Parsed_subtitles_6 @ 0000020bc61c4e80] Loading font file 'C:/Windows/Fonts\serife.fon'
[Parsed_subtitles_6 @ 0000020bc61c4e80] Loading font file 'C:/Windows/Fonts\serifee.fon'
[Parsed_subtitles_6 @ 0000020bc61c4e80] Loading font file 'C:/Windows/Fonts\serifeg.fon'
[Parsed_subtitles_6 @ 0000020bc61c4e80] Loading font file 'C:/Windows/Fonts\serifer.fon'
[Parsed_subtitles_6 @ 0000020bc61c4e80] Loading font file 'C:/Windows/Fonts\serifet.fon'
[Parsed_subtitles_6 @ 0000020bc61c4e80] Loading font file 'C:/Windows/Fonts\seriff.fon'
[Parsed_subtitles_6 @ 0000020bc61c4e80] Loading font file 'C:/Windows/Fonts\seriffe.fon'
[Parsed_subtitles_6 @ 0000020bc61c4e80] Loading font file 'C:/Windows/Fonts\seriffg.fon'
[Parsed_subtitles_6 @ 0000020bc61c4e80] Loading font file 'C:/Windows/Fonts\seriffr.fon'
[Parsed_subtitles_6 @ 0000020bc61c4e80] Loading font file 'C:/Windows/Fonts\serifft.fon'
[Parsed_subtitles_6 @ 0000020bc61c4e80] Loading font file 'C:/Windows/Fonts\SHOWG.TTF'
[Parsed_subtitles_6 @ 0000020bc61c4e80] Loading font file 'C:/Windows/Fonts\simsun.ttc'
[Parsed_subtitles_6 @ 0000020bc61c4e80] Loading font file 'C:/Windows/Fonts\simsunb.ttf'
[Parsed_subtitles_6 @ 0000020bc61c4e80] Loading font file 'C:/Windows/Fonts\SimsunExtG.ttf'
[Parsed_subtitles_6 @ 0000020bc61c4e80] Loading font file 'C:/Windows/Fonts\SitkaVF-Italic.ttf'
[Parsed_subtitles_6 @ 0000020bc61c4e80] Loading font file 'C:/Windows/Fonts\SitkaVF.ttf'
[Parsed_subtitles_6 @ 0000020bc61c4e80] Loading font file 'C:/Windows/Fonts\smae1255.fon'
[Parsed_subtitles_6 @ 0000020bc61c4e80] Loading font file 'C:/Windows/Fonts\smae1256.fon'
[Parsed_subtitles_6 @ 0000020bc61c4e80] Loading font file 'C:/Windows/Fonts\smae1257.fon'
[Parsed_subtitles_6 @ 0000020bc61c4e80] Loading font file 'C:/Windows/Fonts\smaf1255.fon'
[Parsed_subtitles_6 @ 0000020bc61c4e80] Loading font file 'C:/Windows/Fonts\smaf1256.fon'
[Parsed_subtitles_6 @ 0000020bc61c4e80] Loading font file 'C:/Windows/Fonts\smaf1257.fon'
[Parsed_subtitles_6 @ 0000020bc61c4e80] Loading font file 'C:/Windows/Fonts\smalle.fon'
[Parsed_subtitles_6 @ 0000020bc61c4e80] Loading font file 'C:/Windows/Fonts\smallee.fon'
[Parsed_subtitles_6 @ 0000020bc61c4e80] Loading font file 'C:/Windows/Fonts\smalleg.fon'
[Parsed_subtitles_6 @ 0000020bc61c4e80] Loading font file 'C:/Windows/Fonts\smaller.fon'
[Parsed_subtitles_6 @ 0000020bc61c4e80] Loading font file 'C:/Windows/Fonts\smallet.fon'
[Parsed_subtitles_6 @ 0000020bc61c4e80] Loading font file 'C:/Windows/Fonts\smallf.fon'
[Parsed_subtitles_6 @ 0000020bc61c4e80] Loading font file 'C:/Windows/Fonts\smallfe.fon'
[Parsed_subtitles_6 @ 0000020bc61c4e80] Loading font file 'C:/Windows/Fonts\smallfg.fon'
[Parsed_subtitles_6 @ 0000020bc61c4e80] Loading font file 'C:/Windows/Fonts\smallfr.fon'
[Parsed_subtitles_6 @ 0000020bc61c4e80] Loading font file 'C:/Windows/Fonts\smallft.fon'
[Parsed_subtitles_6 @ 0000020bc61c4e80] Loading font file 'C:/Windows/Fonts\SNAP____.TTF'
[Parsed_subtitles_6 @ 0000020bc61c4e80] Loading font file 'C:/Windows/Fonts\ssee1255.fon'
[Parsed_subtitles_6 @ 0000020bc61c4e80] Loading font file 'C:/Windows/Fonts\ssee1256.fon'
[Parsed_subtitles_6 @ 0000020bc61c4e80] Loading font file 'C:/Windows/Fonts\ssee1257.fon'
[Parsed_subtitles_6 @ 0000020bc61c4e80] Loading font file 'C:/Windows/Fonts\ssee874.fon'
[Parsed_subtitles_6 @ 0000020bc61c4e80] Loading font file 'C:/Windows/Fonts\ssef1255.fon'
[Parsed_subtitles_6 @ 0000020bc61c4e80] Loading font file 'C:/Windows/Fonts\ssef1256.fon'
[Parsed_subtitles_6 @ 0000020bc61c4e80] Loading font file 'C:/Windows/Fonts\ssef1257.fon'
[Parsed_subtitles_6 @ 0000020bc61c4e80] Loading font file 'C:/Windows/Fonts\ssef874.fon'
[Parsed_subtitles_6 @ 0000020bc61c4e80] Loading font file 'C:/Windows/Fonts\sserife.fon'
[Parsed_subtitles_6 @ 0000020bc61c4e80] Loading font file 'C:/Windows/Fonts\sserifee.fon'
[Parsed_subtitles_6 @ 0000020bc61c4e80] Loading font file 'C:/Windows/Fonts\sserifeg.fon'
[Parsed_subtitles_6 @ 0000020bc61c4e80] Loading font file 'C:/Windows/Fonts\sserifer.fon'
[Parsed_subtitles_6 @ 0000020bc61c4e80] Loading font file 'C:/Windows/Fonts\sserifet.fon'
[Parsed_subtitles_6 @ 0000020bc61c4e80] Loading font file 'C:/Windows/Fonts\sseriff.fon'
[Parsed_subtitles_6 @ 0000020bc61c4e80] Loading font file 'C:/Windows/Fonts\sseriffe.fon'
[Parsed_subtitles_6 @ 0000020bc61c4e80] Loading font file 'C:/Windows/Fonts\sseriffg.fon'
[Parsed_subtitles_6 @ 0000020bc61c4e80] Loading font file 'C:/Windows/Fonts\sseriffr.fon'
[Parsed_subtitles_6 @ 0000020bc61c4e80] Loading font file 'C:/Windows/Fonts\sserifft.fon'
[Parsed_subtitles_6 @ 0000020bc61c4e80] Loading font file 'C:/Windows/Fonts\StaticCache.dat'
[Parsed_subtitles_6 @ 0000020bc61c4e80] Loading font file 'C:/Windows/Fonts\STENCIL.TTF'
[Parsed_subtitles_6 @ 0000020bc61c4e80] Loading font file 'C:/Windows/Fonts\svgafix.fon'
[Parsed_subtitles_6 @ 0000020bc61c4e80] Loading font file 'C:/Windows/Fonts\svgasys.fon'
[Parsed_subtitles_6 @ 0000020bc61c4e80] Loading font file 'C:/Windows/Fonts\sylfaen.ttf'
[Parsed_subtitles_6 @ 0000020bc61c4e80] Loading font file 'C:/Windows/Fonts\symbol.ttf'
[Parsed_subtitles_6 @ 0000020bc61c4e80] Loading font file 'C:/Windows/Fonts\tahoma.ttf'
[Parsed_subtitles_6 @ 0000020bc61c4e80] Loading font file 'C:/Windows/Fonts\tahomabd.ttf'
[Parsed_subtitles_6 @ 0000020bc61c4e80] Loading font file 'C:/Windows/Fonts\taile.ttf'
[Parsed_subtitles_6 @ 0000020bc61c4e80] Loading font file 'C:/Windows/Fonts\taileb.ttf'
[Parsed_subtitles_6 @ 0000020bc61c4e80] Loading font file 'C:/Windows/Fonts\TCBI____.TTF'
[Parsed_subtitles_6 @ 0000020bc61c4e80] Loading font file 'C:/Windows/Fonts\TCB_____.TTF'
[Parsed_subtitles_6 @ 0000020bc61c4e80] Loading font file 'C:/Windows/Fonts\TCCB____.TTF'
[Parsed_subtitles_6 @ 0000020bc61c4e80] Loading font file 'C:/Windows/Fonts\TCCEB.TTF'
[Parsed_subtitles_6 @ 0000020bc61c4e80] Loading font file 'C:/Windows/Fonts\TCCM____.TTF'
[Parsed_subtitles_6 @ 0000020bc61c4e80] Loading font file 'C:/Windows/Fonts\TCMI____.TTF'
[Parsed_subtitles_6 @ 0000020bc61c4e80] Loading font file 'C:/Windows/Fonts\TCM_____.TTF'
[Parsed_subtitles_6 @ 0000020bc61c4e80] Loading font file 'C:/Windows/Fonts\TEMPSITC.TTF'
[Parsed_subtitles_6 @ 0000020bc61c4e80] Loading font file 'C:/Windows/Fonts\times.ttf'
[Parsed_subtitles_6 @ 0000020bc61c4e80] Loading font file 'C:/Windows/Fonts\timesbd.ttf'
[Parsed_subtitles_6 @ 0000020bc61c4e80] Loading font file 'C:/Windows/Fonts\timesbi.ttf'
[Parsed_subtitles_6 @ 0000020bc61c4e80] Loading font file 'C:/Windows/Fonts\timesi.ttf'
[Parsed_subtitles_6 @ 0000020bc61c4e80] Loading font file 'C:/Windows/Fonts\trebuc.ttf'
[Parsed_subtitles_6 @ 0000020bc61c4e80] Loading font file 'C:/Windows/Fonts\trebucbd.ttf'
[Parsed_subtitles_6 @ 0000020bc61c4e80] Loading font file 'C:/Windows/Fonts\trebucbi.ttf'
[Parsed_subtitles_6 @ 0000020bc61c4e80] Loading font file 'C:/Windows/Fonts\trebucit.ttf'
[Parsed_subtitles_6 @ 0000020bc61c4e80] Loading font file 'C:/Windows/Fonts\verdana.ttf'
[Parsed_subtitles_6 @ 0000020bc61c4e80] Loading font file 'C:/Windows/Fonts\verdanab.ttf'
[Parsed_subtitles_6 @ 0000020bc61c4e80] Loading font file 'C:/Windows/Fonts\verdanai.ttf'
[Parsed_subtitles_6 @ 0000020bc61c4e80] Loading font file 'C:/Windows/Fonts\verdanaz.ttf'
[Parsed_subtitles_6 @ 0000020bc61c4e80] Loading font file 'C:/Windows/Fonts\vga737.fon'
[Parsed_subtitles_6 @ 0000020bc61c4e80] Loading font file 'C:/Windows/Fonts\vga775.fon'
[Parsed_subtitles_6 @ 0000020bc61c4e80] Loading font file 'C:/Windows/Fonts\vga850.fon'
[Parsed_subtitles_6 @ 0000020bc61c4e80] Loading font file 'C:/Windows/Fonts\vga852.fon'
[Parsed_subtitles_6 @ 0000020bc61c4e80] Loading font file 'C:/Windows/Fonts\vga855.fon'
[Parsed_subtitles_6 @ 0000020bc61c4e80] Loading font file 'C:/Windows/Fonts\vga857.fon'
[Parsed_subtitles_6 @ 0000020bc61c4e80] Loading font file 'C:/Windows/Fonts\vga860.fon'
[Parsed_subtitles_6 @ 0000020bc61c4e80] Loading font file 'C:/Windows/Fonts\vga861.fon'
[Parsed_subtitles_6 @ 0000020bc61c4e80] Loading font file 'C:/Windows/Fonts\vga863.fon'
[Parsed_subtitles_6 @ 0000020bc61c4e80] Loading font file 'C:/Windows/Fonts\vga865.fon'
[Parsed_subtitles_6 @ 0000020bc61c4e80] Loading font file 'C:/Windows/Fonts\vga866.fon'
[Parsed_subtitles_6 @ 0000020bc61c4e80] Loading font file 'C:/Windows/Fonts\vga869.fon'
[Parsed_subtitles_6 @ 0000020bc61c4e80] Loading font file 'C:/Windows/Fonts\vga932.fon'
[Parsed_subtitles_6 @ 0000020bc61c4e80] Loading font file 'C:/Windows/Fonts\vga936.fon'
[Parsed_subtitles_6 @ 0000020bc61c4e80] Loading font file 'C:/Windows/Fonts\vga949.fon'
[Parsed_subtitles_6 @ 0000020bc61c4e80] Loading font file 'C:/Windows/Fonts\vga950.fon'
[Parsed_subtitles_6 @ 0000020bc61c4e80] Loading font file 'C:/Windows/Fonts\vgaf1255.fon'
[Parsed_subtitles_6 @ 0000020bc61c4e80] Loading font file 'C:/Windows/Fonts\vgaf1256.fon'
[Parsed_subtitles_6 @ 0000020bc61c4e80] Loading font file 'C:/Windows/Fonts\vgaf1257.fon'
[Parsed_subtitles_6 @ 0000020bc61c4e80] Loading font file 'C:/Windows/Fonts\vgaf874.fon'
[Parsed_subtitles_6 @ 0000020bc61c4e80] Loading font file 'C:/Windows/Fonts\vgafix.fon'
[Parsed_subtitles_6 @ 0000020bc61c4e80] Loading font file 'C:/Windows/Fonts\vgafixe.fon'
[Parsed_subtitles_6 @ 0000020bc61c4e80] Loading font file 'C:/Windows/Fonts\vgafixg.fon'
[Parsed_subtitles_6 @ 0000020bc61c4e80] Loading font file 'C:/Windows/Fonts\vgafixr.fon'
[Parsed_subtitles_6 @ 0000020bc61c4e80] Loading font file 'C:/Windows/Fonts\vgafixt.fon'
[Parsed_subtitles_6 @ 0000020bc61c4e80] Loading font file 'C:/Windows/Fonts\vgaoem.fon'
[Parsed_subtitles_6 @ 0000020bc61c4e80] Loading font file 'C:/Windows/Fonts\vgas1255.fon'
[Parsed_subtitles_6 @ 0000020bc61c4e80] Loading font file 'C:/Windows/Fonts\vgas1256.fon'
[Parsed_subtitles_6 @ 0000020bc61c4e80] Loading font file 'C:/Windows/Fonts\vgas1257.fon'
[Parsed_subtitles_6 @ 0000020bc61c4e80] Loading font file 'C:/Windows/Fonts\vgas874.fon'
[Parsed_subtitles_6 @ 0000020bc61c4e80] Loading font file 'C:/Windows/Fonts\vgasys.fon'
[Parsed_subtitles_6 @ 0000020bc61c4e80] Loading font file 'C:/Windows/Fonts\vgasyse.fon'
[Parsed_subtitles_6 @ 0000020bc61c4e80] Loading font file 'C:/Windows/Fonts\vgasysg.fon'
[Parsed_subtitles_6 @ 0000020bc61c4e80] Loading font file 'C:/Windows/Fonts\vgasysr.fon'
[Parsed_subtitles_6 @ 0000020bc61c4e80] Loading font file 'C:/Windows/Fonts\vgasyst.fon'
[Parsed_subtitles_6 @ 0000020bc61c4e80] Loading font file 'C:/Windows/Fonts\VINERITC.TTF'
[Parsed_subtitles_6 @ 0000020bc61c4e80] Loading font file 'C:/Windows/Fonts\VIVALDII.TTF'
[Parsed_subtitles_6 @ 0000020bc61c4e80] Loading font file 'C:/Windows/Fonts\VLADIMIR.TTF'
[Parsed_subtitles_6 @ 0000020bc61c4e80] Loading font file 'C:/Windows/Fonts\webdings.ttf'
[Parsed_subtitles_6 @ 0000020bc61c4e80] Loading font file 'C:/Windows/Fonts\wingding.ttf'
[Parsed_subtitles_6 @ 0000020bc61c4e80] Loading font file 'C:/Windows/Fonts\WINGDNG2.TTF'
[Parsed_subtitles_6 @ 0000020bc61c4e80] Loading font file 'C:/Windows/Fonts\WINGDNG3.TTF'
[Parsed_subtitles_6 @ 0000020bc61c4e80] Loading font file 'C:/Windows/Fonts\YuGothB.ttc'
[Parsed_subtitles_6 @ 0000020bc61c4e80] Loading font file 'C:/Windows/Fonts\YuGothL.ttc'
[Parsed_subtitles_6 @ 0000020bc61c4e80] Loading font file 'C:/Windows/Fonts\YuGothM.ttc'
[Parsed_subtitles_6 @ 0000020bc61c4e80] Loading font file 'C:/Windows/Fonts\YuGothR.ttc'
[Parsed_subtitles_6 @ 0000020bc61c4e80] No charmap autodetected, trying the first one
[Parsed_subtitles_6 @ 0000020bc61c4e80] Error getting metadata for embedded font '8514fix.fon'
[Parsed_subtitles_6 @ 0000020bc61c4e80] No charmap autodetected, trying the first one
[Parsed_subtitles_6 @ 0000020bc61c4e80] Error getting metadata for embedded font '8514fixe.fon'
[Parsed_subtitles_6 @ 0000020bc61c4e80] No charmap autodetected, trying the first one
[Parsed_subtitles_6 @ 0000020bc61c4e80] Error getting metadata for embedded font '8514fixg.fon'
[Parsed_subtitles_6 @ 0000020bc61c4e80] No charmap autodetected, trying the first one
[Parsed_subtitles_6 @ 0000020bc61c4e80] Error getting metadata for embedded font '8514fixr.fon'
[Parsed_subtitles_6 @ 0000020bc61c4e80] No charmap autodetected, trying the first one
[Parsed_subtitles_6 @ 0000020bc61c4e80] Error getting metadata for embedded font '8514fixt.fon'
[Parsed_subtitles_6 @ 0000020bc61c4e80] No charmap autodetected, trying the first one
[Parsed_subtitles_6 @ 0000020bc61c4e80] Error getting metadata for embedded font '8514oem.fon'
[Parsed_subtitles_6 @ 0000020bc61c4e80] No charmap autodetected, trying the first one
[Parsed_subtitles_6 @ 0000020bc61c4e80] Error getting metadata for embedded font '8514oeme.fon'
[Parsed_subtitles_6 @ 0000020bc61c4e80] No charmap autodetected, trying the first one
[Parsed_subtitles_6 @ 0000020bc61c4e80] Error getting metadata for embedded font '8514oemg.fon'
[Parsed_subtitles_6 @ 0000020bc61c4e80] No charmap autodetected, trying the first one
[Parsed_subtitles_6 @ 0000020bc61c4e80] Error getting metadata for embedded font '8514oemr.fon'
[Parsed_subtitles_6 @ 0000020bc61c4e80] No charmap autodetected, trying the first one
[Parsed_subtitles_6 @ 0000020bc61c4e80] Error getting metadata for embedded font '8514oemt.fon'
[Parsed_subtitles_6 @ 0000020bc61c4e80] No charmap autodetected, trying the first one
[Parsed_subtitles_6 @ 0000020bc61c4e80] Error getting metadata for embedded font '8514sys.fon'
[Parsed_subtitles_6 @ 0000020bc61c4e80] No charmap autodetected, trying the first one
[Parsed_subtitles_6 @ 0000020bc61c4e80] Error getting metadata for embedded font '8514syse.fon'
[Parsed_subtitles_6 @ 0000020bc61c4e80] No charmap autodetected, trying the first one
[Parsed_subtitles_6 @ 0000020bc61c4e80] Error getting metadata for embedded font '8514sysg.fon'
[Parsed_subtitles_6 @ 0000020bc61c4e80] No charmap autodetected, trying the first one
[Parsed_subtitles_6 @ 0000020bc61c4e80] Error getting metadata for embedded font '8514sysr.fon'
[Parsed_subtitles_6 @ 0000020bc61c4e80] No charmap autodetected, trying the first one
[Parsed_subtitles_6 @ 0000020bc61c4e80] Error getting metadata for embedded font '8514syst.fon'
[Parsed_subtitles_6 @ 0000020bc61c4e80] No charmap autodetected, trying the first one
[Parsed_subtitles_6 @ 0000020bc61c4e80] Error getting metadata for embedded font '85775.fon'
[Parsed_subtitles_6 @ 0000020bc61c4e80] No charmap autodetected, trying the first one
[Parsed_subtitles_6 @ 0000020bc61c4e80] Error getting metadata for embedded font '85855.fon'
[Parsed_subtitles_6 @ 0000020bc61c4e80] No charmap autodetected, trying the first one
[Parsed_subtitles_6 @ 0000020bc61c4e80] Error getting metadata for embedded font '85f1255.fon'
[Parsed_subtitles_6 @ 0000020bc61c4e80] No charmap autodetected, trying the first one
[Parsed_subtitles_6 @ 0000020bc61c4e80] Error getting metadata for embedded font '85f1256.fon'
[Parsed_subtitles_6 @ 0000020bc61c4e80] No charmap autodetected, trying the first one
[Parsed_subtitles_6 @ 0000020bc61c4e80] Error getting metadata for embedded font '85f1257.fon'
[Parsed_subtitles_6 @ 0000020bc61c4e80] No charmap autodetected, trying the first one
[Parsed_subtitles_6 @ 0000020bc61c4e80] Error getting metadata for embedded font '85f874.fon'
[Parsed_subtitles_6 @ 0000020bc61c4e80] No charmap autodetected, trying the first one
[Parsed_subtitles_6 @ 0000020bc61c4e80] Error getting metadata for embedded font '85s1255.fon'
[Parsed_subtitles_6 @ 0000020bc61c4e80] No charmap autodetected, trying the first one
[Parsed_subtitles_6 @ 0000020bc61c4e80] Error getting metadata for embedded font '85s1256.fon'
[Parsed_subtitles_6 @ 0000020bc61c4e80] No charmap autodetected, trying the first one
[Parsed_subtitles_6 @ 0000020bc61c4e80] Error getting metadata for embedded font '85s1257.fon'
[Parsed_subtitles_6 @ 0000020bc61c4e80] No charmap autodetected, trying the first one
[Parsed_subtitles_6 @ 0000020bc61c4e80] Error getting metadata for embedded font '85s874.fon'
[Parsed_subtitles_6 @ 0000020bc61c4e80] No charmap autodetected, trying the first one
[Parsed_subtitles_6 @ 0000020bc61c4e80] Error getting metadata for embedded font 'app775.fon'
[Parsed_subtitles_6 @ 0000020bc61c4e80] No charmap autodetected, trying the first one
[Parsed_subtitles_6 @ 0000020bc61c4e80] Error getting metadata for embedded font 'app775.fon'
[Parsed_subtitles_6 @ 0000020bc61c4e80] No charmap autodetected, trying the first one
[Parsed_subtitles_6 @ 0000020bc61c4e80] Error getting metadata for embedded font 'app775.fon'
[Parsed_subtitles_6 @ 0000020bc61c4e80] No charmap autodetected, trying the first one
[Parsed_subtitles_6 @ 0000020bc61c4e80] Error getting metadata for embedded font 'app775.fon'
[Parsed_subtitles_6 @ 0000020bc61c4e80] No charmap autodetected, trying the first one
[Parsed_subtitles_6 @ 0000020bc61c4e80] Error getting metadata for embedded font 'app775.fon'
[Parsed_subtitles_6 @ 0000020bc61c4e80] No charmap autodetected, trying the first one
[Parsed_subtitles_6 @ 0000020bc61c4e80] Error getting metadata for embedded font 'app775.fon'
[Parsed_subtitles_6 @ 0000020bc61c4e80] No charmap autodetected, trying the first one
[Parsed_subtitles_6 @ 0000020bc61c4e80] Error getting metadata for embedded font 'app850.fon'
[Parsed_subtitles_6 @ 0000020bc61c4e80] No charmap autodetected, trying the first one
[Parsed_subtitles_6 @ 0000020bc61c4e80] Error getting metadata for embedded font 'app850.fon'
[Parsed_subtitles_6 @ 0000020bc61c4e80] No charmap autodetected, trying the first one
[Parsed_subtitles_6 @ 0000020bc61c4e80] Error getting metadata for embedded font 'app850.fon'
[Parsed_subtitles_6 @ 0000020bc61c4e80] No charmap autodetected, trying the first one
[Parsed_subtitles_6 @ 0000020bc61c4e80] Error getting metadata for embedded font 'app850.fon'
[Parsed_subtitles_6 @ 0000020bc61c4e80] No charmap autodetected, trying the first one
[Parsed_subtitles_6 @ 0000020bc61c4e80] Error getting metadata for embedded font 'app850.fon'
[Parsed_subtitles_6 @ 0000020bc61c4e80] No charmap autodetected, trying the first one
[Parsed_subtitles_6 @ 0000020bc61c4e80] Error getting metadata for embedded font 'app850.fon'
[Parsed_subtitles_6 @ 0000020bc61c4e80] No charmap autodetected, trying the first one
[Parsed_subtitles_6 @ 0000020bc61c4e80] Error getting metadata for embedded font 'app852.fon'
[Parsed_subtitles_6 @ 0000020bc61c4e80] No charmap autodetected, trying the first one
[Parsed_subtitles_6 @ 0000020bc61c4e80] Error getting metadata for embedded font 'app852.fon'
[Parsed_subtitles_6 @ 0000020bc61c4e80] No charmap autodetected, trying the first one
[Parsed_subtitles_6 @ 0000020bc61c4e80] Error getting metadata for embedded font 'app852.fon'
[Parsed_subtitles_6 @ 0000020bc61c4e80] No charmap autodetected, trying the first one
[Parsed_subtitles_6 @ 0000020bc61c4e80] Error getting metadata for embedded font 'app852.fon'
[Parsed_subtitles_6 @ 0000020bc61c4e80] No charmap autodetected, trying the first one
[Parsed_subtitles_6 @ 0000020bc61c4e80] Error getting metadata for embedded font 'app852.fon'
[Parsed_subtitles_6 @ 0000020bc61c4e80] No charmap autodetected, trying the first one
[Parsed_subtitles_6 @ 0000020bc61c4e80] Error getting metadata for embedded font 'app852.fon'
[Parsed_subtitles_6 @ 0000020bc61c4e80] No charmap autodetected, trying the first one
[Parsed_subtitles_6 @ 0000020bc61c4e80] Error getting metadata for embedded font 'app855.fon'
[Parsed_subtitles_6 @ 0000020bc61c4e80] No charmap autodetected, trying the first one
[Parsed_subtitles_6 @ 0000020bc61c4e80] Error getting metadata for embedded font 'app855.fon'
[Parsed_subtitles_6 @ 0000020bc61c4e80] No charmap autodetected, trying the first one
[Parsed_subtitles_6 @ 0000020bc61c4e80] Error getting metadata for embedded font 'app855.fon'
[Parsed_subtitles_6 @ 0000020bc61c4e80] No charmap autodetected, trying the first one
[Parsed_subtitles_6 @ 0000020bc61c4e80] Error getting metadata for embedded font 'app855.fon'
[Parsed_subtitles_6 @ 0000020bc61c4e80] No charmap autodetected, trying the first one
[Parsed_subtitles_6 @ 0000020bc61c4e80] Error getting metadata for embedded font 'app855.fon'
[Parsed_subtitles_6 @ 0000020bc61c4e80] No charmap autodetected, trying the first one
[Parsed_subtitles_6 @ 0000020bc61c4e80] Error getting metadata for embedded font 'app855.fon'
[Parsed_subtitles_6 @ 0000020bc61c4e80] No charmap autodetected, trying the first one
[Parsed_subtitles_6 @ 0000020bc61c4e80] Error getting metadata for embedded font 'app857.fon'
[Parsed_subtitles_6 @ 0000020bc61c4e80] No charmap autodetected, trying the first one
[Parsed_subtitles_6 @ 0000020bc61c4e80] Error getting metadata for embedded font 'app857.fon'
[Parsed_subtitles_6 @ 0000020bc61c4e80] No charmap autodetected, trying the first one
[Parsed_subtitles_6 @ 0000020bc61c4e80] Error getting metadata for embedded font 'app857.fon'
[Parsed_subtitles_6 @ 0000020bc61c4e80] No charmap autodetected, trying the first one
[Parsed_subtitles_6 @ 0000020bc61c4e80] Error getting metadata for embedded font 'app857.fon'
[Parsed_subtitles_6 @ 0000020bc61c4e80] No charmap autodetected, trying the first one
[Parsed_subtitles_6 @ 0000020bc61c4e80] Error getting metadata for embedded font 'app857.fon'
[Parsed_subtitles_6 @ 0000020bc61c4e80] No charmap autodetected, trying the first one
[Parsed_subtitles_6 @ 0000020bc61c4e80] Error getting metadata for embedded font 'app857.fon'
[Parsed_subtitles_6 @ 0000020bc61c4e80] No charmap autodetected, trying the first one
[Parsed_subtitles_6 @ 0000020bc61c4e80] Error getting metadata for embedded font 'app866.fon'
[Parsed_subtitles_6 @ 0000020bc61c4e80] No charmap autodetected, trying the first one
[Parsed_subtitles_6 @ 0000020bc61c4e80] Error getting metadata for embedded font 'app866.fon'
[Parsed_subtitles_6 @ 0000020bc61c4e80] No charmap autodetected, trying the first one
[Parsed_subtitles_6 @ 0000020bc61c4e80] Error getting metadata for embedded font 'app866.fon'
[Parsed_subtitles_6 @ 0000020bc61c4e80] No charmap autodetected, trying the first one
[Parsed_subtitles_6 @ 0000020bc61c4e80] Error getting metadata for embedded font 'app866.fon'
[Parsed_subtitles_6 @ 0000020bc61c4e80] No charmap autodetected, trying the first one
[Parsed_subtitles_6 @ 0000020bc61c4e80] Error getting metadata for embedded font 'app866.fon'
[Parsed_subtitles_6 @ 0000020bc61c4e80] No charmap autodetected, trying the first one
[Parsed_subtitles_6 @ 0000020bc61c4e80] Error getting metadata for embedded font 'app866.fon'
[Parsed_subtitles_6 @ 0000020bc61c4e80] No charmap autodetected, trying the first one
[Parsed_subtitles_6 @ 0000020bc61c4e80] Error getting metadata for embedded font 'app932.fon'
[Parsed_subtitles_6 @ 0000020bc61c4e80] No charmap autodetected, trying the first one
[Parsed_subtitles_6 @ 0000020bc61c4e80] Error getting metadata for embedded font 'app932.fon'
[Parsed_subtitles_6 @ 0000020bc61c4e80] No charmap autodetected, trying the first one
[Parsed_subtitles_6 @ 0000020bc61c4e80] Error getting metadata for embedded font 'app932.fon'
[Parsed_subtitles_6 @ 0000020bc61c4e80] No charmap autodetected, trying the first one
[Parsed_subtitles_6 @ 0000020bc61c4e80] Error getting metadata for embedded font 'app932.fon'
[Parsed_subtitles_6 @ 0000020bc61c4e80] No charmap autodetected, trying the first one
[Parsed_subtitles_6 @ 0000020bc61c4e80] Error getting metadata for embedded font 'app932.fon'
[Parsed_subtitles_6 @ 0000020bc61c4e80] No charmap autodetected, trying the first one
[Parsed_subtitles_6 @ 0000020bc61c4e80] Error getting metadata for embedded font 'app932.fon'
[Parsed_subtitles_6 @ 0000020bc61c4e80] No charmap autodetected, trying the first one
[Parsed_subtitles_6 @ 0000020bc61c4e80] Error getting metadata for embedded font 'app932.fon'
[Parsed_subtitles_6 @ 0000020bc61c4e80] No charmap autodetected, trying the first one
[Parsed_subtitles_6 @ 0000020bc61c4e80] Error getting metadata for embedded font 'app932.fon'
[Parsed_subtitles_6 @ 0000020bc61c4e80] No charmap autodetected, trying the first one
[Parsed_subtitles_6 @ 0000020bc61c4e80] Error getting metadata for embedded font 'app932.fon'
[Parsed_subtitles_6 @ 0000020bc61c4e80] No charmap autodetected, trying the first one
[Parsed_subtitles_6 @ 0000020bc61c4e80] Error getting metadata for embedded font 'app932.fon'
[Parsed_subtitles_6 @ 0000020bc61c4e80] No charmap autodetected, trying the first one
[Parsed_subtitles_6 @ 0000020bc61c4e80] Error getting metadata for embedded font 'app932.fon'
[Parsed_subtitles_6 @ 0000020bc61c4e80] No charmap autodetected, trying the first one
[Parsed_subtitles_6 @ 0000020bc61c4e80] Error getting metadata for embedded font 'app932.fon'
[Parsed_subtitles_6 @ 0000020bc61c4e80] No charmap autodetected, trying the first one
[Parsed_subtitles_6 @ 0000020bc61c4e80] Error getting metadata for embedded font 'app936.fon'
[Parsed_subtitles_6 @ 0000020bc61c4e80] No charmap autodetected, trying the first one
[Parsed_subtitles_6 @ 0000020bc61c4e80] Error getting metadata for embedded font 'app936.fon'
[Parsed_subtitles_6 @ 0000020bc61c4e80] No charmap autodetected, trying the first one
[Parsed_subtitles_6 @ 0000020bc61c4e80] Error getting metadata for embedded font 'app936.fon'
[Parsed_subtitles_6 @ 0000020bc61c4e80] No charmap autodetected, trying the first one
[Parsed_subtitles_6 @ 0000020bc61c4e80] Error getting metadata for embedded font 'app936.fon'
[Parsed_subtitles_6 @ 0000020bc61c4e80] No charmap autodetected, trying the first one
[Parsed_subtitles_6 @ 0000020bc61c4e80] Error getting metadata for embedded font 'app936.fon'
[Parsed_subtitles_6 @ 0000020bc61c4e80] No charmap autodetected, trying the first one
[Parsed_subtitles_6 @ 0000020bc61c4e80] Error getting metadata for embedded font 'app936.fon'
[Parsed_subtitles_6 @ 0000020bc61c4e80] No charmap autodetected, trying the first one
[Parsed_subtitles_6 @ 0000020bc61c4e80] Error getting metadata for embedded font 'app936.fon'
[Parsed_subtitles_6 @ 0000020bc61c4e80] No charmap autodetected, trying the first one
[Parsed_subtitles_6 @ 0000020bc61c4e80] Error getting metadata for embedded font 'app936.fon'
[Parsed_subtitles_6 @ 0000020bc61c4e80] No charmap autodetected, trying the first one
[Parsed_subtitles_6 @ 0000020bc61c4e80] Error getting metadata for embedded font 'app936.fon'
[Parsed_subtitles_6 @ 0000020bc61c4e80] No charmap autodetected, trying the first one
[Parsed_subtitles_6 @ 0000020bc61c4e80] Error getting metadata for embedded font 'app936.fon'
[Parsed_subtitles_6 @ 0000020bc61c4e80] No charmap autodetected, trying the first one
[Parsed_subtitles_6 @ 0000020bc61c4e80] Error getting metadata for embedded font 'app936.fon'
[Parsed_subtitles_6 @ 0000020bc61c4e80] No charmap autodetected, trying the first one
[Parsed_subtitles_6 @ 0000020bc61c4e80] Error getting metadata for embedded font 'app936.fon'
[Parsed_subtitles_6 @ 0000020bc61c4e80] No charmap autodetected, trying the first one
[Parsed_subtitles_6 @ 0000020bc61c4e80] Error getting metadata for embedded font 'app949.fon'
[Parsed_subtitles_6 @ 0000020bc61c4e80] No charmap autodetected, trying the first one
[Parsed_subtitles_6 @ 0000020bc61c4e80] Error getting metadata for embedded font 'app949.fon'
[Parsed_subtitles_6 @ 0000020bc61c4e80] No charmap autodetected, trying the first one
[Parsed_subtitles_6 @ 0000020bc61c4e80] Error getting metadata for embedded font 'app949.fon'
[Parsed_subtitles_6 @ 0000020bc61c4e80] No charmap autodetected, trying the first one
[Parsed_subtitles_6 @ 0000020bc61c4e80] Error getting metadata for embedded font 'app949.fon'
[Parsed_subtitles_6 @ 0000020bc61c4e80] No charmap autodetected, trying the first one
[Parsed_subtitles_6 @ 0000020bc61c4e80] Error getting metadata for embedded font 'app949.fon'
[Parsed_subtitles_6 @ 0000020bc61c4e80] No charmap autodetected, trying the first one
[Parsed_subtitles_6 @ 0000020bc61c4e80] Error getting metadata for embedded font 'app949.fon'
[Parsed_subtitles_6 @ 0000020bc61c4e80] No charmap autodetected, trying the first one
[Parsed_subtitles_6 @ 0000020bc61c4e80] Error getting metadata for embedded font 'app949.fon'
[Parsed_subtitles_6 @ 0000020bc61c4e80] No charmap autodetected, trying the first one
[Parsed_subtitles_6 @ 0000020bc61c4e80] Error getting metadata for embedded font 'app949.fon'
[Parsed_subtitles_6 @ 0000020bc61c4e80] No charmap autodetected, trying the first one
[Parsed_subtitles_6 @ 0000020bc61c4e80] Error getting metadata for embedded font 'app949.fon'
[Parsed_subtitles_6 @ 0000020bc61c4e80] No charmap autodetected, trying the first one
[Parsed_subtitles_6 @ 0000020bc61c4e80] Error getting metadata for embedded font 'app949.fon'
[Parsed_subtitles_6 @ 0000020bc61c4e80] No charmap autodetected, trying the first one
[Parsed_subtitles_6 @ 0000020bc61c4e80] Error getting metadata for embedded font 'app949.fon'
[Parsed_subtitles_6 @ 0000020bc61c4e80] No charmap autodetected, trying the first one
[Parsed_subtitles_6 @ 0000020bc61c4e80] Error getting metadata for embedded font 'app949.fon'
[Parsed_subtitles_6 @ 0000020bc61c4e80] No charmap autodetected, trying the first one
[Parsed_subtitles_6 @ 0000020bc61c4e80] Error getting metadata for embedded font 'app950.fon'
[Parsed_subtitles_6 @ 0000020bc61c4e80] No charmap autodetected, trying the first one
[Parsed_subtitles_6 @ 0000020bc61c4e80] Error getting metadata for embedded font 'app950.fon'
[Parsed_subtitles_6 @ 0000020bc61c4e80] No charmap autodetected, trying the first one
[Parsed_subtitles_6 @ 0000020bc61c4e80] Error getting metadata for embedded font 'app950.fon'
[Parsed_subtitles_6 @ 0000020bc61c4e80] No charmap autodetected, trying the first one
[Parsed_subtitles_6 @ 0000020bc61c4e80] Error getting metadata for embedded font 'app950.fon'
[Parsed_subtitles_6 @ 0000020bc61c4e80] No charmap autodetected, trying the first one
[Parsed_subtitles_6 @ 0000020bc61c4e80] Error getting metadata for embedded font 'app950.fon'
[Parsed_subtitles_6 @ 0000020bc61c4e80] No charmap autodetected, trying the first one
[Parsed_subtitles_6 @ 0000020bc61c4e80] Error getting metadata for embedded font 'app950.fon'
[Parsed_subtitles_6 @ 0000020bc61c4e80] No charmap autodetected, trying the first one
[Parsed_subtitles_6 @ 0000020bc61c4e80] Error getting metadata for embedded font 'app950.fon'
[Parsed_subtitles_6 @ 0000020bc61c4e80] No charmap autodetected, trying the first one
[Parsed_subtitles_6 @ 0000020bc61c4e80] Error getting metadata for embedded font 'app950.fon'
[Parsed_subtitles_6 @ 0000020bc61c4e80] No charmap autodetected, trying the first one
[Parsed_subtitles_6 @ 0000020bc61c4e80] Error getting metadata for embedded font 'app950.fon'
[Parsed_subtitles_6 @ 0000020bc61c4e80] No charmap autodetected, trying the first one
[Parsed_subtitles_6 @ 0000020bc61c4e80] Error getting metadata for embedded font 'app950.fon'
[Parsed_subtitles_6 @ 0000020bc61c4e80] No charmap autodetected, trying the first one
[Parsed_subtitles_6 @ 0000020bc61c4e80] Error getting metadata for embedded font 'app950.fon'
[Parsed_subtitles_6 @ 0000020bc61c4e80] No charmap autodetected, trying the first one
[Parsed_subtitles_6 @ 0000020bc61c4e80] Error getting metadata for embedded font 'app950.fon'
[Parsed_subtitles_6 @ 0000020bc61c4e80] No charmap autodetected, trying the first one
[Parsed_subtitles_6 @ 0000020bc61c4e80] Error getting metadata for embedded font 'c8514fix.fon'
[Parsed_subtitles_6 @ 0000020bc61c4e80] No charmap autodetected, trying the first one
[Parsed_subtitles_6 @ 0000020bc61c4e80] Error getting metadata for embedded font 'c8514oem.fon'
[Parsed_subtitles_6 @ 0000020bc61c4e80] No charmap autodetected, trying the first one
[Parsed_subtitles_6 @ 0000020bc61c4e80] Error getting metadata for embedded font 'c8514sys.fon'
[Parsed_subtitles_6 @ 0000020bc61c4e80] No charmap autodetected, trying the first one
[Parsed_subtitles_6 @ 0000020bc61c4e80] Error getting metadata for embedded font 'c8514sys.fon'
[Parsed_subtitles_6 @ 0000020bc61c4e80] No charmap autodetected, trying the first one
[Parsed_subtitles_6 @ 0000020bc61c4e80] Error getting metadata for embedded font 'cga40737.fon'
[Parsed_subtitles_6 @ 0000020bc61c4e80] No charmap autodetected, trying the first one
[Parsed_subtitles_6 @ 0000020bc61c4e80] Error getting metadata for embedded font 'cga40850.fon'
[Parsed_subtitles_6 @ 0000020bc61c4e80] No charmap autodetected, trying the first one
[Parsed_subtitles_6 @ 0000020bc61c4e80] Error getting metadata for embedded font 'cga40852.fon'
[Parsed_subtitles_6 @ 0000020bc61c4e80] No charmap autodetected, trying the first one
[Parsed_subtitles_6 @ 0000020bc61c4e80] Error getting metadata for embedded font 'cga40857.fon'
[Parsed_subtitles_6 @ 0000020bc61c4e80] No charmap autodetected, trying the first one
[Parsed_subtitles_6 @ 0000020bc61c4e80] Error getting metadata for embedded font 'cga40866.fon'
[Parsed_subtitles_6 @ 0000020bc61c4e80] No charmap autodetected, trying the first one
[Parsed_subtitles_6 @ 0000020bc61c4e80] Error getting metadata for embedded font 'cga40869.fon'
[Parsed_subtitles_6 @ 0000020bc61c4e80] No charmap autodetected, trying the first one
[Parsed_subtitles_6 @ 0000020bc61c4e80] Error getting metadata for embedded font 'cga40woa.fon'
[Parsed_subtitles_6 @ 0000020bc61c4e80] No charmap autodetected, trying the first one
[Parsed_subtitles_6 @ 0000020bc61c4e80] Error getting metadata for embedded font 'cga80737.fon'
[Parsed_subtitles_6 @ 0000020bc61c4e80] No charmap autodetected, trying the first one
[Parsed_subtitles_6 @ 0000020bc61c4e80] Error getting metadata for embedded font 'cga80850.fon'
[Parsed_subtitles_6 @ 0000020bc61c4e80] No charmap autodetected, trying the first one
[Parsed_subtitles_6 @ 0000020bc61c4e80] Error getting metadata for embedded font 'cga80852.fon'
[Parsed_subtitles_6 @ 0000020bc61c4e80] No charmap autodetected, trying the first one
[Parsed_subtitles_6 @ 0000020bc61c4e80] Error getting metadata for embedded font 'cga80857.fon'
[Parsed_subtitles_6 @ 0000020bc61c4e80] No charmap autodetected, trying the first one
[Parsed_subtitles_6 @ 0000020bc61c4e80] Error getting metadata for embedded font 'cga80866.fon'
[Parsed_subtitles_6 @ 0000020bc61c4e80] No charmap autodetected, trying the first one
[Parsed_subtitles_6 @ 0000020bc61c4e80] Error getting metadata for embedded font 'cga80869.fon'
[Parsed_subtitles_6 @ 0000020bc61c4e80] No charmap autodetected, trying the first one
[Parsed_subtitles_6 @ 0000020bc61c4e80] Error getting metadata for embedded font 'cga80woa.fon'
[Parsed_subtitles_6 @ 0000020bc61c4e80] No charmap autodetected, trying the first one
[Parsed_subtitles_6 @ 0000020bc61c4e80] Error getting metadata for embedded font 'coue1255.fon'
[Parsed_subtitles_6 @ 0000020bc61c4e80] No charmap autodetected, trying the first one
[Parsed_subtitles_6 @ 0000020bc61c4e80] Error getting metadata for embedded font 'coue1255.fon'
[Parsed_subtitles_6 @ 0000020bc61c4e80] No charmap autodetected, trying the first one
[Parsed_subtitles_6 @ 0000020bc61c4e80] Error getting metadata for embedded font 'coue1255.fon'
[Parsed_subtitles_6 @ 0000020bc61c4e80] No charmap autodetected, trying the first one
[Parsed_subtitles_6 @ 0000020bc61c4e80] Error getting metadata for embedded font 'coue1256.fon'
[Parsed_subtitles_6 @ 0000020bc61c4e80] No charmap autodetected, trying the first one
[Parsed_subtitles_6 @ 0000020bc61c4e80] Error getting metadata for embedded font 'coue1256.fon'
[Parsed_subtitles_6 @ 0000020bc61c4e80] No charmap autodetected, trying the first one
[Parsed_subtitles_6 @ 0000020bc61c4e80] Error getting metadata for embedded font 'coue1256.fon'
[Parsed_subtitles_6 @ 0000020bc61c4e80] No charmap autodetected, trying the first one
[Parsed_subtitles_6 @ 0000020bc61c4e80] Error getting metadata for embedded font 'coue1257.fon'
[Parsed_subtitles_6 @ 0000020bc61c4e80] No charmap autodetected, trying the first one
[Parsed_subtitles_6 @ 0000020bc61c4e80] Error getting metadata for embedded font 'coue1257.fon'
[Parsed_subtitles_6 @ 0000020bc61c4e80] No charmap autodetected, trying the first one
[Parsed_subtitles_6 @ 0000020bc61c4e80] Error getting metadata for embedded font 'coue1257.fon'
[Parsed_subtitles_6 @ 0000020bc61c4e80] No charmap autodetected, trying the first one
[Parsed_subtitles_6 @ 0000020bc61c4e80] Error getting metadata for embedded font 'couf1255.fon'
[Parsed_subtitles_6 @ 0000020bc61c4e80] No charmap autodetected, trying the first one
[Parsed_subtitles_6 @ 0000020bc61c4e80] Error getting metadata for embedded font 'couf1255.fon'
[Parsed_subtitles_6 @ 0000020bc61c4e80] No charmap autodetected, trying the first one
[Parsed_subtitles_6 @ 0000020bc61c4e80] Error getting metadata for embedded font 'couf1255.fon'
[Parsed_subtitles_6 @ 0000020bc61c4e80] No charmap autodetected, trying the first one
[Parsed_subtitles_6 @ 0000020bc61c4e80] Error getting metadata for embedded font 'couf1256.fon'
[Parsed_subtitles_6 @ 0000020bc61c4e80] No charmap autodetected, trying the first one
[Parsed_subtitles_6 @ 0000020bc61c4e80] Error getting metadata for embedded font 'couf1256.fon'
[Parsed_subtitles_6 @ 0000020bc61c4e80] No charmap autodetected, trying the first one
[Parsed_subtitles_6 @ 0000020bc61c4e80] Error getting metadata for embedded font 'couf1256.fon'
[Parsed_subtitles_6 @ 0000020bc61c4e80] No charmap autodetected, trying the first one
[Parsed_subtitles_6 @ 0000020bc61c4e80] Error getting metadata for embedded font 'couf1257.fon'
[Parsed_subtitles_6 @ 0000020bc61c4e80] No charmap autodetected, trying the first one
[Parsed_subtitles_6 @ 0000020bc61c4e80] Error getting metadata for embedded font 'couf1257.fon'
[Parsed_subtitles_6 @ 0000020bc61c4e80] No charmap autodetected, trying the first one
[Parsed_subtitles_6 @ 0000020bc61c4e80] Error getting metadata for embedded font 'couf1257.fon'
[Parsed_subtitles_6 @ 0000020bc61c4e80] No charmap autodetected, trying the first one
[Parsed_subtitles_6 @ 0000020bc61c4e80] Error getting metadata for embedded font 'coure.fon'
[Parsed_subtitles_6 @ 0000020bc61c4e80] No charmap autodetected, trying the first one
[Parsed_subtitles_6 @ 0000020bc61c4e80] Error getting metadata for embedded font 'coure.fon'
[Parsed_subtitles_6 @ 0000020bc61c4e80] No charmap autodetected, trying the first one
[Parsed_subtitles_6 @ 0000020bc61c4e80] Error getting metadata for embedded font 'coure.fon'
[Parsed_subtitles_6 @ 0000020bc61c4e80] No charmap autodetected, trying the first one
[Parsed_subtitles_6 @ 0000020bc61c4e80] Error getting metadata for embedded font 'couree.fon'
[Parsed_subtitles_6 @ 0000020bc61c4e80] No charmap autodetected, trying the first one
[Parsed_subtitles_6 @ 0000020bc61c4e80] Error getting metadata for embedded font 'couree.fon'
[Parsed_subtitles_6 @ 0000020bc61c4e80] No charmap autodetected, trying the first one
[Parsed_subtitles_6 @ 0000020bc61c4e80] Error getting metadata for embedded font 'couree.fon'
[Parsed_subtitles_6 @ 0000020bc61c4e80] No charmap autodetected, trying the first one
[Parsed_subtitles_6 @ 0000020bc61c4e80] Error getting metadata for embedded font 'coureg.fon'
[Parsed_subtitles_6 @ 0000020bc61c4e80] No charmap autodetected, trying the first one
[Parsed_subtitles_6 @ 0000020bc61c4e80] Error getting metadata for embedded font 'coureg.fon'
[Parsed_subtitles_6 @ 0000020bc61c4e80] No charmap autodetected, trying the first one
[Parsed_subtitles_6 @ 0000020bc61c4e80] Error getting metadata for embedded font 'coureg.fon'
[Parsed_subtitles_6 @ 0000020bc61c4e80] No charmap autodetected, trying the first one
[Parsed_subtitles_6 @ 0000020bc61c4e80] Error getting metadata for embedded font 'courer.fon'
[Parsed_subtitles_6 @ 0000020bc61c4e80] No charmap autodetected, trying the first one
[Parsed_subtitles_6 @ 0000020bc61c4e80] Error getting metadata for embedded font 'courer.fon'
[Parsed_subtitles_6 @ 0000020bc61c4e80] No charmap autodetected, trying the first one
[Parsed_subtitles_6 @ 0000020bc61c4e80] Error getting metadata for embedded font 'courer.fon'
[Parsed_subtitles_6 @ 0000020bc61c4e80] No charmap autodetected, trying the first one
[Parsed_subtitles_6 @ 0000020bc61c4e80] Error getting metadata for embedded font 'couret.fon'
[Parsed_subtitles_6 @ 0000020bc61c4e80] No charmap autodetected, trying the first one
[Parsed_subtitles_6 @ 0000020bc61c4e80] Error getting metadata for embedded font 'couret.fon'
[Parsed_subtitles_6 @ 0000020bc61c4e80] No charmap autodetected, trying the first one
[Parsed_subtitles_6 @ 0000020bc61c4e80] Error getting metadata for embedded font 'couret.fon'
[Parsed_subtitles_6 @ 0000020bc61c4e80] No charmap autodetected, trying the first one
[Parsed_subtitles_6 @ 0000020bc61c4e80] Error getting metadata for embedded font 'courf.fon'
[Parsed_subtitles_6 @ 0000020bc61c4e80] No charmap autodetected, trying the first one
[Parsed_subtitles_6 @ 0000020bc61c4e80] Error getting metadata for embedded font 'courf.fon'
[Parsed_subtitles_6 @ 0000020bc61c4e80] No charmap autodetected, trying the first one
[Parsed_subtitles_6 @ 0000020bc61c4e80] Error getting metadata for embedded font 'courf.fon'
[Parsed_subtitles_6 @ 0000020bc61c4e80] No charmap autodetected, trying the first one
[Parsed_subtitles_6 @ 0000020bc61c4e80] Error getting metadata for embedded font 'courfe.fon'
[Parsed_subtitles_6 @ 0000020bc61c4e80] No charmap autodetected, trying the first one
[Parsed_subtitles_6 @ 0000020bc61c4e80] Error getting metadata for embedded font 'courfe.fon'
[Parsed_subtitles_6 @ 0000020bc61c4e80] No charmap autodetected, trying the first one
[Parsed_subtitles_6 @ 0000020bc61c4e80] Error getting metadata for embedded font 'courfe.fon'
[Parsed_subtitles_6 @ 0000020bc61c4e80] No charmap autodetected, trying the first one
[Parsed_subtitles_6 @ 0000020bc61c4e80] Error getting metadata for embedded font 'courfg.fon'
[Parsed_subtitles_6 @ 0000020bc61c4e80] No charmap autodetected, trying the first one
[Parsed_subtitles_6 @ 0000020bc61c4e80] Error getting metadata for embedded font 'courfg.fon'
[Parsed_subtitles_6 @ 0000020bc61c4e80] No charmap autodetected, trying the first one
[Parsed_subtitles_6 @ 0000020bc61c4e80] Error getting metadata for embedded font 'courfg.fon'
[Parsed_subtitles_6 @ 0000020bc61c4e80] No charmap autodetected, trying the first one
[Parsed_subtitles_6 @ 0000020bc61c4e80] Error getting metadata for embedded font 'courfr.fon'
[Parsed_subtitles_6 @ 0000020bc61c4e80] No charmap autodetected, trying the first one
[Parsed_subtitles_6 @ 0000020bc61c4e80] Error getting metadata for embedded font 'courfr.fon'
[Parsed_subtitles_6 @ 0000020bc61c4e80] No charmap autodetected, trying the first one
[Parsed_subtitles_6 @ 0000020bc61c4e80] Error getting metadata for embedded font 'courfr.fon'
[Parsed_subtitles_6 @ 0000020bc61c4e80] No charmap autodetected, trying the first one
[Parsed_subtitles_6 @ 0000020bc61c4e80] Error getting metadata for embedded font 'courft.fon'
[Parsed_subtitles_6 @ 0000020bc61c4e80] No charmap autodetected, trying the first one
[Parsed_subtitles_6 @ 0000020bc61c4e80] Error getting metadata for embedded font 'courft.fon'
[Parsed_subtitles_6 @ 0000020bc61c4e80] No charmap autodetected, trying the first one
[Parsed_subtitles_6 @ 0000020bc61c4e80] Error getting metadata for embedded font 'courft.fon'
[Parsed_subtitles_6 @ 0000020bc61c4e80] No charmap autodetected, trying the first one
[Parsed_subtitles_6 @ 0000020bc61c4e80] Error getting metadata for embedded font 'cvgafix.fon'
[Parsed_subtitles_6 @ 0000020bc61c4e80] No charmap autodetected, trying the first one
[Parsed_subtitles_6 @ 0000020bc61c4e80] Error getting metadata for embedded font 'cvgasys.fon'
[Parsed_subtitles_6 @ 0000020bc61c4e80] No charmap autodetected, trying the first one
[Parsed_subtitles_6 @ 0000020bc61c4e80] Error getting metadata for embedded font 'cvgasys.fon'
[Parsed_subtitles_6 @ 0000020bc61c4e80] Error opening memory font 'desktop.ini'
[Parsed_subtitles_6 @ 0000020bc61c4e80] No charmap autodetected, trying the first one
[Parsed_subtitles_6 @ 0000020bc61c4e80] Error getting metadata for embedded font 'dos737.fon'
[Parsed_subtitles_6 @ 0000020bc61c4e80] No charmap autodetected, trying the first one
[Parsed_subtitles_6 @ 0000020bc61c4e80] Error getting metadata for embedded font 'dos737.fon'
[Parsed_subtitles_6 @ 0000020bc61c4e80] No charmap autodetected, trying the first one
[Parsed_subtitles_6 @ 0000020bc61c4e80] Error getting metadata for embedded font 'dos737.fon'
[Parsed_subtitles_6 @ 0000020bc61c4e80] No charmap autodetected, trying the first one
[Parsed_subtitles_6 @ 0000020bc61c4e80] Error getting metadata for embedded font 'dos737.fon'
[Parsed_subtitles_6 @ 0000020bc61c4e80] No charmap autodetected, trying the first one
[Parsed_subtitles_6 @ 0000020bc61c4e80] Error getting metadata for embedded font 'dos737.fon'
[Parsed_subtitles_6 @ 0000020bc61c4e80] No charmap autodetected, trying the first one
[Parsed_subtitles_6 @ 0000020bc61c4e80] Error getting metadata for embedded font 'dos737.fon'
[Parsed_subtitles_6 @ 0000020bc61c4e80] No charmap autodetected, trying the first one
[Parsed_subtitles_6 @ 0000020bc61c4e80] Error getting metadata for embedded font 'dos869.fon'
[Parsed_subtitles_6 @ 0000020bc61c4e80] No charmap autodetected, trying the first one
[Parsed_subtitles_6 @ 0000020bc61c4e80] Error getting metadata for embedded font 'dos869.fon'
[Parsed_subtitles_6 @ 0000020bc61c4e80] No charmap autodetected, trying the first one
[Parsed_subtitles_6 @ 0000020bc61c4e80] Error getting metadata for embedded font 'dos869.fon'
[Parsed_subtitles_6 @ 0000020bc61c4e80] No charmap autodetected, trying the first one
[Parsed_subtitles_6 @ 0000020bc61c4e80] Error getting metadata for embedded font 'dos869.fon'
[Parsed_subtitles_6 @ 0000020bc61c4e80] No charmap autodetected, trying the first one
[Parsed_subtitles_6 @ 0000020bc61c4e80] Error getting metadata for embedded font 'dos869.fon'
[Parsed_subtitles_6 @ 0000020bc61c4e80] No charmap autodetected, trying the first one
[Parsed_subtitles_6 @ 0000020bc61c4e80] Error getting metadata for embedded font 'dos869.fon'
[Parsed_subtitles_6 @ 0000020bc61c4e80] No charmap autodetected, trying the first one
[Parsed_subtitles_6 @ 0000020bc61c4e80] Error getting metadata for embedded font 'dosapp.fon'
[Parsed_subtitles_6 @ 0000020bc61c4e80] No charmap autodetected, trying the first one
[Parsed_subtitles_6 @ 0000020bc61c4e80] Error getting metadata for embedded font 'dosapp.fon'
[Parsed_subtitles_6 @ 0000020bc61c4e80] No charmap autodetected, trying the first one
[Parsed_subtitles_6 @ 0000020bc61c4e80] Error getting metadata for embedded font 'dosapp.fon'
[Parsed_subtitles_6 @ 0000020bc61c4e80] No charmap autodetected, trying the first one
[Parsed_subtitles_6 @ 0000020bc61c4e80] Error getting metadata for embedded font 'dosapp.fon'
[Parsed_subtitles_6 @ 0000020bc61c4e80] No charmap autodetected, trying the first one
[Parsed_subtitles_6 @ 0000020bc61c4e80] Error getting metadata for embedded font 'dosapp.fon'
[Parsed_subtitles_6 @ 0000020bc61c4e80] No charmap autodetected, trying the first one
[Parsed_subtitles_6 @ 0000020bc61c4e80] Error getting metadata for embedded font 'dosapp.fon'
[Parsed_subtitles_6 @ 0000020bc61c4e80] No charmap autodetected, trying the first one
[Parsed_subtitles_6 @ 0000020bc61c4e80] Error getting metadata for embedded font 'ega40737.fon'
[Parsed_subtitles_6 @ 0000020bc61c4e80] No charmap autodetected, trying the first one
[Parsed_subtitles_6 @ 0000020bc61c4e80] Error getting metadata for embedded font 'ega40850.fon'
[Parsed_subtitles_6 @ 0000020bc61c4e80] No charmap autodetected, trying the first one
[Parsed_subtitles_6 @ 0000020bc61c4e80] Error getting metadata for embedded font 'ega40852.fon'
[Parsed_subtitles_6 @ 0000020bc61c4e80] No charmap autodetected, trying the first one
[Parsed_subtitles_6 @ 0000020bc61c4e80] Error getting metadata for embedded font 'ega40857.fon'
[Parsed_subtitles_6 @ 0000020bc61c4e80] No charmap autodetected, trying the first one
[Parsed_subtitles_6 @ 0000020bc61c4e80] Error getting metadata for embedded font 'ega40866.fon'
[Parsed_subtitles_6 @ 0000020bc61c4e80] No charmap autodetected, trying the first one
[Parsed_subtitles_6 @ 0000020bc61c4e80] Error getting metadata for embedded font 'ega40869.fon'
[Parsed_subtitles_6 @ 0000020bc61c4e80] No charmap autodetected, trying the first one
[Parsed_subtitles_6 @ 0000020bc61c4e80] Error getting metadata for embedded font 'ega40woa.fon'
[Parsed_subtitles_6 @ 0000020bc61c4e80] No charmap autodetected, trying the first one
[Parsed_subtitles_6 @ 0000020bc61c4e80] Error getting metadata for embedded font 'ega80737.fon'
[Parsed_subtitles_6 @ 0000020bc61c4e80] No charmap autodetected, trying the first one
[Parsed_subtitles_6 @ 0000020bc61c4e80] Error getting metadata for embedded font 'ega80850.fon'
[Parsed_subtitles_6 @ 0000020bc61c4e80] No charmap autodetected, trying the first one
[Parsed_subtitles_6 @ 0000020bc61c4e80] Error getting metadata for embedded font 'ega80852.fon'
[Parsed_subtitles_6 @ 0000020bc61c4e80] No charmap autodetected, trying the first one
[Parsed_subtitles_6 @ 0000020bc61c4e80] Error getting metadata for embedded font 'ega80857.fon'
[Parsed_subtitles_6 @ 0000020bc61c4e80] No charmap autodetected, trying the first one
[Parsed_subtitles_6 @ 0000020bc61c4e80] Error getting metadata for embedded font 'ega80866.fon'
[Parsed_subtitles_6 @ 0000020bc61c4e80] No charmap autodetected, trying the first one
[Parsed_subtitles_6 @ 0000020bc61c4e80] Error getting metadata for embedded font 'ega80869.fon'
[Parsed_subtitles_6 @ 0000020bc61c4e80] No charmap autodetected, trying the first one
[Parsed_subtitles_6 @ 0000020bc61c4e80] Error getting metadata for embedded font 'ega80woa.fon'
[Parsed_subtitles_6 @ 0000020bc61c4e80] Error opening memory font 'fms_metadata.xml'
[Parsed_subtitles_6 @ 0000020bc61c4e80] Error opening memory font 'GlobalMonospace.CompositeFont'
[Parsed_subtitles_6 @ 0000020bc61c4e80] Error opening memory font 'GlobalSansSerif.CompositeFont'
[Parsed_subtitles_6 @ 0000020bc61c4e80] Error opening memory font 'GlobalSerif.CompositeFont'
[Parsed_subtitles_6 @ 0000020bc61c4e80] Error opening memory font 'GlobalUserInterface.CompositeFont'
[Parsed_subtitles_6 @ 0000020bc61c4e80] No charmap autodetected, trying the first one
[Parsed_subtitles_6 @ 0000020bc61c4e80] Error getting metadata for embedded font 'h8514fix.fon'
[Parsed_subtitles_6 @ 0000020bc61c4e80] No charmap autodetected, trying the first one
[Parsed_subtitles_6 @ 0000020bc61c4e80] Error getting metadata for embedded font 'h8514oem.fon'
[Parsed_subtitles_6 @ 0000020bc61c4e80] No charmap autodetected, trying the first one
[Parsed_subtitles_6 @ 0000020bc61c4e80] Error getting metadata for embedded font 'h8514sys.fon'
[Parsed_subtitles_6 @ 0000020bc61c4e80] No charmap autodetected, trying the first one
[Parsed_subtitles_6 @ 0000020bc61c4e80] Error getting metadata for embedded font 'hvgafix.fon'
[Parsed_subtitles_6 @ 0000020bc61c4e80] No charmap autodetected, trying the first one
[Parsed_subtitles_6 @ 0000020bc61c4e80] Error getting metadata for embedded font 'hvgasys.fon'
[Parsed_subtitles_6 @ 0000020bc61c4e80] No charmap autodetected, trying the first one
[Parsed_subtitles_6 @ 0000020bc61c4e80] Error getting metadata for embedded font 'j8514fix.fon'
[Parsed_subtitles_6 @ 0000020bc61c4e80] No charmap autodetected, trying the first one
[Parsed_subtitles_6 @ 0000020bc61c4e80] Error getting metadata for embedded font 'j8514oem.fon'
[Parsed_subtitles_6 @ 0000020bc61c4e80] No charmap autodetected, trying the first one
[Parsed_subtitles_6 @ 0000020bc61c4e80] Error getting metadata for embedded font 'j8514sys.fon'
[Parsed_subtitles_6 @ 0000020bc61c4e80] No charmap autodetected, trying the first one
[Parsed_subtitles_6 @ 0000020bc61c4e80] Error getting metadata for embedded font 'jsmalle.fon'
[Parsed_subtitles_6 @ 0000020bc61c4e80] No charmap autodetected, trying the first one
[Parsed_subtitles_6 @ 0000020bc61c4e80] Error getting metadata for embedded font 'jsmalle.fon'
[Parsed_subtitles_6 @ 0000020bc61c4e80] No charmap autodetected, trying the first one
[Parsed_subtitles_6 @ 0000020bc61c4e80] Error getting metadata for embedded font 'jsmalle.fon'
[Parsed_subtitles_6 @ 0000020bc61c4e80] No charmap autodetected, trying the first one
[Parsed_subtitles_6 @ 0000020bc61c4e80] Error getting metadata for embedded font 'jsmalle.fon'
[Parsed_subtitles_6 @ 0000020bc61c4e80] No charmap autodetected, trying the first one
[Parsed_subtitles_6 @ 0000020bc61c4e80] Error getting metadata for embedded font 'jsmalle.fon'
[Parsed_subtitles_6 @ 0000020bc61c4e80] No charmap autodetected, trying the first one
[Parsed_subtitles_6 @ 0000020bc61c4e80] Error getting metadata for embedded font 'jsmalle.fon'
[Parsed_subtitles_6 @ 0000020bc61c4e80] No charmap autodetected, trying the first one
[Parsed_subtitles_6 @ 0000020bc61c4e80] Error getting metadata for embedded font 'jsmalle.fon'
[Parsed_subtitles_6 @ 0000020bc61c4e80] No charmap autodetected, trying the first one
[Parsed_subtitles_6 @ 0000020bc61c4e80] Error getting metadata for embedded font 'jsmalle.fon'
[Parsed_subtitles_6 @ 0000020bc61c4e80] No charmap autodetected, trying the first one
[Parsed_subtitles_6 @ 0000020bc61c4e80] Error getting metadata for embedded font 'jsmalle.fon'
[Parsed_subtitles_6 @ 0000020bc61c4e80] No charmap autodetected, trying the first one
[Parsed_subtitles_6 @ 0000020bc61c4e80] Error getting metadata for embedded font 'jsmalle.fon'
[Parsed_subtitles_6 @ 0000020bc61c4e80] No charmap autodetected, trying the first one
[Parsed_subtitles_6 @ 0000020bc61c4e80] Error getting metadata for embedded font 'jsmalle.fon'
[Parsed_subtitles_6 @ 0000020bc61c4e80] No charmap autodetected, trying the first one
[Parsed_subtitles_6 @ 0000020bc61c4e80] Error getting metadata for embedded font 'jsmalle.fon'
[Parsed_subtitles_6 @ 0000020bc61c4e80] No charmap autodetected, trying the first one
[Parsed_subtitles_6 @ 0000020bc61c4e80] Error getting metadata for embedded font 'jsmalle.fon'
[Parsed_subtitles_6 @ 0000020bc61c4e80] No charmap autodetected, trying the first one
[Parsed_subtitles_6 @ 0000020bc61c4e80] Error getting metadata for embedded font 'jsmalle.fon'
[Parsed_subtitles_6 @ 0000020bc61c4e80] No charmap autodetected, trying the first one
[Parsed_subtitles_6 @ 0000020bc61c4e80] Error getting metadata for embedded font 'jsmallf.fon'
[Parsed_subtitles_6 @ 0000020bc61c4e80] No charmap autodetected, trying the first one
[Parsed_subtitles_6 @ 0000020bc61c4e80] Error getting metadata for embedded font 'jsmallf.fon'
[Parsed_subtitles_6 @ 0000020bc61c4e80] No charmap autodetected, trying the first one
[Parsed_subtitles_6 @ 0000020bc61c4e80] Error getting metadata for embedded font 'jsmallf.fon'
[Parsed_subtitles_6 @ 0000020bc61c4e80] No charmap autodetected, trying the first one
[Parsed_subtitles_6 @ 0000020bc61c4e80] Error getting metadata for embedded font 'jsmallf.fon'
[Parsed_subtitles_6 @ 0000020bc61c4e80] No charmap autodetected, trying the first one
[Parsed_subtitles_6 @ 0000020bc61c4e80] Error getting metadata for embedded font 'jsmallf.fon'
[Parsed_subtitles_6 @ 0000020bc61c4e80] No charmap autodetected, trying the first one
[Parsed_subtitles_6 @ 0000020bc61c4e80] Error getting metadata for embedded font 'jsmallf.fon'
[Parsed_subtitles_6 @ 0000020bc61c4e80] No charmap autodetected, trying the first one
[Parsed_subtitles_6 @ 0000020bc61c4e80] Error getting metadata for embedded font 'jsmallf.fon'
[Parsed_subtitles_6 @ 0000020bc61c4e80] No charmap autodetected, trying the first one
[Parsed_subtitles_6 @ 0000020bc61c4e80] Error getting metadata for embedded font 'jsmallf.fon'
[Parsed_subtitles_6 @ 0000020bc61c4e80] No charmap autodetected, trying the first one
[Parsed_subtitles_6 @ 0000020bc61c4e80] Error getting metadata for embedded font 'jsmallf.fon'
[Parsed_subtitles_6 @ 0000020bc61c4e80] No charmap autodetected, trying the first one
[Parsed_subtitles_6 @ 0000020bc61c4e80] Error getting metadata for embedded font 'jsmallf.fon'
[Parsed_subtitles_6 @ 0000020bc61c4e80] No charmap autodetected, trying the first one
[Parsed_subtitles_6 @ 0000020bc61c4e80] Error getting metadata for embedded font 'jsmallf.fon'
[Parsed_subtitles_6 @ 0000020bc61c4e80] No charmap autodetected, trying the first one
[Parsed_subtitles_6 @ 0000020bc61c4e80] Error getting metadata for embedded font 'jsmallf.fon'
[Parsed_subtitles_6 @ 0000020bc61c4e80] No charmap autodetected, trying the first one
[Parsed_subtitles_6 @ 0000020bc61c4e80] Error getting metadata for embedded font 'jvgafix.fon'
[Parsed_subtitles_6 @ 0000020bc61c4e80] No charmap autodetected, trying the first one
[Parsed_subtitles_6 @ 0000020bc61c4e80] Error getting metadata for embedded font 'jvgasys.fon'
[Parsed_subtitles_6 @ 0000020bc61c4e80] Error opening memory font 'modern.fon'
[Parsed_subtitles_6 @ 0000020bc61c4e80] Error opening memory font 'roman.fon'
[Parsed_subtitles_6 @ 0000020bc61c4e80] No charmap autodetected, trying the first one
[Parsed_subtitles_6 @ 0000020bc61c4e80] Error getting metadata for embedded font 's8514fix.fon'
[Parsed_subtitles_6 @ 0000020bc61c4e80] No charmap autodetected, trying the first one
[Parsed_subtitles_6 @ 0000020bc61c4e80] Error getting metadata for embedded font 's8514oem.fon'
[Parsed_subtitles_6 @ 0000020bc61c4e80] No charmap autodetected, trying the first one
[Parsed_subtitles_6 @ 0000020bc61c4e80] Error getting metadata for embedded font 's8514sys.fon'
[Parsed_subtitles_6 @ 0000020bc61c4e80] No charmap autodetected, trying the first one
[Parsed_subtitles_6 @ 0000020bc61c4e80] Error getting metadata for embedded font 's8514sys.fon'
[Parsed_subtitles_6 @ 0000020bc61c4e80] Error opening memory font 'script.fon'
[Parsed_subtitles_6 @ 0000020bc61c4e80] No charmap autodetected, trying the first one
[Parsed_subtitles_6 @ 0000020bc61c4e80] Error getting metadata for embedded font 'sere1255.fon'
[Parsed_subtitles_6 @ 0000020bc61c4e80] No charmap autodetected, trying the first one
[Parsed_subtitles_6 @ 0000020bc61c4e80] Error getting metadata for embedded font 'sere1255.fon'
[Parsed_subtitles_6 @ 0000020bc61c4e80] No charmap autodetected, trying the first one
[Parsed_subtitles_6 @ 0000020bc61c4e80] Error getting metadata for embedded font 'sere1255.fon'
[Parsed_subtitles_6 @ 0000020bc61c4e80] No charmap autodetected, trying the first one
[Parsed_subtitles_6 @ 0000020bc61c4e80] Error getting metadata for embedded font 'sere1255.fon'
[Parsed_subtitles_6 @ 0000020bc61c4e80] No charmap autodetected, trying the first one
[Parsed_subtitles_6 @ 0000020bc61c4e80] Error getting metadata for embedded font 'sere1255.fon'
[Parsed_subtitles_6 @ 0000020bc61c4e80] No charmap autodetected, trying the first one
[Parsed_subtitles_6 @ 0000020bc61c4e80] Error getting metadata for embedded font 'sere1255.fon'
[Parsed_subtitles_6 @ 0000020bc61c4e80] No charmap autodetected, trying the first one
[Parsed_subtitles_6 @ 0000020bc61c4e80] Error getting metadata for embedded font 'sere1256.fon'
[Parsed_subtitles_6 @ 0000020bc61c4e80] No charmap autodetected, trying the first one
[Parsed_subtitles_6 @ 0000020bc61c4e80] Error getting metadata for embedded font 'sere1256.fon'
[Parsed_subtitles_6 @ 0000020bc61c4e80] No charmap autodetected, trying the first one
[Parsed_subtitles_6 @ 0000020bc61c4e80] Error getting metadata for embedded font 'sere1256.fon'
[Parsed_subtitles_6 @ 0000020bc61c4e80] No charmap autodetected, trying the first one
[Parsed_subtitles_6 @ 0000020bc61c4e80] Error getting metadata for embedded font 'sere1256.fon'
[Parsed_subtitles_6 @ 0000020bc61c4e80] No charmap autodetected, trying the first one
[Parsed_subtitles_6 @ 0000020bc61c4e80] Error getting metadata for embedded font 'sere1256.fon'
[Parsed_subtitles_6 @ 0000020bc61c4e80] No charmap autodetected, trying the first one
[Parsed_subtitles_6 @ 0000020bc61c4e80] Error getting metadata for embedded font 'sere1256.fon'
[Parsed_subtitles_6 @ 0000020bc61c4e80] No charmap autodetected, trying the first one
[Parsed_subtitles_6 @ 0000020bc61c4e80] Error getting metadata for embedded font 'sere1257.fon'
[Parsed_subtitles_6 @ 0000020bc61c4e80] No charmap autodetected, trying the first one
[Parsed_subtitles_6 @ 0000020bc61c4e80] Error getting metadata for embedded font 'sere1257.fon'
[Parsed_subtitles_6 @ 0000020bc61c4e80] No charmap autodetected, trying the first one
[Parsed_subtitles_6 @ 0000020bc61c4e80] Error getting metadata for embedded font 'sere1257.fon'
[Parsed_subtitles_6 @ 0000020bc61c4e80] No charmap autodetected, trying the first one
[Parsed_subtitles_6 @ 0000020bc61c4e80] Error getting metadata for embedded font 'sere1257.fon'
[Parsed_subtitles_6 @ 0000020bc61c4e80] No charmap autodetected, trying the first one
[Parsed_subtitles_6 @ 0000020bc61c4e80] Error getting metadata for embedded font 'sere1257.fon'
[Parsed_subtitles_6 @ 0000020bc61c4e80] No charmap autodetected, trying the first one
[Parsed_subtitles_6 @ 0000020bc61c4e80] Error getting metadata for embedded font 'sere1257.fon'
[Parsed_subtitles_6 @ 0000020bc61c4e80] No charmap autodetected, trying the first one
[Parsed_subtitles_6 @ 0000020bc61c4e80] Error getting metadata for embedded font 'serf1255.fon'
[Parsed_subtitles_6 @ 0000020bc61c4e80] No charmap autodetected, trying the first one
[Parsed_subtitles_6 @ 0000020bc61c4e80] Error getting metadata for embedded font 'serf1255.fon'
[Parsed_subtitles_6 @ 0000020bc61c4e80] No charmap autodetected, trying the first one
[Parsed_subtitles_6 @ 0000020bc61c4e80] Error getting metadata for embedded font 'serf1255.fon'
[Parsed_subtitles_6 @ 0000020bc61c4e80] No charmap autodetected, trying the first one
[Parsed_subtitles_6 @ 0000020bc61c4e80] Error getting metadata for embedded font 'serf1255.fon'
[Parsed_subtitles_6 @ 0000020bc61c4e80] No charmap autodetected, trying the first one
[Parsed_subtitles_6 @ 0000020bc61c4e80] Error getting metadata for embedded font 'serf1255.fon'
[Parsed_subtitles_6 @ 0000020bc61c4e80] No charmap autodetected, trying the first one
[Parsed_subtitles_6 @ 0000020bc61c4e80] Error getting metadata for embedded font 'serf1255.fon'
[Parsed_subtitles_6 @ 0000020bc61c4e80] No charmap autodetected, trying the first one
[Parsed_subtitles_6 @ 0000020bc61c4e80] Error getting metadata for embedded font 'serf1256.fon'
[Parsed_subtitles_6 @ 0000020bc61c4e80] No charmap autodetected, trying the first one
[Parsed_subtitles_6 @ 0000020bc61c4e80] Error getting metadata for embedded font 'serf1256.fon'
[Parsed_subtitles_6 @ 0000020bc61c4e80] No charmap autodetected, trying the first one
[Parsed_subtitles_6 @ 0000020bc61c4e80] Error getting metadata for embedded font 'serf1256.fon'
[Parsed_subtitles_6 @ 0000020bc61c4e80] No charmap autodetected, trying the first one
[Parsed_subtitles_6 @ 0000020bc61c4e80] Error getting metadata for embedded font 'serf1256.fon'
[Parsed_subtitles_6 @ 0000020bc61c4e80] No charmap autodetected, trying the first one
[Parsed_subtitles_6 @ 0000020bc61c4e80] Error getting metadata for embedded font 'serf1256.fon'
[Parsed_subtitles_6 @ 0000020bc61c4e80] No charmap autodetected, trying the first one
[Parsed_subtitles_6 @ 0000020bc61c4e80] Error getting metadata for embedded font 'serf1256.fon'
[Parsed_subtitles_6 @ 0000020bc61c4e80] No charmap autodetected, trying the first one
[Parsed_subtitles_6 @ 0000020bc61c4e80] Error getting metadata for embedded font 'serf1257.fon'
[Parsed_subtitles_6 @ 0000020bc61c4e80] No charmap autodetected, trying the first one
[Parsed_subtitles_6 @ 0000020bc61c4e80] Error getting metadata for embedded font 'serf1257.fon'
[Parsed_subtitles_6 @ 0000020bc61c4e80] No charmap autodetected, trying the first one
[Parsed_subtitles_6 @ 0000020bc61c4e80] Error getting metadata for embedded font 'serf1257.fon'
[Parsed_subtitles_6 @ 0000020bc61c4e80] No charmap autodetected, trying the first one
[Parsed_subtitles_6 @ 0000020bc61c4e80] Error getting metadata for embedded font 'serf1257.fon'
[Parsed_subtitles_6 @ 0000020bc61c4e80] No charmap autodetected, trying the first one
[Parsed_subtitles_6 @ 0000020bc61c4e80] Error getting metadata for embedded font 'serf1257.fon'
[Parsed_subtitles_6 @ 0000020bc61c4e80] No charmap autodetected, trying the first one
[Parsed_subtitles_6 @ 0000020bc61c4e80] Error getting metadata for embedded font 'serf1257.fon'
[Parsed_subtitles_6 @ 0000020bc61c4e80] No charmap autodetected, trying the first one
[Parsed_subtitles_6 @ 0000020bc61c4e80] Error getting metadata for embedded font 'serife.fon'
[Parsed_subtitles_6 @ 0000020bc61c4e80] No charmap autodetected, trying the first one
[Parsed_subtitles_6 @ 0000020bc61c4e80] Error getting metadata for embedded font 'serife.fon'
[Parsed_subtitles_6 @ 0000020bc61c4e80] No charmap autodetected, trying the first one
[Parsed_subtitles_6 @ 0000020bc61c4e80] Error getting metadata for embedded font 'serife.fon'
[Parsed_subtitles_6 @ 0000020bc61c4e80] No charmap autodetected, trying the first one
[Parsed_subtitles_6 @ 0000020bc61c4e80] Error getting metadata for embedded font 'serife.fon'
[Parsed_subtitles_6 @ 0000020bc61c4e80] No charmap autodetected, trying the first one
[Parsed_subtitles_6 @ 0000020bc61c4e80] Error getting metadata for embedded font 'serife.fon'
[Parsed_subtitles_6 @ 0000020bc61c4e80] No charmap autodetected, trying the first one
[Parsed_subtitles_6 @ 0000020bc61c4e80] Error getting metadata for embedded font 'serife.fon'
[Parsed_subtitles_6 @ 0000020bc61c4e80] No charmap autodetected, trying the first one
[Parsed_subtitles_6 @ 0000020bc61c4e80] Error getting metadata for embedded font 'serifee.fon'
[Parsed_subtitles_6 @ 0000020bc61c4e80] No charmap autodetected, trying the first one
[Parsed_subtitles_6 @ 0000020bc61c4e80] Error getting metadata for embedded font 'serifee.fon'
[Parsed_subtitles_6 @ 0000020bc61c4e80] No charmap autodetected, trying the first one
[Parsed_subtitles_6 @ 0000020bc61c4e80] Error getting metadata for embedded font 'serifee.fon'
[Parsed_subtitles_6 @ 0000020bc61c4e80] No charmap autodetected, trying the first one
[Parsed_subtitles_6 @ 0000020bc61c4e80] Error getting metadata for embedded font 'serifee.fon'
[Parsed_subtitles_6 @ 0000020bc61c4e80] No charmap autodetected, trying the first one
[Parsed_subtitles_6 @ 0000020bc61c4e80] Error getting metadata for embedded font 'serifee.fon'
[Parsed_subtitles_6 @ 0000020bc61c4e80] No charmap autodetected, trying the first one
[Parsed_subtitles_6 @ 0000020bc61c4e80] Error getting metadata for embedded font 'serifee.fon'
[Parsed_subtitles_6 @ 0000020bc61c4e80] No charmap autodetected, trying the first one
[Parsed_subtitles_6 @ 0000020bc61c4e80] Error getting metadata for embedded font 'serifeg.fon'
[Parsed_subtitles_6 @ 0000020bc61c4e80] No charmap autodetected, trying the first one
[Parsed_subtitles_6 @ 0000020bc61c4e80] Error getting metadata for embedded font 'serifeg.fon'
[Parsed_subtitles_6 @ 0000020bc61c4e80] No charmap autodetected, trying the first one
[Parsed_subtitles_6 @ 0000020bc61c4e80] Error getting metadata for embedded font 'serifeg.fon'
[Parsed_subtitles_6 @ 0000020bc61c4e80] No charmap autodetected, trying the first one
[Parsed_subtitles_6 @ 0000020bc61c4e80] Error getting metadata for embedded font 'serifeg.fon'
[Parsed_subtitles_6 @ 0000020bc61c4e80] No charmap autodetected, trying the first one
[Parsed_subtitles_6 @ 0000020bc61c4e80] Error getting metadata for embedded font 'serifeg.fon'
[Parsed_subtitles_6 @ 0000020bc61c4e80] No charmap autodetected, trying the first one
[Parsed_subtitles_6 @ 0000020bc61c4e80] Error getting metadata for embedded font 'serifeg.fon'
[Parsed_subtitles_6 @ 0000020bc61c4e80] No charmap autodetected, trying the first one
[Parsed_subtitles_6 @ 0000020bc61c4e80] Error getting metadata for embedded font 'serifer.fon'
[Parsed_subtitles_6 @ 0000020bc61c4e80] No charmap autodetected, trying the first one
[Parsed_subtitles_6 @ 0000020bc61c4e80] Error getting metadata for embedded font 'serifer.fon'
[Parsed_subtitles_6 @ 0000020bc61c4e80] No charmap autodetected, trying the first one
[Parsed_subtitles_6 @ 0000020bc61c4e80] Error getting metadata for embedded font 'serifer.fon'
[Parsed_subtitles_6 @ 0000020bc61c4e80] No charmap autodetected, trying the first one
[Parsed_subtitles_6 @ 0000020bc61c4e80] Error getting metadata for embedded font 'serifer.fon'
[Parsed_subtitles_6 @ 0000020bc61c4e80] No charmap autodetected, trying the first one
[Parsed_subtitles_6 @ 0000020bc61c4e80] Error getting metadata for embedded font 'serifer.fon'
[Parsed_subtitles_6 @ 0000020bc61c4e80] No charmap autodetected, trying the first one
[Parsed_subtitles_6 @ 0000020bc61c4e80] Error getting metadata for embedded font 'serifer.fon'
[Parsed_subtitles_6 @ 0000020bc61c4e80] No charmap autodetected, trying the first one
[Parsed_subtitles_6 @ 0000020bc61c4e80] Error getting metadata for embedded font 'serifet.fon'
[Parsed_subtitles_6 @ 0000020bc61c4e80] No charmap autodetected, trying the first one
[Parsed_subtitles_6 @ 0000020bc61c4e80] Error getting metadata for embedded font 'serifet.fon'
[Parsed_subtitles_6 @ 0000020bc61c4e80] No charmap autodetected, trying the first one
[Parsed_subtitles_6 @ 0000020bc61c4e80] Error getting metadata for embedded font 'serifet.fon'
[Parsed_subtitles_6 @ 0000020bc61c4e80] No charmap autodetected, trying the first one
[Parsed_subtitles_6 @ 0000020bc61c4e80] Error getting metadata for embedded font 'serifet.fon'
[Parsed_subtitles_6 @ 0000020bc61c4e80] No charmap autodetected, trying the first one
[Parsed_subtitles_6 @ 0000020bc61c4e80] Error getting metadata for embedded font 'serifet.fon'
[Parsed_subtitles_6 @ 0000020bc61c4e80] No charmap autodetected, trying the first one
[Parsed_subtitles_6 @ 0000020bc61c4e80] Error getting metadata for embedded font 'serifet.fon'
[Parsed_subtitles_6 @ 0000020bc61c4e80] No charmap autodetected, trying the first one
[Parsed_subtitles_6 @ 0000020bc61c4e80] Error getting metadata for embedded font 'seriff.fon'
[Parsed_subtitles_6 @ 0000020bc61c4e80] No charmap autodetected, trying the first one
[Parsed_subtitles_6 @ 0000020bc61c4e80] Error getting metadata for embedded font 'seriff.fon'
[Parsed_subtitles_6 @ 0000020bc61c4e80] No charmap autodetected, trying the first one
[Parsed_subtitles_6 @ 0000020bc61c4e80] Error getting metadata for embedded font 'seriff.fon'
[Parsed_subtitles_6 @ 0000020bc61c4e80] No charmap autodetected, trying the first one
[Parsed_subtitles_6 @ 0000020bc61c4e80] Error getting metadata for embedded font 'seriff.fon'
[Parsed_subtitles_6 @ 0000020bc61c4e80] No charmap autodetected, trying the first one
[Parsed_subtitles_6 @ 0000020bc61c4e80] Error getting metadata for embedded font 'seriff.fon'
[Parsed_subtitles_6 @ 0000020bc61c4e80] No charmap autodetected, trying the first one
[Parsed_subtitles_6 @ 0000020bc61c4e80] Error getting metadata for embedded font 'seriff.fon'
[Parsed_subtitles_6 @ 0000020bc61c4e80] No charmap autodetected, trying the first one
[Parsed_subtitles_6 @ 0000020bc61c4e80] Error getting metadata for embedded font 'seriffe.fon'
[Parsed_subtitles_6 @ 0000020bc61c4e80] No charmap autodetected, trying the first one
[Parsed_subtitles_6 @ 0000020bc61c4e80] Error getting metadata for embedded font 'seriffe.fon'
[Parsed_subtitles_6 @ 0000020bc61c4e80] No charmap autodetected, trying the first one
[Parsed_subtitles_6 @ 0000020bc61c4e80] Error getting metadata for embedded font 'seriffe.fon'
[Parsed_subtitles_6 @ 0000020bc61c4e80] No charmap autodetected, trying the first one
[Parsed_subtitles_6 @ 0000020bc61c4e80] Error getting metadata for embedded font 'seriffe.fon'
[Parsed_subtitles_6 @ 0000020bc61c4e80] No charmap autodetected, trying the first one
[Parsed_subtitles_6 @ 0000020bc61c4e80] Error getting metadata for embedded font 'seriffe.fon'
[Parsed_subtitles_6 @ 0000020bc61c4e80] No charmap autodetected, trying the first one
[Parsed_subtitles_6 @ 0000020bc61c4e80] Error getting metadata for embedded font 'seriffe.fon'
[Parsed_subtitles_6 @ 0000020bc61c4e80] No charmap autodetected, trying the first one
[Parsed_subtitles_6 @ 0000020bc61c4e80] Error getting metadata for embedded font 'seriffg.fon'
[Parsed_subtitles_6 @ 0000020bc61c4e80] No charmap autodetected, trying the first one
[Parsed_subtitles_6 @ 0000020bc61c4e80] Error getting metadata for embedded font 'seriffg.fon'
[Parsed_subtitles_6 @ 0000020bc61c4e80] No charmap autodetected, trying the first one
[Parsed_subtitles_6 @ 0000020bc61c4e80] Error getting metadata for embedded font 'seriffg.fon'
[Parsed_subtitles_6 @ 0000020bc61c4e80] No charmap autodetected, trying the first one
[Parsed_subtitles_6 @ 0000020bc61c4e80] Error getting metadata for embedded font 'seriffg.fon'
[Parsed_subtitles_6 @ 0000020bc61c4e80] No charmap autodetected, trying the first one
[Parsed_subtitles_6 @ 0000020bc61c4e80] Error getting metadata for embedded font 'seriffg.fon'
[Parsed_subtitles_6 @ 0000020bc61c4e80] No charmap autodetected, trying the first one
[Parsed_subtitles_6 @ 0000020bc61c4e80] Error getting metadata for embedded font 'seriffg.fon'
[Parsed_subtitles_6 @ 0000020bc61c4e80] No charmap autodetected, trying the first one
[Parsed_subtitles_6 @ 0000020bc61c4e80] Error getting metadata for embedded font 'seriffr.fon'
[Parsed_subtitles_6 @ 0000020bc61c4e80] No charmap autodetected, trying the first one
[Parsed_subtitles_6 @ 0000020bc61c4e80] Error getting metadata for embedded font 'seriffr.fon'
[Parsed_subtitles_6 @ 0000020bc61c4e80] No charmap autodetected, trying the first one
[Parsed_subtitles_6 @ 0000020bc61c4e80] Error getting metadata for embedded font 'seriffr.fon'
[Parsed_subtitles_6 @ 0000020bc61c4e80] No charmap autodetected, trying the first one
[Parsed_subtitles_6 @ 0000020bc61c4e80] Error getting metadata for embedded font 'seriffr.fon'
[Parsed_subtitles_6 @ 0000020bc61c4e80] No charmap autodetected, trying the first one
[Parsed_subtitles_6 @ 0000020bc61c4e80] Error getting metadata for embedded font 'seriffr.fon'
[Parsed_subtitles_6 @ 0000020bc61c4e80] No charmap autodetected, trying the first one
[Parsed_subtitles_6 @ 0000020bc61c4e80] Error getting metadata for embedded font 'seriffr.fon'
[Parsed_subtitles_6 @ 0000020bc61c4e80] No charmap autodetected, trying the first one
[Parsed_subtitles_6 @ 0000020bc61c4e80] Error getting metadata for embedded font 'serifft.fon'
[Parsed_subtitles_6 @ 0000020bc61c4e80] No charmap autodetected, trying the first one
[Parsed_subtitles_6 @ 0000020bc61c4e80] Error getting metadata for embedded font 'serifft.fon'
[Parsed_subtitles_6 @ 0000020bc61c4e80] No charmap autodetected, trying the first one
[Parsed_subtitles_6 @ 0000020bc61c4e80] Error getting metadata for embedded font 'serifft.fon'
[Parsed_subtitles_6 @ 0000020bc61c4e80] No charmap autodetected, trying the first one
[Parsed_subtitles_6 @ 0000020bc61c4e80] Error getting metadata for embedded font 'serifft.fon'
[Parsed_subtitles_6 @ 0000020bc61c4e80] No charmap autodetected, trying the first one
[Parsed_subtitles_6 @ 0000020bc61c4e80] Error getting metadata for embedded font 'serifft.fon'
[Parsed_subtitles_6 @ 0000020bc61c4e80] No charmap autodetected, trying the first one
[Parsed_subtitles_6 @ 0000020bc61c4e80] Error getting metadata for embedded font 'serifft.fon'
[Parsed_subtitles_6 @ 0000020bc61c4e80] No charmap autodetected, trying the first one
[Parsed_subtitles_6 @ 0000020bc61c4e80] Error getting metadata for embedded font 'smae1255.fon'
[Parsed_subtitles_6 @ 0000020bc61c4e80] No charmap autodetected, trying the first one
[Parsed_subtitles_6 @ 0000020bc61c4e80] Error getting metadata for embedded font 'smae1255.fon'
[Parsed_subtitles_6 @ 0000020bc61c4e80] No charmap autodetected, trying the first one
[Parsed_subtitles_6 @ 0000020bc61c4e80] Error getting metadata for embedded font 'smae1255.fon'
[Parsed_subtitles_6 @ 0000020bc61c4e80] No charmap autodetected, trying the first one
[Parsed_subtitles_6 @ 0000020bc61c4e80] Error getting metadata for embedded font 'smae1255.fon'
[Parsed_subtitles_6 @ 0000020bc61c4e80] No charmap autodetected, trying the first one
[Parsed_subtitles_6 @ 0000020bc61c4e80] Error getting metadata for embedded font 'smae1255.fon'
[Parsed_subtitles_6 @ 0000020bc61c4e80] No charmap autodetected, trying the first one
[Parsed_subtitles_6 @ 0000020bc61c4e80] Error getting metadata for embedded font 'smae1255.fon'
[Parsed_subtitles_6 @ 0000020bc61c4e80] No charmap autodetected, trying the first one
[Parsed_subtitles_6 @ 0000020bc61c4e80] Error getting metadata for embedded font 'smae1255.fon'
[Parsed_subtitles_6 @ 0000020bc61c4e80] No charmap autodetected, trying the first one
[Parsed_subtitles_6 @ 0000020bc61c4e80] Error getting metadata for embedded font 'smae1255.fon'
[Parsed_subtitles_6 @ 0000020bc61c4e80] No charmap autodetected, trying the first one
[Parsed_subtitles_6 @ 0000020bc61c4e80] Error getting metadata for embedded font 'smae1256.fon'
[Parsed_subtitles_6 @ 0000020bc61c4e80] No charmap autodetected, trying the first one
[Parsed_subtitles_6 @ 0000020bc61c4e80] Error getting metadata for embedded font 'smae1256.fon'
[Parsed_subtitles_6 @ 0000020bc61c4e80] No charmap autodetected, trying the first one
[Parsed_subtitles_6 @ 0000020bc61c4e80] Error getting metadata for embedded font 'smae1256.fon'
[Parsed_subtitles_6 @ 0000020bc61c4e80] No charmap autodetected, trying the first one
[Parsed_subtitles_6 @ 0000020bc61c4e80] Error getting metadata for embedded font 'smae1256.fon'
[Parsed_subtitles_6 @ 0000020bc61c4e80] No charmap autodetected, trying the first one
[Parsed_subtitles_6 @ 0000020bc61c4e80] Error getting metadata for embedded font 'smae1256.fon'
[Parsed_subtitles_6 @ 0000020bc61c4e80] No charmap autodetected, trying the first one
[Parsed_subtitles_6 @ 0000020bc61c4e80] Error getting metadata for embedded font 'smae1256.fon'
[Parsed_subtitles_6 @ 0000020bc61c4e80] No charmap autodetected, trying the first one
[Parsed_subtitles_6 @ 0000020bc61c4e80] Error getting metadata for embedded font 'smae1256.fon'
[Parsed_subtitles_6 @ 0000020bc61c4e80] No charmap autodetected, trying the first one
[Parsed_subtitles_6 @ 0000020bc61c4e80] Error getting metadata for embedded font 'smae1256.fon'
[Parsed_subtitles_6 @ 0000020bc61c4e80] No charmap autodetected, trying the first one
[Parsed_subtitles_6 @ 0000020bc61c4e80] Error getting metadata for embedded font 'smae1256.fon'
[Parsed_subtitles_6 @ 0000020bc61c4e80] No charmap autodetected, trying the first one
[Parsed_subtitles_6 @ 0000020bc61c4e80] Error getting metadata for embedded font 'smae1256.fon'
[Parsed_subtitles_6 @ 0000020bc61c4e80] No charmap autodetected, trying the first one
[Parsed_subtitles_6 @ 0000020bc61c4e80] Error getting metadata for embedded font 'smae1257.fon'
[Parsed_subtitles_6 @ 0000020bc61c4e80] No charmap autodetected, trying the first one
[Parsed_subtitles_6 @ 0000020bc61c4e80] Error getting metadata for embedded font 'smae1257.fon'
[Parsed_subtitles_6 @ 0000020bc61c4e80] No charmap autodetected, trying the first one
[Parsed_subtitles_6 @ 0000020bc61c4e80] Error getting metadata for embedded font 'smae1257.fon'
[Parsed_subtitles_6 @ 0000020bc61c4e80] No charmap autodetected, trying the first one
[Parsed_subtitles_6 @ 0000020bc61c4e80] Error getting metadata for embedded font 'smae1257.fon'
[Parsed_subtitles_6 @ 0000020bc61c4e80] No charmap autodetected, trying the first one
[Parsed_subtitles_6 @ 0000020bc61c4e80] Error getting metadata for embedded font 'smae1257.fon'
[Parsed_subtitles_6 @ 0000020bc61c4e80] No charmap autodetected, trying the first one
[Parsed_subtitles_6 @ 0000020bc61c4e80] Error getting metadata for embedded font 'smae1257.fon'
[Parsed_subtitles_6 @ 0000020bc61c4e80] No charmap autodetected, trying the first one
[Parsed_subtitles_6 @ 0000020bc61c4e80] Error getting metadata for embedded font 'smae1257.fon'
[Parsed_subtitles_6 @ 0000020bc61c4e80] No charmap autodetected, trying the first one
[Parsed_subtitles_6 @ 0000020bc61c4e80] Error getting metadata for embedded font 'smae1257.fon'
[Parsed_subtitles_6 @ 0000020bc61c4e80] No charmap autodetected, trying the first one
[Parsed_subtitles_6 @ 0000020bc61c4e80] Error getting metadata for embedded font 'smaf1255.fon'
[Parsed_subtitles_6 @ 0000020bc61c4e80] No charmap autodetected, trying the first one
[Parsed_subtitles_6 @ 0000020bc61c4e80] Error getting metadata for embedded font 'smaf1255.fon'
[Parsed_subtitles_6 @ 0000020bc61c4e80] No charmap autodetected, trying the first one
[Parsed_subtitles_6 @ 0000020bc61c4e80] Error getting metadata for embedded font 'smaf1255.fon'
[Parsed_subtitles_6 @ 0000020bc61c4e80] No charmap autodetected, trying the first one
[Parsed_subtitles_6 @ 0000020bc61c4e80] Error getting metadata for embedded font 'smaf1255.fon'
[Parsed_subtitles_6 @ 0000020bc61c4e80] No charmap autodetected, trying the first one
[Parsed_subtitles_6 @ 0000020bc61c4e80] Error getting metadata for embedded font 'smaf1255.fon'
[Parsed_subtitles_6 @ 0000020bc61c4e80] No charmap autodetected, trying the first one
[Parsed_subtitles_6 @ 0000020bc61c4e80] Error getting metadata for embedded font 'smaf1255.fon'
[Parsed_subtitles_6 @ 0000020bc61c4e80] No charmap autodetected, trying the first one
[Parsed_subtitles_6 @ 0000020bc61c4e80] Error getting metadata for embedded font 'smaf1256.fon'
[Parsed_subtitles_6 @ 0000020bc61c4e80] No charmap autodetected, trying the first one
[Parsed_subtitles_6 @ 0000020bc61c4e80] Error getting metadata for embedded font 'smaf1256.fon'
[Parsed_subtitles_6 @ 0000020bc61c4e80] No charmap autodetected, trying the first one
[Parsed_subtitles_6 @ 0000020bc61c4e80] Error getting metadata for embedded font 'smaf1256.fon'
[Parsed_subtitles_6 @ 0000020bc61c4e80] No charmap autodetected, trying the first one
[Parsed_subtitles_6 @ 0000020bc61c4e80] Error getting metadata for embedded font 'smaf1256.fon'
[Parsed_subtitles_6 @ 0000020bc61c4e80] No charmap autodetected, trying the first one
[Parsed_subtitles_6 @ 0000020bc61c4e80] Error getting metadata for embedded font 'smaf1256.fon'
[Parsed_subtitles_6 @ 0000020bc61c4e80] No charmap autodetected, trying the first one
[Parsed_subtitles_6 @ 0000020bc61c4e80] Error getting metadata for embedded font 'smaf1256.fon'
[Parsed_subtitles_6 @ 0000020bc61c4e80] No charmap autodetected, trying the first one
[Parsed_subtitles_6 @ 0000020bc61c4e80] Error getting metadata for embedded font 'smaf1256.fon'
[Parsed_subtitles_6 @ 0000020bc61c4e80] No charmap autodetected, trying the first one
[Parsed_subtitles_6 @ 0000020bc61c4e80] Error getting metadata for embedded font 'smaf1256.fon'
[Parsed_subtitles_6 @ 0000020bc61c4e80] No charmap autodetected, trying the first one
[Parsed_subtitles_6 @ 0000020bc61c4e80] Error getting metadata for embedded font 'smaf1256.fon'
[Parsed_subtitles_6 @ 0000020bc61c4e80] No charmap autodetected, trying the first one
[Parsed_subtitles_6 @ 0000020bc61c4e80] Error getting metadata for embedded font 'smaf1256.fon'
[Parsed_subtitles_6 @ 0000020bc61c4e80] No charmap autodetected, trying the first one
[Parsed_subtitles_6 @ 0000020bc61c4e80] Error getting metadata for embedded font 'smaf1257.fon'
[Parsed_subtitles_6 @ 0000020bc61c4e80] No charmap autodetected, trying the first one
[Parsed_subtitles_6 @ 0000020bc61c4e80] Error getting metadata for embedded font 'smaf1257.fon'
[Parsed_subtitles_6 @ 0000020bc61c4e80] No charmap autodetected, trying the first one
[Parsed_subtitles_6 @ 0000020bc61c4e80] Error getting metadata for embedded font 'smaf1257.fon'
[Parsed_subtitles_6 @ 0000020bc61c4e80] No charmap autodetected, trying the first one
[Parsed_subtitles_6 @ 0000020bc61c4e80] Error getting metadata for embedded font 'smaf1257.fon'
[Parsed_subtitles_6 @ 0000020bc61c4e80] No charmap autodetected, trying the first one
[Parsed_subtitles_6 @ 0000020bc61c4e80] Error getting metadata for embedded font 'smaf1257.fon'
[Parsed_subtitles_6 @ 0000020bc61c4e80] No charmap autodetected, trying the first one
[Parsed_subtitles_6 @ 0000020bc61c4e80] Error getting metadata for embedded font 'smaf1257.fon'
[Parsed_subtitles_6 @ 0000020bc61c4e80] No charmap autodetected, trying the first one
[Parsed_subtitles_6 @ 0000020bc61c4e80] Error getting metadata for embedded font 'smalle.fon'
[Parsed_subtitles_6 @ 0000020bc61c4e80] No charmap autodetected, trying the first one
[Parsed_subtitles_6 @ 0000020bc61c4e80] Error getting metadata for embedded font 'smalle.fon'
[Parsed_subtitles_6 @ 0000020bc61c4e80] No charmap autodetected, trying the first one
[Parsed_subtitles_6 @ 0000020bc61c4e80] Error getting metadata for embedded font 'smalle.fon'
[Parsed_subtitles_6 @ 0000020bc61c4e80] No charmap autodetected, trying the first one
[Parsed_subtitles_6 @ 0000020bc61c4e80] Error getting metadata for embedded font 'smalle.fon'
[Parsed_subtitles_6 @ 0000020bc61c4e80] No charmap autodetected, trying the first one
[Parsed_subtitles_6 @ 0000020bc61c4e80] Error getting metadata for embedded font 'smalle.fon'
[Parsed_subtitles_6 @ 0000020bc61c4e80] No charmap autodetected, trying the first one
[Parsed_subtitles_6 @ 0000020bc61c4e80] Error getting metadata for embedded font 'smalle.fon'
[Parsed_subtitles_6 @ 0000020bc61c4e80] No charmap autodetected, trying the first one
[Parsed_subtitles_6 @ 0000020bc61c4e80] Error getting metadata for embedded font 'smalle.fon'
[Parsed_subtitles_6 @ 0000020bc61c4e80] No charmap autodetected, trying the first one
[Parsed_subtitles_6 @ 0000020bc61c4e80] Error getting metadata for embedded font 'smalle.fon'
[Parsed_subtitles_6 @ 0000020bc61c4e80] No charmap autodetected, trying the first one
[Parsed_subtitles_6 @ 0000020bc61c4e80] Error getting metadata for embedded font 'smallee.fon'
[Parsed_subtitles_6 @ 0000020bc61c4e80] No charmap autodetected, trying the first one
[Parsed_subtitles_6 @ 0000020bc61c4e80] Error getting metadata for embedded font 'smallee.fon'
[Parsed_subtitles_6 @ 0000020bc61c4e80] No charmap autodetected, trying the first one
[Parsed_subtitles_6 @ 0000020bc61c4e80] Error getting metadata for embedded font 'smallee.fon'
[Parsed_subtitles_6 @ 0000020bc61c4e80] No charmap autodetected, trying the first one
[Parsed_subtitles_6 @ 0000020bc61c4e80] Error getting metadata for embedded font 'smallee.fon'
[Parsed_subtitles_6 @ 0000020bc61c4e80] No charmap autodetected, trying the first one
[Parsed_subtitles_6 @ 0000020bc61c4e80] Error getting metadata for embedded font 'smallee.fon'
[Parsed_subtitles_6 @ 0000020bc61c4e80] No charmap autodetected, trying the first one
[Parsed_subtitles_6 @ 0000020bc61c4e80] Error getting metadata for embedded font 'smallee.fon'
[Parsed_subtitles_6 @ 0000020bc61c4e80] No charmap autodetected, trying the first one
[Parsed_subtitles_6 @ 0000020bc61c4e80] Error getting metadata for embedded font 'smallee.fon'
[Parsed_subtitles_6 @ 0000020bc61c4e80] No charmap autodetected, trying the first one
[Parsed_subtitles_6 @ 0000020bc61c4e80] Error getting metadata for embedded font 'smallee.fon'
[Parsed_subtitles_6 @ 0000020bc61c4e80] No charmap autodetected, trying the first one
[Parsed_subtitles_6 @ 0000020bc61c4e80] Error getting metadata for embedded font 'smalleg.fon'
[Parsed_subtitles_6 @ 0000020bc61c4e80] No charmap autodetected, trying the first one
[Parsed_subtitles_6 @ 0000020bc61c4e80] Error getting metadata for embedded font 'smalleg.fon'
[Parsed_subtitles_6 @ 0000020bc61c4e80] No charmap autodetected, trying the first one
[Parsed_subtitles_6 @ 0000020bc61c4e80] Error getting metadata for embedded font 'smalleg.fon'
[Parsed_subtitles_6 @ 0000020bc61c4e80] No charmap autodetected, trying the first one
[Parsed_subtitles_6 @ 0000020bc61c4e80] Error getting metadata for embedded font 'smalleg.fon'
[Parsed_subtitles_6 @ 0000020bc61c4e80] No charmap autodetected, trying the first one
[Parsed_subtitles_6 @ 0000020bc61c4e80] Error getting metadata for embedded font 'smalleg.fon'
[Parsed_subtitles_6 @ 0000020bc61c4e80] No charmap autodetected, trying the first one
[Parsed_subtitles_6 @ 0000020bc61c4e80] Error getting metadata for embedded font 'smalleg.fon'
[Parsed_subtitles_6 @ 0000020bc61c4e80] No charmap autodetected, trying the first one
[Parsed_subtitles_6 @ 0000020bc61c4e80] Error getting metadata for embedded font 'smalleg.fon'
[Parsed_subtitles_6 @ 0000020bc61c4e80] No charmap autodetected, trying the first one
[Parsed_subtitles_6 @ 0000020bc61c4e80] Error getting metadata for embedded font 'smalleg.fon'
[Parsed_subtitles_6 @ 0000020bc61c4e80] No charmap autodetected, trying the first one
[Parsed_subtitles_6 @ 0000020bc61c4e80] Error getting metadata for embedded font 'smaller.fon'
[Parsed_subtitles_6 @ 0000020bc61c4e80] No charmap autodetected, trying the first one
[Parsed_subtitles_6 @ 0000020bc61c4e80] Error getting metadata for embedded font 'smaller.fon'
[Parsed_subtitles_6 @ 0000020bc61c4e80] No charmap autodetected, trying the first one
[Parsed_subtitles_6 @ 0000020bc61c4e80] Error getting metadata for embedded font 'smaller.fon'
[Parsed_subtitles_6 @ 0000020bc61c4e80] No charmap autodetected, trying the first one
[Parsed_subtitles_6 @ 0000020bc61c4e80] Error getting metadata for embedded font 'smaller.fon'
[Parsed_subtitles_6 @ 0000020bc61c4e80] No charmap autodetected, trying the first one
[Parsed_subtitles_6 @ 0000020bc61c4e80] Error getting metadata for embedded font 'smaller.fon'
[Parsed_subtitles_6 @ 0000020bc61c4e80] No charmap autodetected, trying the first one
[Parsed_subtitles_6 @ 0000020bc61c4e80] Error getting metadata for embedded font 'smaller.fon'
[Parsed_subtitles_6 @ 0000020bc61c4e80] No charmap autodetected, trying the first one
[Parsed_subtitles_6 @ 0000020bc61c4e80] Error getting metadata for embedded font 'smaller.fon'
[Parsed_subtitles_6 @ 0000020bc61c4e80] No charmap autodetected, trying the first one
[Parsed_subtitles_6 @ 0000020bc61c4e80] Error getting metadata for embedded font 'smaller.fon'
[Parsed_subtitles_6 @ 0000020bc61c4e80] No charmap autodetected, trying the first one
[Parsed_subtitles_6 @ 0000020bc61c4e80] Error getting metadata for embedded font 'smallet.fon'
[Parsed_subtitles_6 @ 0000020bc61c4e80] No charmap autodetected, trying the first one
[Parsed_subtitles_6 @ 0000020bc61c4e80] Error getting metadata for embedded font 'smallet.fon'
[Parsed_subtitles_6 @ 0000020bc61c4e80] No charmap autodetected, trying the first one
[Parsed_subtitles_6 @ 0000020bc61c4e80] Error getting metadata for embedded font 'smallet.fon'
[Parsed_subtitles_6 @ 0000020bc61c4e80] No charmap autodetected, trying the first one
[Parsed_subtitles_6 @ 0000020bc61c4e80] Error getting metadata for embedded font 'smallet.fon'
[Parsed_subtitles_6 @ 0000020bc61c4e80] No charmap autodetected, trying the first one
[Parsed_subtitles_6 @ 0000020bc61c4e80] Error getting metadata for embedded font 'smallet.fon'
[Parsed_subtitles_6 @ 0000020bc61c4e80] No charmap autodetected, trying the first one
[Parsed_subtitles_6 @ 0000020bc61c4e80] Error getting metadata for embedded font 'smallet.fon'
[Parsed_subtitles_6 @ 0000020bc61c4e80] No charmap autodetected, trying the first one
[Parsed_subtitles_6 @ 0000020bc61c4e80] Error getting metadata for embedded font 'smallet.fon'
[Parsed_subtitles_6 @ 0000020bc61c4e80] No charmap autodetected, trying the first one
[Parsed_subtitles_6 @ 0000020bc61c4e80] Error getting metadata for embedded font 'smallet.fon'
[Parsed_subtitles_6 @ 0000020bc61c4e80] No charmap autodetected, trying the first one
[Parsed_subtitles_6 @ 0000020bc61c4e80] Error getting metadata for embedded font 'smallf.fon'
[Parsed_subtitles_6 @ 0000020bc61c4e80] No charmap autodetected, trying the first one
[Parsed_subtitles_6 @ 0000020bc61c4e80] Error getting metadata for embedded font 'smallf.fon'
[Parsed_subtitles_6 @ 0000020bc61c4e80] No charmap autodetected, trying the first one
[Parsed_subtitles_6 @ 0000020bc61c4e80] Error getting metadata for embedded font 'smallf.fon'
[Parsed_subtitles_6 @ 0000020bc61c4e80] No charmap autodetected, trying the first one
[Parsed_subtitles_6 @ 0000020bc61c4e80] Error getting metadata for embedded font 'smallf.fon'
[Parsed_subtitles_6 @ 0000020bc61c4e80] No charmap autodetected, trying the first one
[Parsed_subtitles_6 @ 0000020bc61c4e80] Error getting metadata for embedded font 'smallf.fon'
[Parsed_subtitles_6 @ 0000020bc61c4e80] No charmap autodetected, trying the first one
[Parsed_subtitles_6 @ 0000020bc61c4e80] Error getting metadata for embedded font 'smallf.fon'
[Parsed_subtitles_6 @ 0000020bc61c4e80] No charmap autodetected, trying the first one
[Parsed_subtitles_6 @ 0000020bc61c4e80] Error getting metadata for embedded font 'smallfe.fon'
[Parsed_subtitles_6 @ 0000020bc61c4e80] No charmap autodetected, trying the first one
[Parsed_subtitles_6 @ 0000020bc61c4e80] Error getting metadata for embedded font 'smallfe.fon'
[Parsed_subtitles_6 @ 0000020bc61c4e80] No charmap autodetected, trying the first one
[Parsed_subtitles_6 @ 0000020bc61c4e80] Error getting metadata for embedded font 'smallfe.fon'
[Parsed_subtitles_6 @ 0000020bc61c4e80] No charmap autodetected, trying the first one
[Parsed_subtitles_6 @ 0000020bc61c4e80] Error getting metadata for embedded font 'smallfe.fon'
[Parsed_subtitles_6 @ 0000020bc61c4e80] No charmap autodetected, trying the first one
[Parsed_subtitles_6 @ 0000020bc61c4e80] Error getting metadata for embedded font 'smallfe.fon'
[Parsed_subtitles_6 @ 0000020bc61c4e80] No charmap autodetected, trying the first one
[Parsed_subtitles_6 @ 0000020bc61c4e80] Error getting metadata for embedded font 'smallfe.fon'
[Parsed_subtitles_6 @ 0000020bc61c4e80] No charmap autodetected, trying the first one
[Parsed_subtitles_6 @ 0000020bc61c4e80] Error getting metadata for embedded font 'smallfg.fon'
[Parsed_subtitles_6 @ 0000020bc61c4e80] No charmap autodetected, trying the first one
[Parsed_subtitles_6 @ 0000020bc61c4e80] Error getting metadata for embedded font 'smallfg.fon'
[Parsed_subtitles_6 @ 0000020bc61c4e80] No charmap autodetected, trying the first one
[Parsed_subtitles_6 @ 0000020bc61c4e80] Error getting metadata for embedded font 'smallfg.fon'
[Parsed_subtitles_6 @ 0000020bc61c4e80] No charmap autodetected, trying the first one
[Parsed_subtitles_6 @ 0000020bc61c4e80] Error getting metadata for embedded font 'smallfg.fon'
[Parsed_subtitles_6 @ 0000020bc61c4e80] No charmap autodetected, trying the first one
[Parsed_subtitles_6 @ 0000020bc61c4e80] Error getting metadata for embedded font 'smallfg.fon'
[Parsed_subtitles_6 @ 0000020bc61c4e80] No charmap autodetected, trying the first one
[Parsed_subtitles_6 @ 0000020bc61c4e80] Error getting metadata for embedded font 'smallfg.fon'
[Parsed_subtitles_6 @ 0000020bc61c4e80] No charmap autodetected, trying the first one
[Parsed_subtitles_6 @ 0000020bc61c4e80] Error getting metadata for embedded font 'smallfr.fon'
[Parsed_subtitles_6 @ 0000020bc61c4e80] No charmap autodetected, trying the first one
[Parsed_subtitles_6 @ 0000020bc61c4e80] Error getting metadata for embedded font 'smallfr.fon'
[Parsed_subtitles_6 @ 0000020bc61c4e80] No charmap autodetected, trying the first one
[Parsed_subtitles_6 @ 0000020bc61c4e80] Error getting metadata for embedded font 'smallfr.fon'
[Parsed_subtitles_6 @ 0000020bc61c4e80] No charmap autodetected, trying the first one
[Parsed_subtitles_6 @ 0000020bc61c4e80] Error getting metadata for embedded font 'smallfr.fon'
[Parsed_subtitles_6 @ 0000020bc61c4e80] No charmap autodetected, trying the first one
[Parsed_subtitles_6 @ 0000020bc61c4e80] Error getting metadata for embedded font 'smallfr.fon'
[Parsed_subtitles_6 @ 0000020bc61c4e80] No charmap autodetected, trying the first one
[Parsed_subtitles_6 @ 0000020bc61c4e80] Error getting metadata for embedded font 'smallfr.fon'
[Parsed_subtitles_6 @ 0000020bc61c4e80] No charmap autodetected, trying the first one
[Parsed_subtitles_6 @ 0000020bc61c4e80] Error getting metadata for embedded font 'smallft.fon'
[Parsed_subtitles_6 @ 0000020bc61c4e80] No charmap autodetected, trying the first one
[Parsed_subtitles_6 @ 0000020bc61c4e80] Error getting metadata for embedded font 'smallft.fon'
[Parsed_subtitles_6 @ 0000020bc61c4e80] No charmap autodetected, trying the first one
[Parsed_subtitles_6 @ 0000020bc61c4e80] Error getting metadata for embedded font 'smallft.fon'
[Parsed_subtitles_6 @ 0000020bc61c4e80] No charmap autodetected, trying the first one
[Parsed_subtitles_6 @ 0000020bc61c4e80] Error getting metadata for embedded font 'smallft.fon'
[Parsed_subtitles_6 @ 0000020bc61c4e80] No charmap autodetected, trying the first one
[Parsed_subtitles_6 @ 0000020bc61c4e80] Error getting metadata for embedded font 'smallft.fon'
[Parsed_subtitles_6 @ 0000020bc61c4e80] No charmap autodetected, trying the first one
[Parsed_subtitles_6 @ 0000020bc61c4e80] Error getting metadata for embedded font 'smallft.fon'
[Parsed_subtitles_6 @ 0000020bc61c4e80] No charmap autodetected, trying the first one
[Parsed_subtitles_6 @ 0000020bc61c4e80] Error getting metadata for embedded font 'ssee1255.fon'
[Parsed_subtitles_6 @ 0000020bc61c4e80] No charmap autodetected, trying the first one
[Parsed_subtitles_6 @ 0000020bc61c4e80] Error getting metadata for embedded font 'ssee1255.fon'
[Parsed_subtitles_6 @ 0000020bc61c4e80] No charmap autodetected, trying the first one
[Parsed_subtitles_6 @ 0000020bc61c4e80] Error getting metadata for embedded font 'ssee1255.fon'
[Parsed_subtitles_6 @ 0000020bc61c4e80] No charmap autodetected, trying the first one
[Parsed_subtitles_6 @ 0000020bc61c4e80] Error getting metadata for embedded font 'ssee1255.fon'
[Parsed_subtitles_6 @ 0000020bc61c4e80] No charmap autodetected, trying the first one
[Parsed_subtitles_6 @ 0000020bc61c4e80] Error getting metadata for embedded font 'ssee1255.fon'
[Parsed_subtitles_6 @ 0000020bc61c4e80] No charmap autodetected, trying the first one
[Parsed_subtitles_6 @ 0000020bc61c4e80] Error getting metadata for embedded font 'ssee1255.fon'
[Parsed_subtitles_6 @ 0000020bc61c4e80] No charmap autodetected, trying the first one
[Parsed_subtitles_6 @ 0000020bc61c4e80] Error getting metadata for embedded font 'ssee1256.fon'
[Parsed_subtitles_6 @ 0000020bc61c4e80] No charmap autodetected, trying the first one
[Parsed_subtitles_6 @ 0000020bc61c4e80] Error getting metadata for embedded font 'ssee1256.fon'
[Parsed_subtitles_6 @ 0000020bc61c4e80] No charmap autodetected, trying the first one
[Parsed_subtitles_6 @ 0000020bc61c4e80] Error getting metadata for embedded font 'ssee1256.fon'
[Parsed_subtitles_6 @ 0000020bc61c4e80] No charmap autodetected, trying the first one
[Parsed_subtitles_6 @ 0000020bc61c4e80] Error getting metadata for embedded font 'ssee1256.fon'
[Parsed_subtitles_6 @ 0000020bc61c4e80] No charmap autodetected, trying the first one
[Parsed_subtitles_6 @ 0000020bc61c4e80] Error getting metadata for embedded font 'ssee1256.fon'
[Parsed_subtitles_6 @ 0000020bc61c4e80] No charmap autodetected, trying the first one
[Parsed_subtitles_6 @ 0000020bc61c4e80] Error getting metadata for embedded font 'ssee1256.fon'
[Parsed_subtitles_6 @ 0000020bc61c4e80] No charmap autodetected, trying the first one
[Parsed_subtitles_6 @ 0000020bc61c4e80] Error getting metadata for embedded font 'ssee1257.fon'
[Parsed_subtitles_6 @ 0000020bc61c4e80] No charmap autodetected, trying the first one
[Parsed_subtitles_6 @ 0000020bc61c4e80] Error getting metadata for embedded font 'ssee1257.fon'
[Parsed_subtitles_6 @ 0000020bc61c4e80] No charmap autodetected, trying the first one
[Parsed_subtitles_6 @ 0000020bc61c4e80] Error getting metadata for embedded font 'ssee1257.fon'
[Parsed_subtitles_6 @ 0000020bc61c4e80] No charmap autodetected, trying the first one
[Parsed_subtitles_6 @ 0000020bc61c4e80] Error getting metadata for embedded font 'ssee1257.fon'
[Parsed_subtitles_6 @ 0000020bc61c4e80] No charmap autodetected, trying the first one
[Parsed_subtitles_6 @ 0000020bc61c4e80] Error getting metadata for embedded font 'ssee1257.fon'
[Parsed_subtitles_6 @ 0000020bc61c4e80] No charmap autodetected, trying the first one
[Parsed_subtitles_6 @ 0000020bc61c4e80] Error getting metadata for embedded font 'ssee1257.fon'
[Parsed_subtitles_6 @ 0000020bc61c4e80] No charmap autodetected, trying the first one
[Parsed_subtitles_6 @ 0000020bc61c4e80] Error getting metadata for embedded font 'ssee874.fon'
[Parsed_subtitles_6 @ 0000020bc61c4e80] No charmap autodetected, trying the first one
[Parsed_subtitles_6 @ 0000020bc61c4e80] Error getting metadata for embedded font 'ssee874.fon'
[Parsed_subtitles_6 @ 0000020bc61c4e80] No charmap autodetected, trying the first one
[Parsed_subtitles_6 @ 0000020bc61c4e80] Error getting metadata for embedded font 'ssee874.fon'
[Parsed_subtitles_6 @ 0000020bc61c4e80] No charmap autodetected, trying the first one
[Parsed_subtitles_6 @ 0000020bc61c4e80] Error getting metadata for embedded font 'ssee874.fon'
[Parsed_subtitles_6 @ 0000020bc61c4e80] No charmap autodetected, trying the first one
[Parsed_subtitles_6 @ 0000020bc61c4e80] Error getting metadata for embedded font 'ssee874.fon'
[Parsed_subtitles_6 @ 0000020bc61c4e80] No charmap autodetected, trying the first one
[Parsed_subtitles_6 @ 0000020bc61c4e80] Error getting metadata for embedded font 'ssee874.fon'
[Parsed_subtitles_6 @ 0000020bc61c4e80] No charmap autodetected, trying the first one
[Parsed_subtitles_6 @ 0000020bc61c4e80] Error getting metadata for embedded font 'ssee874.fon'
[Parsed_subtitles_6 @ 0000020bc61c4e80] No charmap autodetected, trying the first one
[Parsed_subtitles_6 @ 0000020bc61c4e80] Error getting metadata for embedded font 'ssef1255.fon'
[Parsed_subtitles_6 @ 0000020bc61c4e80] No charmap autodetected, trying the first one
[Parsed_subtitles_6 @ 0000020bc61c4e80] Error getting metadata for embedded font 'ssef1255.fon'
[Parsed_subtitles_6 @ 0000020bc61c4e80] No charmap autodetected, trying the first one
[Parsed_subtitles_6 @ 0000020bc61c4e80] Error getting metadata for embedded font 'ssef1255.fon'
[Parsed_subtitles_6 @ 0000020bc61c4e80] No charmap autodetected, trying the first one
[Parsed_subtitles_6 @ 0000020bc61c4e80] Error getting metadata for embedded font 'ssef1255.fon'
[Parsed_subtitles_6 @ 0000020bc61c4e80] No charmap autodetected, trying the first one
[Parsed_subtitles_6 @ 0000020bc61c4e80] Error getting metadata for embedded font 'ssef1255.fon'
[Parsed_subtitles_6 @ 0000020bc61c4e80] No charmap autodetected, trying the first one
[Parsed_subtitles_6 @ 0000020bc61c4e80] Error getting metadata for embedded font 'ssef1255.fon'
[Parsed_subtitles_6 @ 0000020bc61c4e80] No charmap autodetected, trying the first one
[Parsed_subtitles_6 @ 0000020bc61c4e80] Error getting metadata for embedded font 'ssef1256.fon'
[Parsed_subtitles_6 @ 0000020bc61c4e80] No charmap autodetected, trying the first one
[Parsed_subtitles_6 @ 0000020bc61c4e80] Error getting metadata for embedded font 'ssef1256.fon'
[Parsed_subtitles_6 @ 0000020bc61c4e80] No charmap autodetected, trying the first one
[Parsed_subtitles_6 @ 0000020bc61c4e80] Error getting metadata for embedded font 'ssef1256.fon'
[Parsed_subtitles_6 @ 0000020bc61c4e80] No charmap autodetected, trying the first one
[Parsed_subtitles_6 @ 0000020bc61c4e80] Error getting metadata for embedded font 'ssef1256.fon'
[Parsed_subtitles_6 @ 0000020bc61c4e80] No charmap autodetected, trying the first one
[Parsed_subtitles_6 @ 0000020bc61c4e80] Error getting metadata for embedded font 'ssef1256.fon'
[Parsed_subtitles_6 @ 0000020bc61c4e80] No charmap autodetected, trying the first one
[Parsed_subtitles_6 @ 0000020bc61c4e80] Error getting metadata for embedded font 'ssef1257.fon'
[Parsed_subtitles_6 @ 0000020bc61c4e80] No charmap autodetected, trying the first one
[Parsed_subtitles_6 @ 0000020bc61c4e80] Error getting metadata for embedded font 'ssef1257.fon'
[Parsed_subtitles_6 @ 0000020bc61c4e80] No charmap autodetected, trying the first one
[Parsed_subtitles_6 @ 0000020bc61c4e80] Error getting metadata for embedded font 'ssef1257.fon'
[Parsed_subtitles_6 @ 0000020bc61c4e80] No charmap autodetected, trying the first one
[Parsed_subtitles_6 @ 0000020bc61c4e80] Error getting metadata for embedded font 'ssef1257.fon'
[Parsed_subtitles_6 @ 0000020bc61c4e80] No charmap autodetected, trying the first one
[Parsed_subtitles_6 @ 0000020bc61c4e80] Error getting metadata for embedded font 'ssef1257.fon'
[Parsed_subtitles_6 @ 0000020bc61c4e80] No charmap autodetected, trying the first one
[Parsed_subtitles_6 @ 0000020bc61c4e80] Error getting metadata for embedded font 'ssef1257.fon'
[Parsed_subtitles_6 @ 0000020bc61c4e80] No charmap autodetected, trying the first one
[Parsed_subtitles_6 @ 0000020bc61c4e80] Error getting metadata for embedded font 'ssef874.fon'
[Parsed_subtitles_6 @ 0000020bc61c4e80] No charmap autodetected, trying the first one
[Parsed_subtitles_6 @ 0000020bc61c4e80] Error getting metadata for embedded font 'ssef874.fon'
[Parsed_subtitles_6 @ 0000020bc61c4e80] No charmap autodetected, trying the first one
[Parsed_subtitles_6 @ 0000020bc61c4e80] Error getting metadata for embedded font 'ssef874.fon'
[Parsed_subtitles_6 @ 0000020bc61c4e80] No charmap autodetected, trying the first one
[Parsed_subtitles_6 @ 0000020bc61c4e80] Error getting metadata for embedded font 'ssef874.fon'
[Parsed_subtitles_6 @ 0000020bc61c4e80] No charmap autodetected, trying the first one
[Parsed_subtitles_6 @ 0000020bc61c4e80] Error getting metadata for embedded font 'ssef874.fon'
[Parsed_subtitles_6 @ 0000020bc61c4e80] No charmap autodetected, trying the first one
[Parsed_subtitles_6 @ 0000020bc61c4e80] Error getting metadata for embedded font 'ssef874.fon'
[Parsed_subtitles_6 @ 0000020bc61c4e80] No charmap autodetected, trying the first one
[Parsed_subtitles_6 @ 0000020bc61c4e80] Error getting metadata for embedded font 'ssef874.fon'
[Parsed_subtitles_6 @ 0000020bc61c4e80] No charmap autodetected, trying the first one
[Parsed_subtitles_6 @ 0000020bc61c4e80] Error getting metadata for embedded font 'sserife.fon'
[Parsed_subtitles_6 @ 0000020bc61c4e80] No charmap autodetected, trying the first one
[Parsed_subtitles_6 @ 0000020bc61c4e80] Error getting metadata for embedded font 'sserife.fon'
[Parsed_subtitles_6 @ 0000020bc61c4e80] No charmap autodetected, trying the first one
[Parsed_subtitles_6 @ 0000020bc61c4e80] Error getting metadata for embedded font 'sserife.fon'
[Parsed_subtitles_6 @ 0000020bc61c4e80] No charmap autodetected, trying the first one
[Parsed_subtitles_6 @ 0000020bc61c4e80] Error getting metadata for embedded font 'sserife.fon'
[Parsed_subtitles_6 @ 0000020bc61c4e80] No charmap autodetected, trying the first one
[Parsed_subtitles_6 @ 0000020bc61c4e80] Error getting metadata for embedded font 'sserife.fon'
[Parsed_subtitles_6 @ 0000020bc61c4e80] No charmap autodetected, trying the first one
[Parsed_subtitles_6 @ 0000020bc61c4e80] Error getting metadata for embedded font 'sserife.fon'
[Parsed_subtitles_6 @ 0000020bc61c4e80] No charmap autodetected, trying the first one
[Parsed_subtitles_6 @ 0000020bc61c4e80] Error getting metadata for embedded font 'sserifee.fon'
[Parsed_subtitles_6 @ 0000020bc61c4e80] No charmap autodetected, trying the first one
[Parsed_subtitles_6 @ 0000020bc61c4e80] Error getting metadata for embedded font 'sserifee.fon'
[Parsed_subtitles_6 @ 0000020bc61c4e80] No charmap autodetected, trying the first one
[Parsed_subtitles_6 @ 0000020bc61c4e80] Error getting metadata for embedded font 'sserifee.fon'
[Parsed_subtitles_6 @ 0000020bc61c4e80] No charmap autodetected, trying the first one
[Parsed_subtitles_6 @ 0000020bc61c4e80] Error getting metadata for embedded font 'sserifee.fon'
[Parsed_subtitles_6 @ 0000020bc61c4e80] No charmap autodetected, trying the first one
[Parsed_subtitles_6 @ 0000020bc61c4e80] Error getting metadata for embedded font 'sserifee.fon'
[Parsed_subtitles_6 @ 0000020bc61c4e80] No charmap autodetected, trying the first one
[Parsed_subtitles_6 @ 0000020bc61c4e80] Error getting metadata for embedded font 'sserifee.fon'
[Parsed_subtitles_6 @ 0000020bc61c4e80] No charmap autodetected, trying the first one
[Parsed_subtitles_6 @ 0000020bc61c4e80] Error getting metadata for embedded font 'sserifeg.fon'
[Parsed_subtitles_6 @ 0000020bc61c4e80] No charmap autodetected, trying the first one
[Parsed_subtitles_6 @ 0000020bc61c4e80] Error getting metadata for embedded font 'sserifeg.fon'
[Parsed_subtitles_6 @ 0000020bc61c4e80] No charmap autodetected, trying the first one
[Parsed_subtitles_6 @ 0000020bc61c4e80] Error getting metadata for embedded font 'sserifeg.fon'
[Parsed_subtitles_6 @ 0000020bc61c4e80] No charmap autodetected, trying the first one
[Parsed_subtitles_6 @ 0000020bc61c4e80] Error getting metadata for embedded font 'sserifeg.fon'
[Parsed_subtitles_6 @ 0000020bc61c4e80] No charmap autodetected, trying the first one
[Parsed_subtitles_6 @ 0000020bc61c4e80] Error getting metadata for embedded font 'sserifeg.fon'
[Parsed_subtitles_6 @ 0000020bc61c4e80] No charmap autodetected, trying the first one
[Parsed_subtitles_6 @ 0000020bc61c4e80] Error getting metadata for embedded font 'sserifeg.fon'
[Parsed_subtitles_6 @ 0000020bc61c4e80] No charmap autodetected, trying the first one
[Parsed_subtitles_6 @ 0000020bc61c4e80] Error getting metadata for embedded font 'sserifer.fon'
[Parsed_subtitles_6 @ 0000020bc61c4e80] No charmap autodetected, trying the first one
[Parsed_subtitles_6 @ 0000020bc61c4e80] Error getting metadata for embedded font 'sserifer.fon'
[Parsed_subtitles_6 @ 0000020bc61c4e80] No charmap autodetected, trying the first one
[Parsed_subtitles_6 @ 0000020bc61c4e80] Error getting metadata for embedded font 'sserifer.fon'
[Parsed_subtitles_6 @ 0000020bc61c4e80] No charmap autodetected, trying the first one
[Parsed_subtitles_6 @ 0000020bc61c4e80] Error getting metadata for embedded font 'sserifer.fon'
[Parsed_subtitles_6 @ 0000020bc61c4e80] No charmap autodetected, trying the first one
[Parsed_subtitles_6 @ 0000020bc61c4e80] Error getting metadata for embedded font 'sserifer.fon'
[Parsed_subtitles_6 @ 0000020bc61c4e80] No charmap autodetected, trying the first one
[Parsed_subtitles_6 @ 0000020bc61c4e80] Error getting metadata for embedded font 'sserifer.fon'
[Parsed_subtitles_6 @ 0000020bc61c4e80] No charmap autodetected, trying the first one
[Parsed_subtitles_6 @ 0000020bc61c4e80] Error getting metadata for embedded font 'sserifet.fon'
[Parsed_subtitles_6 @ 0000020bc61c4e80] No charmap autodetected, trying the first one
[Parsed_subtitles_6 @ 0000020bc61c4e80] Error getting metadata for embedded font 'sserifet.fon'
[Parsed_subtitles_6 @ 0000020bc61c4e80] No charmap autodetected, trying the first one
[Parsed_subtitles_6 @ 0000020bc61c4e80] Error getting metadata for embedded font 'sserifet.fon'
[Parsed_subtitles_6 @ 0000020bc61c4e80] No charmap autodetected, trying the first one
[Parsed_subtitles_6 @ 0000020bc61c4e80] Error getting metadata for embedded font 'sserifet.fon'
[Parsed_subtitles_6 @ 0000020bc61c4e80] No charmap autodetected, trying the first one
[Parsed_subtitles_6 @ 0000020bc61c4e80] Error getting metadata for embedded font 'sserifet.fon'
[Parsed_subtitles_6 @ 0000020bc61c4e80] No charmap autodetected, trying the first one
[Parsed_subtitles_6 @ 0000020bc61c4e80] Error getting metadata for embedded font 'sserifet.fon'
[Parsed_subtitles_6 @ 0000020bc61c4e80] No charmap autodetected, trying the first one
[Parsed_subtitles_6 @ 0000020bc61c4e80] Error getting metadata for embedded font 'sseriff.fon'
[Parsed_subtitles_6 @ 0000020bc61c4e80] No charmap autodetected, trying the first one
[Parsed_subtitles_6 @ 0000020bc61c4e80] Error getting metadata for embedded font 'sseriff.fon'
[Parsed_subtitles_6 @ 0000020bc61c4e80] No charmap autodetected, trying the first one
[Parsed_subtitles_6 @ 0000020bc61c4e80] Error getting metadata for embedded font 'sseriff.fon'
[Parsed_subtitles_6 @ 0000020bc61c4e80] No charmap autodetected, trying the first one
[Parsed_subtitles_6 @ 0000020bc61c4e80] Error getting metadata for embedded font 'sseriff.fon'
[Parsed_subtitles_6 @ 0000020bc61c4e80] No charmap autodetected, trying the first one
[Parsed_subtitles_6 @ 0000020bc61c4e80] Error getting metadata for embedded font 'sseriff.fon'
[Parsed_subtitles_6 @ 0000020bc61c4e80] No charmap autodetected, trying the first one
[Parsed_subtitles_6 @ 0000020bc61c4e80] Error getting metadata for embedded font 'sseriff.fon'
[Parsed_subtitles_6 @ 0000020bc61c4e80] No charmap autodetected, trying the first one
[Parsed_subtitles_6 @ 0000020bc61c4e80] Error getting metadata for embedded font 'sseriffe.fon'
[Parsed_subtitles_6 @ 0000020bc61c4e80] No charmap autodetected, trying the first one
[Parsed_subtitles_6 @ 0000020bc61c4e80] Error getting metadata for embedded font 'sseriffe.fon'
[Parsed_subtitles_6 @ 0000020bc61c4e80] No charmap autodetected, trying the first one
[Parsed_subtitles_6 @ 0000020bc61c4e80] Error getting metadata for embedded font 'sseriffe.fon'
[Parsed_subtitles_6 @ 0000020bc61c4e80] No charmap autodetected, trying the first one
[Parsed_subtitles_6 @ 0000020bc61c4e80] Error getting metadata for embedded font 'sseriffe.fon'
[Parsed_subtitles_6 @ 0000020bc61c4e80] No charmap autodetected, trying the first one
[Parsed_subtitles_6 @ 0000020bc61c4e80] Error getting metadata for embedded font 'sseriffe.fon'
[Parsed_subtitles_6 @ 0000020bc61c4e80] No charmap autodetected, trying the first one
[Parsed_subtitles_6 @ 0000020bc61c4e80] Error getting metadata for embedded font 'sseriffe.fon'
[Parsed_subtitles_6 @ 0000020bc61c4e80] No charmap autodetected, trying the first one
[Parsed_subtitles_6 @ 0000020bc61c4e80] Error getting metadata for embedded font 'sseriffg.fon'
[Parsed_subtitles_6 @ 0000020bc61c4e80] No charmap autodetected, trying the first one
[Parsed_subtitles_6 @ 0000020bc61c4e80] Error getting metadata for embedded font 'sseriffg.fon'
[Parsed_subtitles_6 @ 0000020bc61c4e80] No charmap autodetected, trying the first one
[Parsed_subtitles_6 @ 0000020bc61c4e80] Error getting metadata for embedded font 'sseriffg.fon'
[Parsed_subtitles_6 @ 0000020bc61c4e80] No charmap autodetected, trying the first one
[Parsed_subtitles_6 @ 0000020bc61c4e80] Error getting metadata for embedded font 'sseriffg.fon'
[Parsed_subtitles_6 @ 0000020bc61c4e80] No charmap autodetected, trying the first one
[Parsed_subtitles_6 @ 0000020bc61c4e80] Error getting metadata for embedded font 'sseriffg.fon'
[Parsed_subtitles_6 @ 0000020bc61c4e80] No charmap autodetected, trying the first one
[Parsed_subtitles_6 @ 0000020bc61c4e80] Error getting metadata for embedded font 'sseriffg.fon'
[Parsed_subtitles_6 @ 0000020bc61c4e80] No charmap autodetected, trying the first one
[Parsed_subtitles_6 @ 0000020bc61c4e80] Error getting metadata for embedded font 'sseriffr.fon'
[Parsed_subtitles_6 @ 0000020bc61c4e80] No charmap autodetected, trying the first one
[Parsed_subtitles_6 @ 0000020bc61c4e80] Error getting metadata for embedded font 'sseriffr.fon'
[Parsed_subtitles_6 @ 0000020bc61c4e80] No charmap autodetected, trying the first one
[Parsed_subtitles_6 @ 0000020bc61c4e80] Error getting metadata for embedded font 'sseriffr.fon'
[Parsed_subtitles_6 @ 0000020bc61c4e80] No charmap autodetected, trying the first one
[Parsed_subtitles_6 @ 0000020bc61c4e80] Error getting metadata for embedded font 'sseriffr.fon'
[Parsed_subtitles_6 @ 0000020bc61c4e80] No charmap autodetected, trying the first one
[Parsed_subtitles_6 @ 0000020bc61c4e80] Error getting metadata for embedded font 'sseriffr.fon'
[Parsed_subtitles_6 @ 0000020bc61c4e80] No charmap autodetected, trying the first one
[Parsed_subtitles_6 @ 0000020bc61c4e80] Error getting metadata for embedded font 'sseriffr.fon'
[Parsed_subtitles_6 @ 0000020bc61c4e80] No charmap autodetected, trying the first one
[Parsed_subtitles_6 @ 0000020bc61c4e80] Error getting metadata for embedded font 'sserifft.fon'
[Parsed_subtitles_6 @ 0000020bc61c4e80] No charmap autodetected, trying the first one
[Parsed_subtitles_6 @ 0000020bc61c4e80] Error getting metadata for embedded font 'sserifft.fon'
[Parsed_subtitles_6 @ 0000020bc61c4e80] No charmap autodetected, trying the first one
[Parsed_subtitles_6 @ 0000020bc61c4e80] Error getting metadata for embedded font 'sserifft.fon'
[Parsed_subtitles_6 @ 0000020bc61c4e80] No charmap autodetected, trying the first one
[Parsed_subtitles_6 @ 0000020bc61c4e80] Error getting metadata for embedded font 'sserifft.fon'
[Parsed_subtitles_6 @ 0000020bc61c4e80] No charmap autodetected, trying the first one
[Parsed_subtitles_6 @ 0000020bc61c4e80] Error getting metadata for embedded font 'sserifft.fon'
[Parsed_subtitles_6 @ 0000020bc61c4e80] No charmap autodetected, trying the first one
[Parsed_subtitles_6 @ 0000020bc61c4e80] Error getting metadata for embedded font 'sserifft.fon'
[Parsed_subtitles_6 @ 0000020bc61c4e80] Error opening memory font 'StaticCache.dat'
[Parsed_subtitles_6 @ 0000020bc61c4e80] No charmap autodetected, trying the first one
[Parsed_subtitles_6 @ 0000020bc61c4e80] Error getting metadata for embedded font 'svgafix.fon'
[Parsed_subtitles_6 @ 0000020bc61c4e80] No charmap autodetected, trying the first one
[Parsed_subtitles_6 @ 0000020bc61c4e80] Error getting metadata for embedded font 'svgasys.fon'
[Parsed_subtitles_6 @ 0000020bc61c4e80] No charmap autodetected, trying the first one
[Parsed_subtitles_6 @ 0000020bc61c4e80] Error getting metadata for embedded font 'svgasys.fon'
[Parsed_subtitles_6 @ 0000020bc61c4e80] No charmap autodetected, trying the first one
[Parsed_subtitles_6 @ 0000020bc61c4e80] Error getting metadata for embedded font 'vga737.fon'
[Parsed_subtitles_6 @ 0000020bc61c4e80] No charmap autodetected, trying the first one
[Parsed_subtitles_6 @ 0000020bc61c4e80] Error getting metadata for embedded font 'vga775.fon'
[Parsed_subtitles_6 @ 0000020bc61c4e80] No charmap autodetected, trying the first one
[Parsed_subtitles_6 @ 0000020bc61c4e80] Error getting metadata for embedded font 'vga850.fon'
[Parsed_subtitles_6 @ 0000020bc61c4e80] No charmap autodetected, trying the first one
[Parsed_subtitles_6 @ 0000020bc61c4e80] Error getting metadata for embedded font 'vga852.fon'
[Parsed_subtitles_6 @ 0000020bc61c4e80] No charmap autodetected, trying the first one
[Parsed_subtitles_6 @ 0000020bc61c4e80] Error getting metadata for embedded font 'vga855.fon'
[Parsed_subtitles_6 @ 0000020bc61c4e80] No charmap autodetected, trying the first one
[Parsed_subtitles_6 @ 0000020bc61c4e80] Error getting metadata for embedded font 'vga857.fon'
[Parsed_subtitles_6 @ 0000020bc61c4e80] No charmap autodetected, trying the first one
[Parsed_subtitles_6 @ 0000020bc61c4e80] Error getting metadata for embedded font 'vga860.fon'
[Parsed_subtitles_6 @ 0000020bc61c4e80] No charmap autodetected, trying the first one
[Parsed_subtitles_6 @ 0000020bc61c4e80] Error getting metadata for embedded font 'vga861.fon'
[Parsed_subtitles_6 @ 0000020bc61c4e80] No charmap autodetected, trying the first one
[Parsed_subtitles_6 @ 0000020bc61c4e80] Error getting metadata for embedded font 'vga863.fon'
[Parsed_subtitles_6 @ 0000020bc61c4e80] No charmap autodetected, trying the first one
[Parsed_subtitles_6 @ 0000020bc61c4e80] Error getting metadata for embedded font 'vga865.fon'
[Parsed_subtitles_6 @ 0000020bc61c4e80] No charmap autodetected, trying the first one
[Parsed_subtitles_6 @ 0000020bc61c4e80] Error getting metadata for embedded font 'vga866.fon'
[Parsed_subtitles_6 @ 0000020bc61c4e80] No charmap autodetected, trying the first one
[Parsed_subtitles_6 @ 0000020bc61c4e80] Error getting metadata for embedded font 'vga869.fon'
[Parsed_subtitles_6 @ 0000020bc61c4e80] No charmap autodetected, trying the first one
[Parsed_subtitles_6 @ 0000020bc61c4e80] Error getting metadata for embedded font 'vga932.fon'
[Parsed_subtitles_6 @ 0000020bc61c4e80] No charmap autodetected, trying the first one
[Parsed_subtitles_6 @ 0000020bc61c4e80] Error getting metadata for embedded font 'vga936.fon'
[Parsed_subtitles_6 @ 0000020bc61c4e80] No charmap autodetected, trying the first one
[Parsed_subtitles_6 @ 0000020bc61c4e80] Error getting metadata for embedded font 'vga949.fon'
[Parsed_subtitles_6 @ 0000020bc61c4e80] No charmap autodetected, trying the first one
[Parsed_subtitles_6 @ 0000020bc61c4e80] Error getting metadata for embedded font 'vga950.fon'
[Parsed_subtitles_6 @ 0000020bc61c4e80] No charmap autodetected, trying the first one
[Parsed_subtitles_6 @ 0000020bc61c4e80] Error getting metadata for embedded font 'vgaf1255.fon'
[Parsed_subtitles_6 @ 0000020bc61c4e80] No charmap autodetected, trying the first one
[Parsed_subtitles_6 @ 0000020bc61c4e80] Error getting metadata for embedded font 'vgaf1256.fon'
[Parsed_subtitles_6 @ 0000020bc61c4e80] No charmap autodetected, trying the first one
[Parsed_subtitles_6 @ 0000020bc61c4e80] Error getting metadata for embedded font 'vgaf1257.fon'
[Parsed_subtitles_6 @ 0000020bc61c4e80] No charmap autodetected, trying the first one
[Parsed_subtitles_6 @ 0000020bc61c4e80] Error getting metadata for embedded font 'vgaf874.fon'
[Parsed_subtitles_6 @ 0000020bc61c4e80] No charmap autodetected, trying the first one
[Parsed_subtitles_6 @ 0000020bc61c4e80] Error getting metadata for embedded font 'vgafix.fon'
[Parsed_subtitles_6 @ 0000020bc61c4e80] No charmap autodetected, trying the first one
[Parsed_subtitles_6 @ 0000020bc61c4e80] Error getting metadata for embedded font 'vgafixe.fon'
[Parsed_subtitles_6 @ 0000020bc61c4e80] No charmap autodetected, trying the first one
[Parsed_subtitles_6 @ 0000020bc61c4e80] Error getting metadata for embedded font 'vgafixg.fon'
[Parsed_subtitles_6 @ 0000020bc61c4e80] No charmap autodetected, trying the first one
[Parsed_subtitles_6 @ 0000020bc61c4e80] Error getting metadata for embedded font 'vgafixr.fon'
[Parsed_subtitles_6 @ 0000020bc61c4e80] No charmap autodetected, trying the first one
[Parsed_subtitles_6 @ 0000020bc61c4e80] Error getting metadata for embedded font 'vgafixt.fon'
[Parsed_subtitles_6 @ 0000020bc61c4e80] No charmap autodetected, trying the first one
[Parsed_subtitles_6 @ 0000020bc61c4e80] Error getting metadata for embedded font 'vgaoem.fon'
[Parsed_subtitles_6 @ 0000020bc61c4e80] No charmap autodetected, trying the first one
[Parsed_subtitles_6 @ 0000020bc61c4e80] Error getting metadata for embedded font 'vgas1255.fon'
[Parsed_subtitles_6 @ 0000020bc61c4e80] No charmap autodetected, trying the first one
[Parsed_subtitles_6 @ 0000020bc61c4e80] Error getting metadata for embedded font 'vgas1256.fon'
[Parsed_subtitles_6 @ 0000020bc61c4e80] No charmap autodetected, trying the first one
[Parsed_subtitles_6 @ 0000020bc61c4e80] Error getting metadata for embedded font 'vgas1257.fon'
[Parsed_subtitles_6 @ 0000020bc61c4e80] No charmap autodetected, trying the first one
[Parsed_subtitles_6 @ 0000020bc61c4e80] Error getting metadata for embedded font 'vgas874.fon'
[Parsed_subtitles_6 @ 0000020bc61c4e80] No charmap autodetected, trying the first one
[Parsed_subtitles_6 @ 0000020bc61c4e80] Error getting metadata for embedded font 'vgasys.fon'
[Parsed_subtitles_6 @ 0000020bc61c4e80] No charmap autodetected, trying the first one
[Parsed_subtitles_6 @ 0000020bc61c4e80] Error getting metadata for embedded font 'vgasyse.fon'
[Parsed_subtitles_6 @ 0000020bc61c4e80] No charmap autodetected, trying the first one
[Parsed_subtitles_6 @ 0000020bc61c4e80] Error getting metadata for embedded font 'vgasysg.fon'
[Parsed_subtitles_6 @ 0000020bc61c4e80] No charmap autodetected, trying the first one
[Parsed_subtitles_6 @ 0000020bc61c4e80] Error getting metadata for embedded font 'vgasysr.fon'
[Parsed_subtitles_6 @ 0000020bc61c4e80] No charmap autodetected, trying the first one
[Parsed_subtitles_6 @ 0000020bc61c4e80] Error getting metadata for embedded font 'vgasyst.fon'
[Parsed_subtitles_6 @ 0000020bc61c4e80] Using font provider directwrite (with GDI)
Input #0, mov,mp4,m4a,3gp,3g2,mj2, from 'C:\Users\n\AppData\Local\Temp\tmpmeb7dnb8\wce_work\wc_cut_dd29a54e276c46338373234605923cf8.mp4':
  Metadata:
    major_brand     : isom
    minor_version   : 512
    compatible_brands: isomiso2avc1mp41
    encoder         : Lavf63.5.101
  Duration: 00:01:04.58, start: 0.023220, bitrate: 2485 kb/s
  Stream #0:0[0x1](und): Video: h264 (High) (avc1 / 0x31637661), yuv420p(tv, bt709, progressive), 1280x720 [SAR 1:1 DAR 16:9], 2395 kb/s, 25 fps, 25 tbr, 12800 tbn, start 0.040000 (default)
    Metadata:
      handler_name    : ISO Media file produced by Google Inc.
      encoder         : Lavc63.6.101 h264_nvenc
  Stream #0:1[0x2](und): Audio: aac (LC) (mp4a / 0x6134706D), 44100 Hz, stereo, fltp, 85 kb/s, start 0.023220 (default)
    Metadata:
      handler_name    : ISO Media file produced by Google Inc.
Input #1, mov,mp4,m4a,3gp,3g2,mj2, from 'C:\Users\n\Documents\hotshort\assets\transitions\light_leak_1080x1920_v3.mp4':
  Metadata:
    major_brand     : isom
    minor_version   : 512
    compatible_brands: isomiso2mp41
    encoder         : Lavf61.7.100
  Duration: 00:00:01.00, start: 0.000000, bitrate: 6185 kb/s
  Stream #1:0[0x1](und): Video: mpeg4 (Simple Profile) (mp4v / 0x7634706D), yuv420p, 1080x1920 [SAR 1:1 DAR 9:16], 6176 kb/s, 30 fps, 30 tbr, 15360 tbn (default)
    Metadata:
      handler_name    : VideoHandler
[aist#2:0/pcm_s16le @ 0000020bdbb3a800] Guessed Channel Layout: mono
Input #2, wav, from 'C:\Users\n\Documents\hotshort\assets\transitions\swoosh.wav':
  Duration: 00:00:01.00, bitrate: 705 kb/s
  Stream #2:0: Audio: pcm_s16le ([1][0][0][0] / 0x0001), 44100 Hz, mono, s16, 705 kb/s
[aist#3:0/pcm_s16le @ 0000020bdbb3a9c0] Guessed Channel Layout: mono
Input #3, wav, from 'C:\Users\n\Documents\hotshort\assets\transitions\camera_click.wav':
  Duration: 00:00:00.18, bitrate: 707 kb/s
  Stream #3:0: Audio: pcm_s16le ([1][0][0][0] / 0x0001), 44100 Hz, mono, s16, 705 kb/s
Input #4, mov,mp4,m4a,3gp,3g2,mj2, from 'C:\Users\n\Documents\hotshort\assets\Dopamine_assets\WhatsApp Video 2026-09-05 at 10.00.46 AM (2).mp4':
  Metadata:
    major_brand     : mp42
    minor_version   : 0
    compatible_brands: mp42isom
  Duration: 00:00:05.98, start: 0.000000, bitrate: 1496 kb/s
  Stream #4:0[0x1](und): Video: h264 (High) (avc1 / 0x31637661), yuv420p(tv, bt709/bt709/smpte170m, progressive), 478x850, 1366 kb/s, 30.09 fps, 30 tbr, 90k tbn (default)
  Stream #4:1[0x2](und): Audio: aac (LC) (mp4a / 0x6134706D), 44100 Hz, stereo, fltp, 125 kb/s (default)
[in#5 @ 0000020bdbaedb80] st: 0 edit list: 1 Missing key frame while searching for timestamp: 1000
[in#5 @ 0000020bdbaedb80] st: 0 edit list 1 Cannot find an index entry before timestamp: 1000.
[aist#5:1/pcm_s16be @ 0000020bdb765a80] Guessed Channel Layout: stereo
Input #5, mov,mp4,m4a,3gp,3g2,mj2, from 'C:\Users\n\Documents\hotshort\assets\Dopamine_assets\DB_THINKING_1.MP4':
  Metadata:
    major_brand     : XAVC
    minor_version   : 16785407
    compatible_brands: XAVCmp42iso2
    creation_time   : 2024-09-07T20:33:19.000000Z
  Duration: 00:00:06.24, start: 0.000000, bitrate: 86220 kb/s
  Stream group #5:0[0x3]: Track Reference:
    Stream #5:0[0x1](und): Video: h264 (High) (avc1 / 0x31637661), yuv420p(tv, bt709, progressive), 1920x1080 [SAR 1:1 DAR 16:9], 57048 kb/s, 100 fps, 100 tbr, 100k tbn (default)
      Metadata:
        creation_time   : 2024-09-07T20:33:19.000000Z
        handler_name    : Video Media Handler
        encoder         : AVC Coding
    Stream #5:2[0x3](und): Data: none (rtmd / 0x646D7472), 2457 kb/s (default)
      Metadata:
        creation_time   : 2024-09-07T20:33:19.000000Z
        handler_name    : Timed Metadata Media Handler
        timecode        : 14:24:19:20
  Stream #5:1[0x2](und): Audio: pcm_s16be (twos / 0x736F7774), 48000 Hz, stereo, s16, 1536 kb/s (default)
    Metadata:
      creation_time   : 2024-09-07T20:33:19.000000Z
      handler_name    : Sound Media Handler
Input #6, mov,mp4,m4a,3gp,3g2,mj2, from 'C:\Users\n\Documents\hotshort\assets\Dopamine_assets\db_lxury.mp4':
  Metadata:
    major_brand     : mp42
    minor_version   : 0
    compatible_brands: mp42isom
  Duration: 00:00:05.69, start: 0.000000, bitrate: 1686 kb/s
  Stream #6:0[0x1](und): Video: h264 (High) (avc1 / 0x31637661), yuv420p(tv, bt709/bt709/smpte170m, progressive), 478x850, 1366 kb/s, 30.04 fps, 30 tbr, 90k tbn (default)
  Stream #6:1[0x2](und): Audio: aac (LC) (mp4a / 0x6134706D), 44100 Hz, stereo, fltp, 317 kb/s (default)
[aist#7:1/pcm_s16le @ 0000020bdb7658c0] Guessed Channel Layout: mono
Input #7, mov,mp4,m4a,3gp,3g2,mj2, from 'C:\Users\n\Documents\hotshort\assets\Dopamine_assets\IMG_1722.mp4':
  Metadata:
    major_brand     : qt  
    minor_version   : 0
    compatible_brands: qt  
    creation_time   : 2024-07-24T15:34:05.000000Z
    com.apple.quicktime.location.accuracy.horizontal: 4.771754
    com.apple.quicktime.location.ISO6709: +36.2252+029.3648+000.391/
    com.apple.quicktime.make: Apple
    com.apple.quicktime.model: iPhone 14 Pro Max
    com.apple.quicktime.software: 17.6
    com.apple.quicktime.creationdate: 2024-07-24T18:34:04+0300
  Duration: 00:00:05.77, start: 0.000000, bitrate: 10535 kb/s
  Stream group #7:0[0x3]: Track Reference:
    Stream #7:0[0x1](und): Video: hevc (Main) (hvc1 / 0x31637668), yuvj420p(pc, smpte170m/smpte432/bt709), 1920x1440, 9710 kb/s, 30 fps, 30 tbr, 600 tbn (default)
      Metadata:
        creation_time   : 2024-07-24T15:34:05.000000Z
        handler_name    : Core Media Video
        vendor_id       : [0][0][0][0]
        encoder         : HEVC
      Side data:
        Display Matrix: rotation of -90.00 degrees
    Stream #7:2[0x3](und): Data: none (mebx / 0x7862656D), 0 kb/s (default)
      Metadata:
        creation_time   : 2024-07-24T15:34:05.000000Z
        handler_name    : Core Media Metadata
  Stream group #7:1[0x4]: Track Reference:
    Stream #7:0[0x1](und): Video: hevc (Main) (hvc1 / 0x31637668), yuvj420p(pc, smpte170m/smpte432/bt709), 1920x1440, 9710 kb/s, 30 fps, 30 tbr, 600 tbn (default)
      Metadata:
        creation_time   : 2024-07-24T15:34:05.000000Z
        handler_name    : Core Media Video
        vendor_id       : [0][0][0][0]
        encoder         : HEVC
      Side data:
        Display Matrix: rotation of -90.00 degrees
    Stream #7:3[0x4](und): Data: none (mebx / 0x7862656D), 94 kb/s (default)
      Metadata:
        creation_time   : 2024-07-24T15:34:05.000000Z
        handler_name    : Core Media Metadata
  Stream #7:1[0x2](und): Audio: pcm_s16le (lpcm / 0x6D63706C), 44100 Hz, mono, s16, 705 kb/s (default)
    Metadata:
      creation_time   : 2024-07-24T15:34:05.000000Z
      handler_name    : Core Media Audio
      vendor_id       : [0][0][0][0]
Input #8, mov,mp4,m4a,3gp,3g2,mj2, from 'C:\Users\n\Documents\hotshort\assets\Dopamine_assets\db_luxury_house.mp4':
  Metadata:
    major_brand     : mp42
    minor_version   : 0
    compatible_brands: mp42isom
  Duration: 00:00:03.35, start: 0.000000, bitrate: 1708 kb/s
  Stream #8:0[0x1](und): Video: h264 (High) (avc1 / 0x31637661), yuv420p(tv, bt709/bt709/smpte170m, progressive), 478x850, 1386 kb/s, 30.13 fps, 30 tbr, 90k tbn (default)
  Stream #8:1[0x2](und): Audio: aac (LC) (mp4a / 0x6134706D), 44100 Hz, stereo, fltp, 317 kb/s (default)
Input #9, mov,mp4,m4a,3gp,3g2,mj2, from 'C:\Users\n\Documents\hotshort\assets\Dopamine_assets\WhatsApp Video 2026-09-05 at 10.00.46 AM (2).mp4':
  Metadata:
    major_brand     : mp42
    minor_version   : 0
    compatible_brands: mp42isom
  Duration: 00:00:05.98, start: 0.000000, bitrate: 1496 kb/s
  Stream #9:0[0x1](und): Video: h264 (High) (avc1 / 0x31637661), yuv420p(tv, bt709/bt709/smpte170m, progressive), 478x850, 1366 kb/s, 30.09 fps, 30 tbr, 90k tbn (default)
  Stream #9:1[0x2](und): Audio: aac (LC) (mp4a / 0x6134706D), 44100 Hz, stereo, fltp, 125 kb/s (default)
[in#10 @ 0000020bdbaeb080] st: 0 edit list: 1 Missing key frame while searching for timestamp: 1001
[in#10 @ 0000020bdbaeb080] st: 0 edit list 1 Cannot find an index entry before timestamp: 1001.
[in#10 @ 0000020bdbaeb080] infe version < 2 is not implemented. Update your FFmpeg version to the newest one from Git. If the problem still occurs, it means that your file has a feature which has not been implemented.
[aist#10:1/pcm_s16be @ 0000020bca4ee3c0] Guessed Channel Layout: stereo
Input #10, mov,mp4,m4a,3gp,3g2,mj2, from 'C:\Users\n\Documents\hotshort\assets\Dopamine_assets\DB_VIRAL_1.mp4':
  Metadata:
    major_brand     : XAVC
    minor_version   : 17506303
    compatible_brands: XAVCmp42nrasiso6
    creation_time   : 2024-07-27T20:45:20.000000Z
  Duration: 00:00:16.02, start: 0.000000, bitrate: 134222 kb/s
  Stream group #10:0[0x3]: Track Reference:
    Stream #10:0[0x1](und): Video: hevc (Rext) (hvc1 / 0x31637668), yuv422p10le(pc), 3840x2160 [SAR 1:1 DAR 16:9], 99334 kb/s, 23.98 fps, 23.98 tbr, 24k tbn (default)
      Metadata:
        creation_time   : 2024-07-27T20:45:20.000000Z
        handler_name    : Video Media Handler
        encoder         : HEVC Coding
    Stream #10:2[0x3](und): Data: none (rtmd / 0x646D7472), 5695 kb/s (default)
      Metadata:
        creation_time   : 2024-07-27T20:45:20.000000Z
        handler_name    : Timed Metadata Media Handler
        timecode        : 09:12:17:20
  Stream #10:1[0x2](und): Audio: pcm_s16be (twos / 0x736F7774), 48000 Hz, stereo, s16, 1536 kb/s (default)
    Metadata:
      creation_time   : 2024-07-27T20:45:20.000000Z
      handler_name    : Sound Media Handler
Input #11, mov,mp4,m4a,3gp,3g2,mj2, from 'C:\Users\n\Documents\hotshort\assets\Dopamine_assets\db_luxury_house.mp4':
  Metadata:
    major_brand     : mp42
    minor_version   : 0
    compatible_brands: mp42isom
  Duration: 00:00:03.35, start: 0.000000, bitrate: 1708 kb/s
  Stream #11:0[0x1](und): Video: h264 (High) (avc1 / 0x31637661), yuv420p(tv, bt709/bt709/smpte170m, progressive), 478x850, 1386 kb/s, 30.13 fps, 30 tbr, 90k tbn (default)
  Stream #11:1[0x2](und): Audio: aac (LC) (mp4a / 0x6134706D), 44100 Hz, stereo, fltp, 317 kb/s (default)
Input #12, mp3, from 'C:\Users\n\Documents\hotshort\assets\phonk_music\phonk_1.mp3':
  Metadata:
    encoder         : Lavf60.3.100
    title           : ï»¿Sky Verse
    artist          : ï»¿Lieless, Luuna, Yarimov
    TLEN            : 102000
    album           : ï»¿Sky Verse
    lyrics-eng      : [00:00.00]Heat.
                    : [00:02.08][Music]
                    : [00:07.20]Heat.
                    : [00:17.19]Heat.
                    : [00:38.48]Heat.
                    : [00:56.80]Heat. Heat.
                    : [01:15.11]Heat. Heat.
                    : [01:25.11]Yeah.
                    : [01:31.20]Heat.
                    : [01:40.10][Music]
                    : 
  Duration: 00:01:41.90, start: 0.011021, bitrate: 162 kb/s
  Stream #12:0: Audio: mp3 (mp3float), 48000 Hz, stereo, fltp, 160 kb/s, start 0.011021
    Metadata:
      encoder         : Lavc60.3.
  Stream #12:1: Video: mjpeg (Baseline), yuvj420p(pc, bt470bg/unknown/unknown), 1280x720 [SAR 1:1 DAR 16:9], 90k tbr, 90k tbn, start 0.011022 (attached pic)
    Metadata:
      title           : attached picture
      comment         : Cover (front)
[fc#0 @ 0000020bc61283c0] Filter 'amix:default' has output 2 (hs_final_a) unconnected
Error binding filtergraph inputs/outputs: Invalid argument


