[OPTIMIZED-PASSES] Optimized dual pass system loaded
[ORCH] pipeline_mode=staged
[ORCH] Startup Env: HS_GROQ_TRANSCRIPT_FIRST=0
[ORCH] Startup Env: HS_GROQ_CORTEX_ENABLED=1
[ORCH] Startup Env: HS_FORCE_30S_PADDING=None
[ORCH] Startup Env: HS_GROQ_TRANSCRIPT_FIRST_FORCE=0
[ORCH][INPUT_MEDIA] path=dummy.mp4
[ORCH][L1_TRANSCRIPTION] transcript_segments=490 source=cache engine=unknown reuse_cache=1 wall_s=0.0
[ORCH][TARGETS] duration_s=1219.76 top_k=8 target_min=6
[ORCH][L2_AUDIO_VISUAL_FEATURES] audio_points=490 visual_points=490 wall_s=0.002
[BRAIN] idea_graph lazy=1 enabled=1 reason=loaded
[CURIOSITY_FORENSIC] analyze_segments_for_ignition returned 5 ignitions. Proceeding to candidate expansion...

[CURIOSITY_FORENSIC]
ignitions_found=5
rejected_retention=0
rejected_score=0
rejected_payoff=0
survived=1

[ORCH][L3_CURIOSITY_ENGINE] candidates=1 curve_points=490 wall_s=0.856
[TRIGGER_FORENSIC] MATCH! Phrase: 'most people think' (Type: belief_reversal) | Conf: 0.70 | Text: 'most people think, no, i worked on this ...'
[TRIGGER_FORENSIC] Found 1 triggers.
[ORCH][L4_NARRATIVE_TRIGGER_ENGINE] triggers=1 belief_reversal=1 secret_revelation=0 mistake_explanation=0 strong_claim=0 wall_s=0.004
[NARRATIVE_FORENSIC] --- Sampling 10 segments to verify Groq execution ---
[NARRATIVE_FORENSIC] Seg 057 | Legacy: BUILD  | Groq: BUILD    | Text: Now it's one step within there,...
[NARRATIVE_FORENSIC] Seg 094 | Legacy: BUILD  | Groq: BUILD    | Text: but you might have a bigger problem....
[NARRATIVE_FORENSIC] Seg 103 | Legacy: BUILD  | Groq: BUILD    | Text: Dive in to each one of these steps...
[NARRATIVE_FORENSIC] Seg 151 | Legacy: BUILD  | Groq: BUILD    | Text: that doesn't support moving forward,...
[NARRATIVE_FORENSIC] Seg 169 | Legacy: BUILD  | Groq: BUILD    | Text: Essentially make a list of everything yo...
[NARRATIVE_FORENSIC] Seg 284 | Legacy: BUILD  | Groq: BUILD    | Text: Everything is a byproduct of how we feel...
[NARRATIVE_FORENSIC] Seg 307 | Legacy: BUILD  | Groq: BUILD    | Text: Drop the I want and I'm trying and start...
[NARRATIVE_FORENSIC] Seg 339 | Legacy: BUILD  | Groq: BUILD    | Text: those days....
[NARRATIVE_FORENSIC] Seg 377 | Legacy: BUILD  | Groq: BUILD    | Text: and he realized there's some people...
[NARRATIVE_FORENSIC] Seg 471 | Legacy: BUILD  | Groq: BUILD    | Text: I care that they take action....
[NARRATIVE_FORENSIC] ---------------------------------------------------
[NARRATIVE_COMPARE] Groq roles map was empty. Fallback to legacy occurred for 100% of segments.
[ORCH][L4_NARRATIVE_INTELLIGENCE] role_tags=490 role_paths=57 payoff_strength=0.0041 groq_payoff_strength=0.0041 agreement_rate=1.0 wall_s=0.009
[COALESCE-CONFIG] time_tol=0.25 sem_thr=0.40 max_node_secs=15.00
[COALESCE-CONFIG] base_time_tol=0.25 adaptive_time_tol=0.18 sem_thr=0.40 dense_ratio=0.98 max_node_secs=15.00
[COALESCE-CONFIG] base_time_tol=0.25 adaptive_time_tol=0.18 sem_thr=0.40 dense_ratio=0.97 max_node_secs=15.00
[IDEA] segments=490 arcs=473 nodes=459 avg_seg_dur=2.48s
[ORCH][L5_IDEA_GRAPH] nodes=459 wall_s=0.078
[OPTIMIZED-PASSES] Using optimized dual pass system
[OPTIMIZED-PASSES] quality_gate=0.0 (env=HS_OPTIMIZED_QUALITY_GATE)
[OPTIMIZED-PASSES] completed: 8 final clips, 0.00s total, speedup=1.00x
[ORCH][L5_CANDIDATE_GENERATION] produced=8 strict=8 relaxed=0 origins={'strict': 8} wall_s=0.003
[STORY_THREAD_CREATED] StoryThread(open, start=0.0s, hook='If you want to make real money, these ar...')
[NEW_HOOK_ALLOWED] seg=0 text='If you want to make real money, these are the four'
[HOOK] idx=0 strength=0.18 text="If you want to make real money, these are the four books you need to read."
[STORY_THREAD_CREATED] StoryThread(open, start=3.8s, hook='I've read over 1900 books about money, b...')
[NEW_HOOK_ALLOWED] seg=1 text='I've read over 1900 books about money, business, m'
[HOOK] idx=1 strength=0.08 text="I've read over 1900 books about money, business, mindset, and I'm also the author of a best-selling book."
[STORY_THREAD_CREATED] StoryThread(open, start=17.4s, hook='it's just a waste of your fucking time. ...')
[NEW_HOOK_ALLOWED] seg=4 text='it's just a waste of your fucking time. I call it '
[HOOK] idx=4 strength=0.19 text="it's just a waste of your fucking time. I call it just in time versus just in case reading."
[STORY_THREAD_CREATED] StoryThread(open, start=39.6s, hook='Stop reading just in case to entertain y...')
[NEW_HOOK_ALLOWED] seg=10 text='Stop reading just in case to entertain yourself.'
[HOOK] idx=10 strength=0.21 text="Stop reading just in case to entertain yourself."
[STORY_THREAD_CREATED] StoryThread(open, start=118.8s, hook='to actually move the throughput forward....')
[NEW_HOOK_ALLOWED] seg=33 text='to actually move the throughput forward.'
[HOOK] idx=33 strength=0.24 text="to actually move the throughput forward."
[STORY_THREAD_EXPIRED] StoryThread(open, start=0.0s, hook='If you want to make real money, these ar...')
[STORY_THREAD_EXPIRED] StoryThread(open, start=3.8s, hook='I've read over 1900 books about money, b...')
[STORY_THREAD_EXPIRED] StoryThread(open, start=17.4s, hook='it's just a waste of your fucking time. ...')
[STORY_THREAD_CREATED] StoryThread(open, start=147.1s, hook='Do you see how that works?...')
[NEW_HOOK_ALLOWED] seg=46 text='Do you see how that works?'
[HOOK] idx=46 strength=0.48 text="Do you see how that works?"
[STORY_THREAD_EXPIRED] StoryThread(open, start=39.6s, hook='Stop reading just in case to entertain y...')
[STORY_THREAD_CREATED] StoryThread(open, start=162.5s, hook='What's the course?...')
[NEW_HOOK_ALLOWED] seg=52 text='What's the course?'
[HOOK] idx=52 strength=0.46 text="What's the course?"
[STORY_THREAD_CREATED] StoryThread(open, start=163.5s, hook='Theave constraints tells you how to find...')
[NEW_HOOK_ALLOWED] seg=53 text='Theave constraints tells you how to find it.'
[HOOK] idx=53 strength=0.49 text="Theave constraints tells you how to find it."
[STORY_THREAD_CREATED] StoryThread(open, start=172.4s, hook='how he builds businesses....')
[NEW_HOOK_ALLOWED] seg=56 text='how he builds businesses.'
[STORY_THREAD_CREATED] StoryThread(open, start=174.0s, hook='Now it's one step within there,...')
[NEW_HOOK_ALLOWED] seg=57 text='Now it's one step within there,'
[STORY_THREAD_CREATED] StoryThread(open, start=176.0s, hook='but the whole philosophy is that we have...')
[NEW_HOOK_ALLOWED] seg=58 text='but the whole philosophy is that we have to figure'
[STORY_THREAD_CREATED] StoryThread(open, start=178.3s, hook='how to find where the limit is....')
[NEW_HOOK_ALLOWED] seg=59 text='how to find where the limit is.'
[STORY_THREAD_CREATED] StoryThread(open, start=186.9s, hook='Sometimes because a business is so small...')
[NEW_HOOK_ALLOWED] seg=63 text='Sometimes because a business is so small'
[STORY_THREAD_CREATED] StoryThread(open, start=190.2s, hook='it's hard to find out where the real bot...')
[NEW_HOOK_ALLOWED] seg=65 text='it's hard to find out where the real bottleneck is'
[STORY_THREAD_CREATED] StoryThread(open, start=192.5s, hook='You wanna find it?...')
[NEW_HOOK_ALLOWED] seg=66 text='You wanna find it?'
[STORY_THREAD_CREATED] StoryThread(open, start=193.4s, hook='Ask yourself this question....')
[NEW_HOOK_ALLOWED] seg=67 text='Ask yourself this question.'
[STORY_THREAD_CREATED] StoryThread(open, start=194.8s, hook='If I tripled the amount of customers you...')
[NEW_HOOK_ALLOWED] seg=68 text='If I tripled the amount of customers you have'
[STORY_THREAD_CREATED] StoryThread(open, start=197.3s, hook='this month to next month, what breaks?...')
[NEW_HOOK_ALLOWED] seg=69 text='this month to next month, what breaks?'
[STORY_THREAD_CREATED] StoryThread(open, start=199.8s, hook='Everybody that you know about in busines...')
[NEW_HOOK_ALLOWED] seg=70 text='Everybody that you know about in business uses'
[STORY_THREAD_CREATED] StoryThread(open, start=202.6s, hook='is Jeff Bezos makes this book...')
[NEW_HOOK_ALLOWED] seg=71 text='is Jeff Bezos makes this book'
[STORY_THREAD_CREATED] StoryThread(open, start=204.3s, hook='required reading for all his executives....')
[NEW_HOOK_ALLOWED] seg=72 text='required reading for all his executives.'
[STORY_THREAD_CREATED] StoryThread(open, start=211.3s, hook='with they'll have in their whole operati...')
[NEW_HOOK_ALLOWED] seg=76 text='with they'll have in their whole operations collap'
[STORY_THREAD_CREATED] StoryThread(open, start=228.9s, hook='to market the product, to talk to custom...')
[NEW_HOOK_ALLOWED] seg=84 text='to market the product, to talk to customers,'
[STORY_THREAD_CREATED] StoryThread(open, start=235.0s, hook='And that means money in your bank accoun...')
[NEW_HOOK_ALLOWED] seg=88 text='And that means money in your bank account.'
[STORY_THREAD_CREATED] StoryThread(open, start=237.0s, hook='So map out all the steps....')
[NEW_HOOK_ALLOWED] seg=89 text='So map out all the steps.'
[STORY_THREAD_EXPIRED] StoryThread(open, start=118.8s, hook='to actually move the throughput forward....')
[STORY_THREAD_CREATED] StoryThread(open, start=240.4s, hook='and say, well, I have a marketing proble...')
[NEW_HOOK_ALLOWED] seg=91 text='and say, well, I have a marketing problem.'
[STORY_THREAD_CREATED] StoryThread(open, start=242.2s, hook='You may and you may not....')
[NEW_HOOK_ALLOWED] seg=92 text='You may and you may not.'
[STORY_THREAD_CREATED] StoryThread(open, start=243.4s, hook='You think that's the bottleneck,...')
[NEW_HOOK_ALLOWED] seg=93 text='You think that's the bottleneck,'
[STORY_THREAD_CREATED] StoryThread(open, start=245.0s, hook='but you might have a bigger problem....')
[NEW_HOOK_ALLOWED] seg=94 text='but you might have a bigger problem.'
[STORY_THREAD_CREATED] StoryThread(open, start=257.9s, hook='If everybody on your team has all these ...')
[NEW_HOOK_ALLOWED] seg=100 text='If everybody on your team has all these awesome id'
[STORY_THREAD_EXPIRED] StoryThread(open, start=147.1s, hook='Do you see how that works?...')
[STORY_THREAD_EXPIRED] StoryThread(open, start=162.5s, hook='What's the course?...')
[STORY_THREAD_EXPIRED] StoryThread(open, start=163.5s, hook='Theave constraints tells you how to find...')
[STORY_THREAD_CONTINUED] seg=113 'and they move on, and guess what?' continues StoryThread(open, start=243.4s, hook='You think that's the bottleneck,...')
[HOOK_SUPPRESSED_BY_MEMORY]
segment_text: and they move on, and guess what?
continuity_score: 0.35
thread_id: 1890451904400
thread_start: 243.4
[STORY_THREAD_CREATED] StoryThread(open, start=288.7s, hook='in your business all the time....')
[NEW_HOOK_ALLOWED] seg=115 text='in your business all the time.'
[STORY_THREAD_EXPIRED] StoryThread(open, start=172.4s, hook='how he builds businesses....')
[STORY_THREAD_EXPIRED] StoryThread(open, start=174.0s, hook='Now it's one step within there,...')
[STORY_THREAD_EXPIRED] StoryThread(open, start=176.0s, hook='but the whole philosophy is that we have...')
[STORY_THREAD_EXPIRED] StoryThread(open, start=178.3s, hook='how to find where the limit is....')
[STORY_THREAD_CREATED] StoryThread(open, start=303.8s, hook='Dan, my to do list is overflowing....')
[NEW_HOOK_ALLOWED] seg=123 text='Dan, my to do list is overflowing.'
[STORY_THREAD_CREATED] StoryThread(open, start=306.1s, hook='That's why you need to have some support...')
[NEW_HOOK_ALLOWED] seg=124 text='That's why you need to have some support in your l'
[STORY_THREAD_EXPIRED] StoryThread(open, start=186.9s, hook='Sometimes because a business is so small...')
[STORY_THREAD_CREATED] StoryThread(open, start=308.2s, hook='You need to get an executive assistant....')
[NEW_HOOK_ALLOWED] seg=125 text='You need to get an executive assistant.'
[STORY_THREAD_CREATED] StoryThread(open, start=309.8s, hook='And most people just don't know what to ...')
[NEW_HOOK_ALLOWED] seg=126 text='And most people just don't know what to give that '
[STORY_THREAD_EXPIRED] StoryThread(open, start=190.2s, hook='it's hard to find out where the real bot...')
[STORY_THREAD_EXPIRED] StoryThread(open, start=192.5s, hook='You wanna find it?...')
[STORY_THREAD_EXPIRED] StoryThread(open, start=193.4s, hook='Ask yourself this question....')
[STORY_THREAD_EXPIRED] StoryThread(open, start=194.8s, hook='If I tripled the amount of customers you...')
[STORY_THREAD_EXPIRED] StoryThread(open, start=197.3s, hook='this month to next month, what breaks?...')
[STORY_THREAD_EXPIRED] StoryThread(open, start=199.8s, hook='Everybody that you know about in busines...')
[STORY_THREAD_CREATED] StoryThread(open, start=321.4s, hook='and I'll send it right over to you....')
[NEW_HOOK_ALLOWED] seg=131 text='and I'll send it right over to you.'
[STORY_THREAD_EXPIRED] StoryThread(open, start=202.6s, hook='is Jeff Bezos makes this book...')
[STORY_THREAD_CREATED] StoryThread(open, start=322.8s, hook='All right, so once you find your bottlen...')
[NEW_HOOK_ALLOWED] seg=132 text='All right, so once you find your bottleneck, aweso'
[STORY_THREAD_EXPIRED] StoryThread(open, start=204.3s, hook='required reading for all his executives....')
[STORY_THREAD_CREATED] StoryThread(open, start=325.7s, hook='You've got a target....')
[NEW_HOOK_ALLOWED] seg=133 text='You've got a target.'
[STORY_THREAD_CREATED] StoryThread(open, start=326.6s, hook='But most people start adding new things...')
[NEW_HOOK_ALLOWED] seg=134 text='But most people start adding new things'
[STORY_THREAD_EXPIRED] StoryThread(open, start=211.3s, hook='with they'll have in their whole operati...')
[STORY_THREAD_CREATED] StoryThread(open, start=332.4s, hook='the second book, The Effective Executive...')
[NEW_HOOK_ALLOWED] seg=137 text='the second book, The Effective Executive by Peter '
[STORY_THREAD_CREATED] StoryThread(open, start=336.1s, hook='This book is one of my favorites....')
[NEW_HOOK_ALLOWED] seg=138 text='This book is one of my favorites.'
[STORY_THREAD_EXPIRED] StoryThread(open, start=228.9s, hook='to market the product, to talk to custom...')
[STORY_THREAD_CREATED] StoryThread(open, start=354.6s, hook='it's a habit....')
[NEW_HOOK_ALLOWED] seg=146 text='it's a habit.'
[STORY_THREAD_EXPIRED] StoryThread(open, start=235.0s, hook='And that means money in your bank accoun...')
[STORY_THREAD_CREATED] StoryThread(open, start=356.1s, hook='His core habit that he argues about non-...')
[NEW_HOOK_ALLOWED] seg=147 text='His core habit that he argues about non-stop in th'
[STORY_THREAD_EXPIRED] StoryThread(open, start=237.0s, hook='So map out all the steps....')
[STORY_THREAD_EXPIRED] StoryThread(open, start=240.4s, hook='and say, well, I have a marketing proble...')
[STORY_THREAD_EXPIRED] StoryThread(open, start=242.2s, hook='You may and you may not....')
[STORY_THREAD_EXPIRED] StoryThread(open, start=243.4s, hook='You think that's the bottleneck,...')
[STORY_THREAD_EXPIRED] StoryThread(open, start=245.0s, hook='but you might have a bigger problem....')
[STORY_THREAD_EXPIRED] StoryThread(open, start=257.9s, hook='If everybody on your team has all these ...')
[STORY_THREAD_EXPIRED] StoryThread(open, start=288.7s, hook='in your business all the time....')
[STORY_THREAD_CREATED] StoryThread(open, start=410.9s, hook='Not the things you add, everybody's got ...')
[NEW_HOOK_ALLOWED] seg=170 text='Not the things you add, everybody's got that.'
[STORY_THREAD_CREATED] StoryThread(open, start=412.9s, hook='It's the business plan, they celebrate,...')
[NEW_HOOK_ALLOWED] seg=171 text='It's the business plan, they celebrate,'
[STORY_THREAD_CREATED] StoryThread(open, start=414.5s, hook='the team knows about it....')
[NEW_HOOK_ALLOWED] seg=172 text='the team knows about it.'
[STORY_THREAD_CONTINUED] seg=173 'I'm curious what did you stop doing?' continues StoryThread(open, start=309.8s, hook='And most people just don't know what to ...')
[HOOK_SUPPRESSED_BY_MEMORY]
segment_text: I'm curious what did you stop doing?
continuity_score: 0.35
thread_id: 1890451966672
thread_start: 309.8
[STORY_THREAD_CONTINUED] seg=174 'What did you say no to?' continues StoryThread(open, start=309.8s, hook='And most people just don't know what to ...')
[HOOK_SUPPRESSED_BY_MEMORY]
segment_text: What did you say no to?
continuity_score: 0.35
thread_id: 1890451966672
thread_start: 309.8
[STORY_THREAD_CREATED] StoryThread(open, start=423.4s, hook='that just keep adding new ideas....')
[NEW_HOOK_ALLOWED] seg=177 text='that just keep adding new ideas.'
[STORY_THREAD_EXPIRED] StoryThread(open, start=303.8s, hook='Dan, my to do list is overflowing....')
[STORY_THREAD_EXPIRED] StoryThread(open, start=306.1s, hook='That's why you need to have some support...')
[STORY_THREAD_EXPIRED] StoryThread(open, start=308.2s, hook='You need to get an executive assistant....')
[STORY_THREAD_CONTINUED] seg=180 'because these things are actually not doing anythi' continues StoryThread(open, start=326.6s, hook='But most people start adding new things...')
[HOOK_SUPPRESSED_BY_MEMORY]
segment_text: because these things are actually not doing anything.
continuity_score: 0.30
thread_id: 1890451972496
thread_start: 326.6
[STORY_THREAD_EXPIRED] StoryThread(open, start=309.8s, hook='And most people just don't know what to ...')
[STORY_THREAD_CREATED] StoryThread(open, start=441.4s, hook='my life is highly rewarded....')
[NEW_HOOK_ALLOWED] seg=183 text='my life is highly rewarded.'
[STORY_THREAD_EXPIRED] StoryThread(open, start=321.4s, hook='and I'll send it right over to you....')
[STORY_THREAD_EXPIRED] StoryThread(open, start=322.8s, hook='All right, so once you find your bottlen...')
[STORY_THREAD_CREATED] StoryThread(open, start=443.1s, hook='So here's what Drucker teaches in the bo...')
[NEW_HOOK_ALLOWED] seg=184 text='So here's what Drucker teaches in the book.'
[STORY_THREAD_CREATED] StoryThread(open, start=445.4s, hook='Number one, we have to track our time....')
[NEW_HOOK_ALLOWED] seg=185 text='Number one, we have to track our time.'
[STORY_THREAD_EXPIRED] StoryThread(open, start=325.7s, hook='You've got a target....')
[STORY_THREAD_EXPIRED] StoryThread(open, start=326.6s, hook='But most people start adding new things...')
[STORY_THREAD_CREATED] StoryThread(open, start=447.5s, hook='We got to figure out where are we spendi...')
[NEW_HOOK_ALLOWED] seg=186 text='We got to figure out where are we spending our tim'
[STORY_THREAD_CREATED] StoryThread(open, start=449.7s, hook='Most people think, no, I worked on this ...')
[NEW_HOOK_ALLOWED] seg=187 text='Most people think, no, I worked on this all week, '
[STORY_THREAD_EXPIRED] StoryThread(open, start=332.4s, hook='the second book, The Effective Executive...')
[STORY_THREAD_CREATED] StoryThread(open, start=452.5s, hook='And then it's like, no, if you actually ...')
[NEW_HOOK_ALLOWED] seg=188 text='And then it's like, no, if you actually had a time'
[STORY_THREAD_EXPIRED] StoryThread(open, start=336.1s, hook='This book is one of my favorites....')
[STORY_THREAD_CREATED] StoryThread(open, start=457.0s, hook='wrote down what you did, you would forge...')
[NEW_HOOK_ALLOWED] seg=189 text='wrote down what you did, you would forget that you'
[STORY_THREAD_CREATED] StoryThread(open, start=461.7s, hook='social media. Just saying, once you know...')
[NEW_HOOK_ALLOWED] seg=190 text='social media. Just saying, once you know you can't'
[STORY_THREAD_EXPIRED] StoryThread(open, start=354.6s, hook='it's a habit....')
[STORY_THREAD_EXPIRED] StoryThread(open, start=356.1s, hook='His core habit that he argues about non-...')
[STORY_THREAD_CREATED] StoryThread(open, start=515.8s, hook='off your notifications. Don't let people...')
[NEW_HOOK_ALLOWED] seg=201 text='off your notifications. Don't let people walk by a'
[STORY_THREAD_CREATED] StoryThread(open, start=521.0s, hook='meaning stop it. That's why you have to ...')
[NEW_HOOK_ALLOWED] seg=202 text='meaning stop it. That's why you have to batch your'
[STORY_THREAD_CREATED] StoryThread(open, start=529.6s, hook='And the last one is asking yourself a po...')
[NEW_HOOK_ALLOWED] seg=204 text='And the last one is asking yourself a powerful que'
[STORY_THREAD_EXPIRED] StoryThread(open, start=410.9s, hook='Not the things you add, everybody's got ...')
[STORY_THREAD_EXPIRED] StoryThread(open, start=412.9s, hook='It's the business plan, they celebrate,...')
[STORY_THREAD_EXPIRED] StoryThread(open, start=414.5s, hook='the team knows about it....')
[STORY_THREAD_CONTINUED] seg=205 'one thing that you can do today that actually matt' continues StoryThread(open, start=449.7s, hook='Most people think, no, I worked on this ...')
[HOOK_SUPPRESSED_BY_MEMORY]
segment_text: one thing that you can do today that actually matters? Now I know you're like, I got 14.
continuity_score: 0.50
thread_id: 1890451634256
thread_start: 449.7
[STORY_THREAD_CONTINUED] seg=206 'What's the one? But then I can't pick one. There's' continues StoryThread(open, start=449.7s, hook='Most people think, no, I worked on this ...')
[HOOK_SUPPRESSED_BY_MEMORY]
segment_text: What's the one? But then I can't pick one. There's too many. I got three. I got four.
continuity_score: 0.35
thread_id: 1890451634256
thread_start: 449.7
[STORY_THREAD_EXPIRED] StoryThread(open, start=423.4s, hook='that just keep adding new ideas....')
[STORY_THREAD_CREATED] StoryThread(open, start=551.2s, hook='That's the 5% that'll get you 95% of res...')
[NEW_HOOK_ALLOWED] seg=211 text='That's the 5% that'll get you 95% of results.'
[STORY_THREAD_EXPIRED] StoryThread(open, start=441.4s, hook='my life is highly rewarded....')
[STORY_THREAD_EXPIRED] StoryThread(open, start=443.1s, hook='So here's what Drucker teaches in the bo...')
[STORY_THREAD_EXPIRED] StoryThread(open, start=445.4s, hook='Number one, we have to track our time....')
[STORY_THREAD_EXPIRED] StoryThread(open, start=447.5s, hook='We got to figure out where are we spendi...')
[STORY_THREAD_EXPIRED] StoryThread(open, start=449.7s, hook='Most people think, no, I worked on this ...')
[STORY_THREAD_EXPIRED] StoryThread(open, start=452.5s, hook='And then it's like, no, if you actually ...')
[STORY_THREAD_EXPIRED] StoryThread(open, start=457.0s, hook='wrote down what you did, you would forge...')
[STORY_THREAD_EXPIRED] StoryThread(open, start=461.7s, hook='social media. Just saying, once you know...')
[STORY_THREAD_CREATED] StoryThread(open, start=597.5s, hook='Most people say all the things they don'...')
[NEW_HOOK_ALLOWED] seg=228 text='Most people say all the things they don't want.'
[STORY_THREAD_CREATED] StoryThread(open, start=620.1s, hook='Before you actually get any of it. I alw...')
[NEW_HOOK_ALLOWED] seg=233 text='Before you actually get any of it. I always tell t'
[STORY_THREAD_EXPIRED] StoryThread(open, start=515.8s, hook='off your notifications. Don't let people...')
[STORY_THREAD_EXPIRED] StoryThread(open, start=521.0s, hook='meaning stop it. That's why you have to ...')
[STORY_THREAD_EXPIRED] StoryThread(open, start=529.6s, hook='And the last one is asking yourself a po...')
[STORY_THREAD_CREATED] StoryThread(open, start=658.2s, hook='I couldn't even swim....')
[NEW_HOOK_ALLOWED] seg=249 text='I couldn't even swim.'
[STORY_THREAD_CREATED] StoryThread(open, start=659.5s, hook='I never even went on one of them dinky b...')
[NEW_HOOK_ALLOWED] seg=250 text='I never even went on one of them dinky bikes'
[STORY_THREAD_CREATED] StoryThread(open, start=662.2s, hook='where you had to wear a bunch of spandex...')
[NEW_HOOK_ALLOWED] seg=251 text='where you had to wear a bunch of spandex.'
[STORY_THREAD_CONTINUED] seg=252 'But I just thought, what is the peak expression of' continues StoryThread(open, start=597.5s, hook='Most people say all the things they don'...')
[HOOK_SUPPRESSED_BY_MEMORY]
segment_text: But I just thought, what is the peak expression of health?
continuity_score: 0.35
thread_id: 1890451634256
thread_start: 597.5
[STORY_THREAD_EXPIRED] StoryThread(open, start=551.2s, hook='That's the 5% that'll get you 95% of res...')
[STORY_THREAD_CREATED] StoryThread(open, start=676.7s, hook='that looked like a triathlon....')
[NEW_HOOK_ALLOWED] seg=257 text='that looked like a triathlon.'
[STORY_THREAD_EXPIRED] StoryThread(open, start=597.5s, hook='Most people say all the things they don'...')
[STORY_THREAD_CREATED] StoryThread(open, start=737.3s, hook='If you think you're resourceful, you wil...')
[NEW_HOOK_ALLOWED] seg=279 text='If you think you're resourceful, you will be resou'
[STORY_THREAD_EXPIRED] StoryThread(open, start=620.1s, hook='Before you actually get any of it. I alw...')
[STORY_THREAD_CREATED] StoryThread(open, start=754.3s, hook='Everything is a byproduct of how we feel...')
[NEW_HOOK_ALLOWED] seg=284 text='Everything is a byproduct of how we feel.'
[STORY_THREAD_CONTINUED] seg=285 'If I told you there's $10 million in your bank acc' continues StoryThread(open, start=737.3s, hook='If you think you're resourceful, you wil...')
[HOOK_SUPPRESSED_BY_MEMORY]
segment_text: If I told you there's $10 million in your bank account, how are you going to feel?
continuity_score: 0.35
thread_id: 1890452271952
thread_start: 737.3
[STORY_THREAD_CREATED] StoryThread(open, start=765.5s, hook='The feeling comes first, the results com...')
[NEW_HOOK_ALLOWED] seg=290 text='The feeling comes first, the results come second.'
[STORY_THREAD_CREATED] StoryThread(open, start=768.6s, hook='Second part, sleep is your most powerful...')
[NEW_HOOK_ALLOWED] seg=291 text='Second part, sleep is your most powerful tool.'
[STORY_THREAD_CREATED] StoryThread(open, start=771.0s, hook='Now don't get me wrong, you lazy people ...')
[NEW_HOOK_ALLOWED] seg=292 text='Now don't get me wrong, you lazy people out there.'
[STORY_THREAD_EXPIRED] StoryThread(open, start=658.2s, hook='I couldn't even swim....')
[STORY_THREAD_EXPIRED] StoryThread(open, start=659.5s, hook='I never even went on one of them dinky b...')
[STORY_THREAD_EXPIRED] StoryThread(open, start=662.2s, hook='where you had to wear a bunch of spandex...')
[STORY_THREAD_EXPIRED] StoryThread(open, start=676.7s, hook='that looked like a triathlon....')
[STORY_THREAD_CREATED] StoryThread(open, start=811.4s, hook='We are, not we will....')
[NEW_HOOK_ALLOWED] seg=308 text='We are, not we will.'
[STORY_THREAD_CREATED] StoryThread(open, start=813.7s, hook='It'd be nice....')
[NEW_HOOK_ALLOWED] seg=309 text='It'd be nice.'
[STORY_THREAD_CREATED] StoryThread(open, start=814.5s, hook='No, this is what I'm doing....')
[NEW_HOOK_ALLOWED] seg=310 text='No, this is what I'm doing.'
[STORY_THREAD_CREATED] StoryThread(open, start=816.2s, hook='Settle, but it's a game changer....')
[NEW_HOOK_ALLOWED] seg=311 text='Settle, but it's a game changer.'
[STORY_THREAD_CREATED] StoryThread(open, start=819.3s, hook='Not I'm trying to be rich is I am rich....')
[NEW_HOOK_ALLOWED] seg=313 text='Not I'm trying to be rich is I am rich.'
[STORY_THREAD_CREATED] StoryThread(open, start=821.9s, hook='I am rich....')
[NEW_HOOK_ALLOWED] seg=314 text='I am rich.'
[STORY_THREAD_CREATED] StoryThread(open, start=822.8s, hook='You can decide to be rich right now....')
[NEW_HOOK_ALLOWED] seg=315 text='You can decide to be rich right now.'
[STORY_THREAD_CREATED] StoryThread(open, start=824.2s, hook='But I don't have any money in my bank ac...')
[NEW_HOOK_ALLOWED] seg=316 text='But I don't have any money in my bank account.'
[STORY_THREAD_EXPIRED] StoryThread(open, start=737.3s, hook='If you think you're resourceful, you wil...')
[STORY_THREAD_CREATED] StoryThread(open, start=865.7s, hook='oh my god, they're so lucky....')
[NEW_HOOK_ALLOWED] seg=336 text='oh my god, they're so lucky.'
[STORY_THREAD_CREATED] StoryThread(open, start=867.2s, hook='No, they won in the quiet battles....')
[NEW_HOOK_ALLOWED] seg=337 text='No, they won in the quiet battles.'
[STORY_THREAD_EXPIRED] StoryThread(open, start=754.3s, hook='Everything is a byproduct of how we feel...')
[STORY_THREAD_CREATED] StoryThread(open, start=885.3s, hook='Don't imagine getting there,...')
[NEW_HOOK_ALLOWED] seg=345 text='Don't imagine getting there,'
[STORY_THREAD_EXPIRED] StoryThread(open, start=765.5s, hook='The feeling comes first, the results com...')
[STORY_THREAD_CREATED] StoryThread(open, start=887.5s, hook='imagine being there and how would you li...')
[NEW_HOOK_ALLOWED] seg=346 text='imagine being there and how would you live in that'
[STORY_THREAD_EXPIRED] StoryThread(open, start=768.6s, hook='Second part, sleep is your most powerful...')
[STORY_THREAD_CREATED] StoryThread(open, start=890.6s, hook='If you actually believe you have a milli...')
[NEW_HOOK_ALLOWED] seg=347 text='If you actually believe you have a million dollars'
[STORY_THREAD_EXPIRED] StoryThread(open, start=771.0s, hook='Now don't get me wrong, you lazy people ...')
[STORY_THREAD_CREATED] StoryThread(open, start=897.4s, hook='with a little bit more confidence....')
[NEW_HOOK_ALLOWED] seg=351 text='with a little bit more confidence.'
[STORY_THREAD_CREATED] StoryThread(open, start=898.6s, hook='You're gonna be in meetings....')
[NEW_HOOK_ALLOWED] seg=352 text='You're gonna be in meetings.'
[STORY_THREAD_CREATED] StoryThread(open, start=899.8s, hook='I got an idea....')
[NEW_HOOK_ALLOWED] seg=353 text='I got an idea.'
[STORY_THREAD_CREATED] StoryThread(open, start=900.9s, hook='Why all of a sudden you feel so confiden...')
[NEW_HOOK_ALLOWED] seg=354 text='Why all of a sudden you feel so confident about yo'
[STORY_THREAD_CREATED] StoryThread(open, start=909.6s, hook='when you start acting from that place....')
[NEW_HOOK_ALLOWED] seg=358 text='when you start acting from that place.'
[STORY_THREAD_CREATED] StoryThread(open, start=911.6s, hook='If you do those, it'll change everything...')
[NEW_HOOK_ALLOWED] seg=359 text='If you do those, it'll change everything external,'
[STORY_THREAD_CREATED] StoryThread(open, start=914.8s, hook='but it starts internal....')
[NEW_HOOK_ALLOWED] seg=360 text='but it starts internal.'
[STORY_THREAD_CREATED] StoryThread(open, start=921.5s, hook='they'll get rid of the distractions,...')
[NEW_HOOK_ALLOWED] seg=364 text='they'll get rid of the distractions,'
[STORY_THREAD_CREATED] StoryThread(open, start=923.5s, hook='and now you start living from this like ...')
[NEW_HOOK_ALLOWED] seg=365 text='and now you start living from this like elevated i'
[STORY_THREAD_EXPIRED] StoryThread(open, start=811.4s, hook='We are, not we will....')
[STORY_THREAD_EXPIRED] StoryThread(open, start=813.7s, hook='It'd be nice....')
[STORY_THREAD_EXPIRED] StoryThread(open, start=814.5s, hook='No, this is what I'm doing....')
[STORY_THREAD_EXPIRED] StoryThread(open, start=816.2s, hook='Settle, but it's a game changer....')
[STORY_THREAD_CREATED] StoryThread(open, start=938.5s, hook='why things aren't going their way....')
[NEW_HOOK_ALLOWED] seg=371 text='why things aren't going their way.'
[STORY_THREAD_EXPIRED] StoryThread(open, start=819.3s, hook='Not I'm trying to be rich is I am rich....')
[STORY_THREAD_CREATED] StoryThread(open, start=940.5s, hook='Murphy's a cool dude....')
[NEW_HOOK_ALLOWED] seg=372 text='Murphy's a cool dude.'
[STORY_THREAD_EXPIRED] StoryThread(open, start=821.9s, hook='I am rich....')
[STORY_THREAD_EXPIRED] StoryThread(open, start=822.8s, hook='You can decide to be rich right now....')
[STORY_THREAD_EXPIRED] StoryThread(open, start=824.2s, hook='But I don't have any money in my bank ac...')
[STORY_THREAD_CREATED] StoryThread(open, start=957.1s, hook='and actually won at the highest levels....')
[NEW_HOOK_ALLOWED] seg=380 text='and actually won at the highest levels.'
[STORY_THREAD_EXPIRED] StoryThread(open, start=865.7s, hook='oh my god, they're so lucky....')
[STORY_THREAD_EXPIRED] StoryThread(open, start=867.2s, hook='No, they won in the quiet battles....')
[STORY_THREAD_EXPIRED] StoryThread(open, start=885.3s, hook='Don't imagine getting there,...')
[STORY_THREAD_CREATED] StoryThread(open, start=1006.8s, hook='those are the byproduct of the inputs....')
[NEW_HOOK_ALLOWED] seg=404 text='those are the byproduct of the inputs.'
[STORY_THREAD_EXPIRED] StoryThread(open, start=887.5s, hook='imagine being there and how would you li...')
[STORY_THREAD_CREATED] StoryThread(open, start=1009.3s, hook='The private victories are what celebrate...')
[NEW_HOOK_ALLOWED] seg=405 text='The private victories are what celebrated in publi'
[STORY_THREAD_EXPIRED] StoryThread(open, start=890.6s, hook='If you actually believe you have a milli...')
[STORY_THREAD_CREATED] StoryThread(open, start=1012.6s, hook='but nobody sees the private victories,...')
[NEW_HOOK_ALLOWED] seg=406 text='but nobody sees the private victories,'
[STORY_THREAD_CREATED] StoryThread(open, start=1014.1s, hook='that's what you can control....')
[NEW_HOOK_ALLOWED] seg=407 text='that's what you can control.'
[STORY_THREAD_CREATED] StoryThread(open, start=1015.7s, hook='The fix isn't trying harder and holding ...')
[NEW_HOOK_ALLOWED] seg=408 text='The fix isn't trying harder and holding on'
[STORY_THREAD_EXPIRED] StoryThread(open, start=897.4s, hook='with a little bit more confidence....')
[STORY_THREAD_EXPIRED] StoryThread(open, start=898.6s, hook='You're gonna be in meetings....')
[STORY_THREAD_CREATED] StoryThread(open, start=1018.6s, hook='and trying to control,...')
[NEW_HOOK_ALLOWED] seg=409 text='and trying to control,'
[STORY_THREAD_CREATED] StoryThread(open, start=1019.4s, hook='it's actually letting go of what you can...')
[NEW_HOOK_ALLOWED] seg=410 text='it's actually letting go of what you can't control'
[STORY_THREAD_EXPIRED] StoryThread(open, start=899.8s, hook='I got an idea....')
[STORY_THREAD_EXPIRED] StoryThread(open, start=900.9s, hook='Why all of a sudden you feel so confiden...')
[STORY_THREAD_EXPIRED] StoryThread(open, start=909.6s, hook='when you start acting from that place....')
[STORY_THREAD_EXPIRED] StoryThread(open, start=911.6s, hook='If you do those, it'll change everything...')
[STORY_THREAD_CREATED] StoryThread(open, start=1034.1s, hook='what was true, what state did you get in...')
[NEW_HOOK_ALLOWED] seg=416 text='what was true, what state did you get in?'
[STORY_THREAD_EXPIRED] StoryThread(open, start=914.8s, hook='but it starts internal....')
[STORY_THREAD_CREATED] StoryThread(open, start=1039.7s, hook='when you perform and how you do it....')
[NEW_HOOK_ALLOWED] seg=418 text='when you perform and how you do it.'
[STORY_THREAD_EXPIRED] StoryThread(open, start=921.5s, hook='they'll get rid of the distractions,...')
[STORY_THREAD_EXPIRED] StoryThread(open, start=923.5s, hook='and now you start living from this like ...')
[STORY_THREAD_EXPIRED] StoryThread(open, start=938.5s, hook='why things aren't going their way....')
[STORY_THREAD_EXPIRED] StoryThread(open, start=940.5s, hook='Murphy's a cool dude....')
[STORY_THREAD_CREATED] StoryThread(open, start=1068.1s, hook='things are not even aware of, it runs yo...')
[NEW_HOOK_ALLOWED] seg=432 text='things are not even aware of, it runs your perform'
[STORY_THREAD_CREATED] StoryThread(open, start=1070.5s, hook='Like did you ask your heart to be right ...')
[NEW_HOOK_ALLOWED] seg=433 text='Like did you ask your heart to be right now?'
[STORY_THREAD_CREATED] StoryThread(open, start=1072.1s, hook='Or did it just magically be?...')
[NEW_HOOK_ALLOWED] seg=434 text='Or did it just magically be?'
[STORY_THREAD_EXPIRED] StoryThread(open, start=957.1s, hook='and actually won at the highest levels....')
[STORY_THREAD_CREATED] StoryThread(open, start=1105.8s, hook='to, it is what it is. I can't control ho...')
[NEW_HOOK_ALLOWED] seg=444 text='to, it is what it is. I can't control how other pe'
[STORY_THREAD_EXPIRED] StoryThread(open, start=1006.8s, hook='those are the byproduct of the inputs....')
[STORY_THREAD_CREATED] StoryThread(open, start=1127.5s, hook='and that puts you in control....')
[NEW_HOOK_ALLOWED] seg=451 text='and that puts you in control.'
[STORY_THREAD_EXPIRED] StoryThread(open, start=1009.3s, hook='The private victories are what celebrate...')
[STORY_THREAD_CREATED] StoryThread(open, start=1132.3s, hook='but anybody that wants to be an even hig...')
[NEW_HOOK_ALLOWED] seg=453 text='but anybody that wants to be an even higher achiev'
[STORY_THREAD_EXPIRED] StoryThread(open, start=1012.6s, hook='but nobody sees the private victories,...')
[STORY_THREAD_EXPIRED] StoryThread(open, start=1014.1s, hook='that's what you can control....')
[STORY_THREAD_EXPIRED] StoryThread(open, start=1015.7s, hook='The fix isn't trying harder and holding ...')
[STORY_THREAD_EXPIRED] StoryThread(open, start=1018.6s, hook='and trying to control,...')
[STORY_THREAD_EXPIRED] StoryThread(open, start=1019.4s, hook='it's actually letting go of what you can...')
[STORY_THREAD_CREATED] StoryThread(open, start=1143.2s, hook='I need you to make a commitment....')
[NEW_HOOK_ALLOWED] seg=458 text='I need you to make a commitment.'
[STORY_THREAD_CREATED] StoryThread(open, start=1153.1s, hook='Now, if you want to take it to another l...')
[NEW_HOOK_ALLOWED] seg=462 text='Now, if you want to take it to another level, you '
[STORY_THREAD_EXPIRED] StoryThread(open, start=1034.1s, hook='what was true, what state did you get in...')
[STORY_THREAD_CREATED] StoryThread(open, start=1156.3s, hook='But again, just in time versus just in c...')
[NEW_HOOK_ALLOWED] seg=463 text='But again, just in time versus just in case if it''
[HOOK-HUNTER] scanned=490 strong_hooks=20
[ORCH][L6B_GLOBAL_HOOK_HUNTER] scanned=490 strong_hooks=20 injected=16 wall_s=0.717
[GROQ_TRANSCRIPT_FIRST] enabled=False force=False
[GROQ_TRANSCRIPT_FIRST] checkpoint reached before validation
[ORCH][ULTRON] semantic_runtime=degraded reason=no_brain_runtime fallback=heuristic
[ORCH][L6_SEMANTIC_SCORING] brain_loaded=0 wall_s=0.0
[ORCH][ULTRON] semantic_batch candidates=24 avg(impact=0.000 meaning=0.000 novelty=0.000 clarity=0.000)
[ORCH][L7_SIGNAL_ENRICHMENT] produced=24 input_candidates=24 selected_candidates=24 selected_strict=8 selected_relaxed=0 selected_hooks=16 filtered_out=0 narrative_cache_hits=16 semantic_cache_hits=0 avg_alignment=0.0 signal_completeness_ratio=1.0 wall_s=0.014
[INSIGHT-DETECTOR] found=0
[ORCH][L8B_INSIGHT_DETECTOR] found=0 scanned=24 wall_s=0.0
[ORCH][L8_VALIDATION_GATES] accepted=24 rejected=0 reject_reasons={} accepted_origins={'hook': 16, 'strict': 8} wall_s=0.0
[CLIP] 520.96-525.16 psychology=0.000 narrative=0.217 semantic=0.000 engagement=0.317 alignment=0.000 viral_score=0.000
[ORCH][ULTRON][CAND] 520.96-525.16 impact=0.000 meaning=0.000 novelty=0.000 clarity=0.000 semantic_quality=0.465
[CLIP] 554.24-558.44 psychology=0.000 narrative=0.395 semantic=0.000 engagement=0.317 alignment=0.000 viral_score=0.000
[ORCH][ULTRON][CAND] 554.24-558.44 impact=0.000 meaning=0.000 novelty=0.000 clarity=0.000 semantic_quality=0.435
[CLIP] 306.05-308.21 psychology=0.000 narrative=0.430 semantic=0.000 engagement=0.317 alignment=0.000 viral_score=0.000
[ORCH][ULTRON][CAND] 306.05-308.21 impact=0.000 meaning=0.000 novelty=0.000 clarity=0.000 semantic_quality=0.415
[CLIP] 309.81-312.41 psychology=0.000 narrative=0.395 semantic=0.000 engagement=0.317 alignment=0.000 viral_score=0.000
[ORCH][ULTRON][CAND] 309.81-312.41 impact=0.000 meaning=0.000 novelty=0.000 clarity=0.000 semantic_quality=0.415
[CLIP] 34.05-36.97 psychology=0.000 narrative=0.395 semantic=0.000 engagement=0.317 alignment=0.000 viral_score=0.000
[ORCH][ULTRON][CAND] 34.05-36.97 impact=0.000 meaning=0.000 novelty=0.000 clarity=0.000 semantic_quality=0.380
[CLIP] 710.89-714.80 psychology=0.000 narrative=0.395 semantic=0.000 engagement=0.317 alignment=0.000 viral_score=0.000
[ORCH][ULTRON][CAND] 710.89-714.80 impact=0.000 meaning=0.000 novelty=0.000 clarity=0.000 semantic_quality=0.370
[CLIP] 799.36-802.64 psychology=0.000 narrative=0.395 semantic=0.000 engagement=0.317 alignment=0.000 viral_score=0.000
[ORCH][ULTRON][CAND] 799.36-802.64 impact=0.000 meaning=0.000 novelty=0.000 clarity=0.000 semantic_quality=0.370
[CLIP] 156.29-158.85 psychology=0.000 narrative=0.395 semantic=0.000 engagement=0.017 alignment=0.000 viral_score=0.000
[ORCH][ULTRON][CAND] 156.29-158.85 impact=0.000 meaning=0.000 novelty=0.000 clarity=0.000 semantic_quality=0.370
[ORCH][L9_CLIP_SELECTOR_RANKING] ranked=24 returned=8 final_pass_provenance={'strict': 8} final_origins={'strict': 8} avg_viral_score=0.0 wall_s=0.001
[ORCH-ARC] assembled=8 complete=1 input=8
[ORCH][L10_ARC_ASSEMBLER] input=8 arcs=8 complete=1 origins={'strict': 8} avg_arc_duration=38.017 wall_s=0.268
[HOOK_RESOLUTION] seg="off your notifications. Don't let people walk by a" hook="off your notifications. Don't let people walk by a" bonus=0.25 breakdown={'lexical_continuity': 0.25, 'shared_words': ['meetings.', 'notifications.', 'people', 'second']}
[HOOK_RESOLUTION] seg="meaning stop it. That's why you have to batch your" hook="off your notifications. Don't let people walk by a" bonus=0.25 breakdown={'lexical_continuity': 0.25, 'shared_words': ['batch', 'meaning', 'meetings', 'similar', 'things']}
[HOOK_RESOLUTION] seg='like small tasks and put them into a block and rea' hook="off your notifications. Don't let people walk by a" bonus=0.25 breakdown={'lexical_continuity': 0.25, 'shared_words': ['against', 'block', 'execute', 'really', 'small', 'tasks', 'them.']}
[HOOK_RESOLUTION] seg='And the last one is asking yourself a powerful que' hook="off your notifications. Don't let people walk by a" bonus=0.00 breakdown={}
[HOOK_RESOLUTION] seg='one thing that you can do today that actually matt' hook="off your notifications. Don't let people walk by a" bonus=0.00 breakdown={}
[HOOK_RESOLUTION] seg="What's the one? But then I can't pick one. There's" hook="off your notifications. Don't let people walk by a" bonus=0.00 breakdown={}
[HOOK_RESOLUTION] seg='This is really important.' hook="off your notifications. Don't let people walk by a" bonus=0.10 breakdown={'lexical_continuity': 0.1, 'shared_words': ['really']}
[HOOK_RESOLUTION] seg="No, there's one." hook="off your notifications. Don't let people walk by a" bonus=0.00 breakdown={}
[HOOK_RESOLUTION] seg='One bottle neck, one thing.' hook="off your notifications. Don't let people walk by a" bonus=0.00 breakdown={}
[HOOK_RESOLUTION] seg='Do that first.' hook="off your notifications. Don't let people walk by a" bonus=0.00 breakdown={}
[HOOK_RESOLUTION] seg="That's the 5% that'll get you 95% of results." hook="off your notifications. Don't let people walk by a" bonus=0.00 breakdown={}
[HOOK_RESOLUTION] seg='So the effective executive will teach you how to r' hook="off your notifications. Don't let people walk by a" bonus=0.10 breakdown={'lexical_continuity': 0.1, 'shared_words': ['things']}
[HOOK_RESOLUTION] seg="That's awesome." hook="off your notifications. Don't let people walk by a" bonus=0.00 breakdown={}
[HOOK_RESOLUTION] seg="Now you've got more time." hook="off your notifications. Don't let people walk by a" bonus=0.00 breakdown={}
[HOOK_RESOLUTION] seg='The next book will tackle all the limiting beliefs' hook="off your notifications. Don't let people walk by a" bonus=0.00 breakdown={}
[HOOK_RESOLUTION] seg='the things you know you gotta do.' hook="off your notifications. Don't let people walk by a" bonus=0.10 breakdown={'lexical_continuity': 0.1, 'shared_words': ['things']}
[HOOK_RESOLUTION] seg='Book number three.' hook="off your notifications. Don't let people walk by a" bonus=0.00 breakdown={}
[HOOK_RESOLUTION] seg='Feeling is the secret by Neville Goddard.' hook="off your notifications. Don't let people walk by a" bonus=0.00 breakdown={}
[HOOK_RESOLUTION] seg='Anybody in the mental mindset belief space knows t' hook="off your notifications. Don't let people walk by a" bonus=0.00 breakdown={}
[HOOK_RESOLUTION] seg='Neville is the OG.' hook="off your notifications. Don't let people walk by a" bonus=0.00 breakdown={}
[HOOK_RESOLUTION] seg="You're written dozens of books." hook="off your notifications. Don't let people walk by a" bonus=0.00 breakdown={}
[HOOK_RESOLUTION] seg="I've read them all." hook="off your notifications. Don't let people walk by a" bonus=0.00 breakdown={}
[HOOK_RESOLUTION] seg='This for me is the one you gotta read.' hook="off your notifications. Don't let people walk by a" bonus=0.00 breakdown={}
[HOOK_RESOLUTION] seg='His whole argument is that your income, your bank ' hook="off your notifications. Don't let people walk by a" bonus=0.00 breakdown={}
[HOOK_RESOLUTION] seg='to your identity.' hook="off your notifications. Don't let people walk by a" bonus=0.00 breakdown={}
[HOOK_RESOLUTION] seg='And if you want to win, if you want to live up, yo' hook="off your notifications. Don't let people walk by a" bonus=0.00 breakdown={}
[HOOK_RESOLUTION] seg="That's the 5% that'll get you 95% of results." hook="That's the 5% that'll get you 95% of results. So t" bonus=0.20 breakdown={'lexical_continuity': 0.2, 'shared_words': ['results.', "that'll"]}
[HOOK_RESOLUTION] seg='So the effective executive will teach you how to r' hook="That's the 5% that'll get you 95% of results. So t" bonus=0.25 breakdown={'lexical_continuity': 0.25, 'shared_words': ['calendar.', 'effective', 'executive', 'remove', 'teach', 'things']}
[HOOK_RESOLUTION] seg="That's awesome." hook="That's the 5% that'll get you 95% of results. So t" bonus=0.10 breakdown={'lexical_continuity': 0.1, 'shared_words': ['awesome.']}
[HOOK_RESOLUTION] seg="Now you've got more time." hook="That's the 5% that'll get you 95% of results. So t" bonus=0.00 breakdown={}
[HOOK_RESOLUTION] seg='The next book will tackle all the limiting beliefs' hook="That's the 5% that'll get you 95% of results. So t" bonus=0.00 breakdown={}
[HOOK_RESOLUTION] seg='the things you know you gotta do.' hook="That's the 5% that'll get you 95% of results. So t" bonus=0.10 breakdown={'lexical_continuity': 0.1, 'shared_words': ['things']}
[HOOK_RESOLUTION] seg='Book number three.' hook="That's the 5% that'll get you 95% of results. So t" bonus=0.00 breakdown={}
[HOOK_RESOLUTION] seg='Feeling is the secret by Neville Goddard.' hook="That's the 5% that'll get you 95% of results. So t" bonus=0.00 breakdown={}
[HOOK_RESOLUTION] seg='Anybody in the mental mindset belief space knows t' hook="That's the 5% that'll get you 95% of results. So t" bonus=0.00 breakdown={}
[HOOK_RESOLUTION] seg='Neville is the OG.' hook="That's the 5% that'll get you 95% of results. So t" bonus=0.00 breakdown={}
[HOOK_RESOLUTION] seg="You're written dozens of books." hook="That's the 5% that'll get you 95% of results. So t" bonus=0.00 breakdown={}
[HOOK_RESOLUTION] seg="I've read them all." hook="That's the 5% that'll get you 95% of results. So t" bonus=0.00 breakdown={}
[HOOK_RESOLUTION] seg='This for me is the one you gotta read.' hook="That's the 5% that'll get you 95% of results. So t" bonus=0.00 breakdown={}
[HOOK_RESOLUTION] seg='His whole argument is that your income, your bank ' hook="That's the 5% that'll get you 95% of results. So t" bonus=0.00 breakdown={}
[HOOK_RESOLUTION] seg='to your identity.' hook="That's the 5% that'll get you 95% of results. So t" bonus=0.00 breakdown={}
[HOOK_RESOLUTION] seg='And if you want to win, if you want to live up, yo' hook="That's the 5% that'll get you 95% of results. So t" bonus=0.00 breakdown={}
[HOOK_RESOLUTION] seg='Then you have to live in the feeling of what you w' hook="That's the 5% that'll get you 95% of results. So t" bonus=0.00 breakdown={}
[HOOK_RESOLUTION] seg="Most people say all the things they don't want." hook="That's the 5% that'll get you 95% of results. So t" bonus=0.10 breakdown={'lexical_continuity': 0.1, 'shared_words': ['things']}
[HOOK_RESOLUTION] seg="They don't realize this they're like well, I don't" hook="That's the 5% that'll get you 95% of results. So t" bonus=0.00 breakdown={}
[HOOK_RESOLUTION] seg="I can't pay for this and this is costing too much " hook="That's the 5% that'll get you 95% of results. So t" bonus=0.10 breakdown={'lexical_continuity': 0.1, 'shared_words': ['teach']}
[HOOK_RESOLUTION] seg='Rewire your identity you will literally watch your' hook="That's the 5% that'll get you 95% of results. So t" bonus=0.00 breakdown={}
[HOOK_RESOLUTION] seg="It's wild to watch I've helped so many people do t" hook="That's the 5% that'll get you 95% of results. So t" bonus=0.00 breakdown={}
[HOOK_RESOLUTION] seg='Before you actually get any of it. I always tell t' hook="That's the 5% that'll get you 95% of results. So t" bonus=0.00 breakdown={}
[HOOK_RESOLUTION] seg='I mentor you got mr. Grompfeffaise and you got mr.' hook="That's the 5% that'll get you 95% of results. So t" bonus=0.00 breakdown={}
[HOOK_RESOLUTION] seg='Who do you think the world wants to see win?' hook="That's the 5% that'll get you 95% of results. So t" bonus=0.00 breakdown={}
[HOOK_RESOLUTION] seg='Grumpy face, happy face, happy face wins.' hook="That's the 5% that'll get you 95% of results. So t" bonus=0.00 breakdown={}
[HOOK_RESOLUTION] seg='Grumpy faces all these wonder what happy faces' hook="That's the 5% that'll get you 95% of results. So t" bonus=0.00 breakdown={}
[HOOK_RESOLUTION] seg='doing better than him.' hook="That's the 5% that'll get you 95% of results. So t" bonus=0.00 breakdown={}
[HOOK_RESOLUTION] seg="That's why you need to have some support in your l" hook="That's why you need to have some support in your l" bonus=0.20 breakdown={'lexical_continuity': 0.2, 'shared_words': ['life.', 'support']}
[HOOK_RESOLUTION] seg='You need to get an executive assistant.' hook="That's why you need to have some support in your l" bonus=0.20 breakdown={'lexical_continuity': 0.2, 'shared_words': ['assistant.', 'executive']}
[HOOK_RESOLUTION] seg="And most people just don't know what to give that " hook="That's why you need to have some support in your l" bonus=0.20 breakdown={'lexical_continuity': 0.2, 'shared_words': ['people', 'person.']}
[HOOK_RESOLUTION] seg='So if you want my internal playbook' hook="That's why you need to have some support in your l" bonus=0.00 breakdown={}
[HOOK_RESOLUTION] seg='on how I manage my executive assistant,' hook="That's why you need to have some support in your l" bonus=0.10 breakdown={'lexical_continuity': 0.1, 'shared_words': ['executive']}
[HOOK_RESOLUTION] seg='And why I wrote my whole book, Bye Back Your Time.' hook="That's why you need to have some support in your l" bonus=0.00 breakdown={}
[HOOK_RESOLUTION] seg='Just find me on Instagram and DM me the word YouTu' hook="That's why you need to have some support in your l" bonus=0.00 breakdown={}
[HOOK_RESOLUTION] seg="and I'll send it right over to you." hook="That's why you need to have some support in your l" bonus=0.00 breakdown={}
[HOOK_RESOLUTION] seg='All right, so once you find your bottleneck, aweso' hook="That's why you need to have some support in your l" bonus=0.00 breakdown={}
[HOOK_RESOLUTION] seg="You've got a target." hook="That's why you need to have some support in your l" bonus=0.00 breakdown={}
[HOOK_RESOLUTION] seg='But most people start adding new things' hook="That's why you need to have some support in your l" bonus=0.10 breakdown={'lexical_continuity': 0.1, 'shared_words': ['people']}
[HOOK_RESOLUTION] seg='to try to fix the next bottleneck' hook="That's why you need to have some support in your l" bonus=0.00 breakdown={}
[HOOK_RESOLUTION] seg='instead of removing the things which brings me to' hook="That's why you need to have some support in your l" bonus=0.00 breakdown={}
[HOOK_RESOLUTION] seg='the second book, The Effective Executive by Peter ' hook="That's why you need to have some support in your l" bonus=0.10 breakdown={'lexical_continuity': 0.1, 'shared_words': ['executive']}
[HOOK_RESOLUTION] seg='This book is one of my favorites.' hook="That's why you need to have some support in your l" bonus=0.00 breakdown={}
[HOOK_RESOLUTION] seg="Yes, we're entrepreneurs, but honestly," hook="That's why you need to have some support in your l" bonus=0.00 breakdown={}
[HOOK_RESOLUTION] seg='all executives, anybody that wants to be a high pe' hook="That's why you need to have some support in your l" bonus=0.00 breakdown={}
[HOOK_RESOLUTION] seg='anybody is just trying to be more in their life.' hook="That's why you need to have some support in your l" bonus=0.10 breakdown={'lexical_continuity': 0.1, 'shared_words': ['life.']}
[HOOK_RESOLUTION] seg='It is so good.' hook="That's why you need to have some support in your l" bonus=0.00 breakdown={}
[HOOK_RESOLUTION] seg='It helps people that are ambitious, deal with the ' hook="That's why you need to have some support in your l" bonus=0.10 breakdown={'lexical_continuity': 0.1, 'shared_words': ['people']}
[HOOK_RESOLUTION] seg='the noise, the pressure, the distractions.' hook="That's why you need to have some support in your l" bonus=0.00 breakdown={}
[HOOK_RESOLUTION] seg="As Drucker says often, effectiveness isn't talent," hook="That's why you need to have some support in your l" bonus=0.00 breakdown={}
[HOOK_RESOLUTION] seg="it's a habit." hook="That's why you need to have some support in your l" bonus=0.00 breakdown={}
[HOOK_RESOLUTION] seg='His core habit that he argues about non-stop in th' hook="That's why you need to have some support in your l" bonus=0.00 breakdown={}
[HOOK_RESOLUTION] seg='is you gotta concentrate on a few things' hook="That's why you need to have some support in your l" bonus=0.00 breakdown={}
[HOOK_RESOLUTION] seg='that produce outstanding results also known as lev' hook="That's why you need to have some support in your l" bonus=0.00 breakdown={}
[HOOK_RESOLUTION] seg='And that means killing everything' hook="That's why you need to have some support in your l" bonus=0.00 breakdown={}
[HOOK_RESOLUTION] seg="that doesn't support moving forward," hook="That's why you need to have some support in your l" bonus=0.10 breakdown={'lexical_continuity': 0.1, 'shared_words': ['support']}
[HOOK_RESOLUTION] seg="and that's what Drucker calls a band-in-men." hook="That's why you need to have some support in your l" bonus=0.00 breakdown={}
[HOOK_RESOLUTION] seg="So you can't add focus, you can't add more stuff," hook="That's why you need to have some support in your l" bonus=0.00 breakdown={}
[HOOK_RESOLUTION] seg='you will just get overwhelmed.' hook="That's why you need to have some support in your l" bonus=0.00 breakdown={}
[HOOK_RESOLUTION] seg='You can only remove distractions.' hook="That's why you need to have some support in your l" bonus=0.20 breakdown={'contrast_resolved': 0.2}
[HOOK_RESOLUTION] seg='It stops you from doing the thing' hook="That's why you need to have some support in your l" bonus=0.00 breakdown={}
[HOOK_RESOLUTION] seg="that's gonna get your results." hook="That's why you need to have some support in your l" bonus=0.00 breakdown={}
[HOOK_RESOLUTION] seg='The craziest example of this,' hook="That's why you need to have some support in your l" bonus=0.00 breakdown={}
[HOOK_RESOLUTION] seg='I thought I was reading a typo when I read it,' hook="That's why you need to have some support in your l" bonus=0.00 breakdown={}
[HOOK_RESOLUTION] seg='was when Elon decided to go all in on robotics' hook="That's why you need to have some support in your l" bonus=0.00 breakdown={}
[HOOK_RESOLUTION] seg='and he calls up the team and says,' hook="That's why you need to have some support in your l" bonus=0.00 breakdown={}
[HOOK_RESOLUTION] seg="hey, we're gonna shut down the Model S and Model X" hook="That's why you need to have some support in your l" bonus=0.00 breakdown={}

[PAYOFF_COMPETITION] candidate_id=c_0003
152
text="and that's what Drucker calls a band-in-men."
legacy=-0.19
groq=BUILD
role_weight=0.00
final=-0.08
ending_strength=0.20 (punct=+0.20)
payoff_resolution=0.10 (punct=+0.10)


[ARC_END_TRACE]
candidate_id=c_0003
chosen_payoff_segment=and that's what Drucker calls a band-in-men.
chosen_reason=Highest score -0.08 (res=0.10, end=0.20) out of 1 candidates
next_5_segments_after_payoff=So you can't add focus, you can't add more stuff, | you will just get overwhelmed. | You can only remove distractions. | It stops you from doing the thing | that's gonna get your results.
stronger_payoff_found=False

[HOOK_RESOLUTION] seg="and I'll send it right over to you." hook="and I'll send it right over to you. All right, so " bonus=0.10 breakdown={'lexical_continuity': 0.1, 'shared_words': ['right']}
[HOOK_RESOLUTION] seg='All right, so once you find your bottleneck, aweso' hook="and I'll send it right over to you. All right, so " bonus=0.25 breakdown={'lexical_continuity': 0.25, 'shared_words': ['awesome.', 'bottleneck,', 'right,']}
[HOOK_RESOLUTION] seg="You've got a target." hook="and I'll send it right over to you. All right, so " bonus=0.20 breakdown={'lexical_continuity': 0.2, 'shared_words': ['target.', "you've"]}
[HOOK_RESOLUTION] seg='But most people start adding new things' hook="and I'll send it right over to you. All right, so " bonus=0.00 breakdown={}
[HOOK_RESOLUTION] seg='to try to fix the next bottleneck' hook="and I'll send it right over to you. All right, so " bonus=0.00 breakdown={}
[HOOK_RESOLUTION] seg='instead of removing the things which brings me to' hook="and I'll send it right over to you. All right, so " bonus=0.00 breakdown={}
[HOOK_RESOLUTION] seg='the second book, The Effective Executive by Peter ' hook="and I'll send it right over to you. All right, so " bonus=0.00 breakdown={}
[HOOK_RESOLUTION] seg='This book is one of my favorites.' hook="and I'll send it right over to you. All right, so " bonus=0.00 breakdown={}
[HOOK_RESOLUTION] seg="Yes, we're entrepreneurs, but honestly," hook="and I'll send it right over to you. All right, so " bonus=0.00 breakdown={}
[HOOK_RESOLUTION] seg='all executives, anybody that wants to be a high pe' hook="and I'll send it right over to you. All right, so " bonus=0.00 breakdown={}
[HOOK_RESOLUTION] seg='anybody is just trying to be more in their life.' hook="and I'll send it right over to you. All right, so " bonus=0.00 breakdown={}
[HOOK_RESOLUTION] seg='It is so good.' hook="and I'll send it right over to you. All right, so " bonus=0.00 breakdown={}
[HOOK_RESOLUTION] seg='It helps people that are ambitious, deal with the ' hook="and I'll send it right over to you. All right, so " bonus=0.00 breakdown={}
[HOOK_RESOLUTION] seg='the noise, the pressure, the distractions.' hook="and I'll send it right over to you. All right, so " bonus=0.00 breakdown={}
[HOOK_RESOLUTION] seg="As Drucker says often, effectiveness isn't talent," hook="and I'll send it right over to you. All right, so " bonus=0.00 breakdown={}
[HOOK_RESOLUTION] seg="it's a habit." hook="and I'll send it right over to you. All right, so " bonus=0.00 breakdown={}
[HOOK_RESOLUTION] seg='His core habit that he argues about non-stop in th' hook="and I'll send it right over to you. All right, so " bonus=0.00 breakdown={}
[HOOK_RESOLUTION] seg='is you gotta concentrate on a few things' hook="and I'll send it right over to you. All right, so " bonus=0.00 breakdown={}
[HOOK_RESOLUTION] seg='that produce outstanding results also known as lev' hook="and I'll send it right over to you. All right, so " bonus=0.00 breakdown={}
[HOOK_RESOLUTION] seg='And that means killing everything' hook="and I'll send it right over to you. All right, so " bonus=0.00 breakdown={}
[HOOK_RESOLUTION] seg="that doesn't support moving forward," hook="and I'll send it right over to you. All right, so " bonus=0.00 breakdown={}
[HOOK_RESOLUTION] seg="and that's what Drucker calls a band-in-men." hook="and I'll send it right over to you. All right, so " bonus=0.00 breakdown={}
[HOOK_RESOLUTION] seg="So you can't add focus, you can't add more stuff," hook="and I'll send it right over to you. All right, so " bonus=0.00 breakdown={}
[HOOK_RESOLUTION] seg='you will just get overwhelmed.' hook="and I'll send it right over to you. All right, so " bonus=0.00 breakdown={}
[HOOK_RESOLUTION] seg='You can only remove distractions.' hook="and I'll send it right over to you. All right, so " bonus=0.00 breakdown={}
[HOOK_RESOLUTION] seg='It stops you from doing the thing' hook="and I'll send it right over to you. All right, so " bonus=0.00 breakdown={}
[HOOK_RESOLUTION] seg="that's gonna get your results." hook="and I'll send it right over to you. All right, so " bonus=0.00 breakdown={}
[HOOK_RESOLUTION] seg='The craziest example of this,' hook="and I'll send it right over to you. All right, so " bonus=0.00 breakdown={}
[HOOK_RESOLUTION] seg='I thought I was reading a typo when I read it,' hook="and I'll send it right over to you. All right, so " bonus=0.00 breakdown={}
[HOOK_RESOLUTION] seg='was when Elon decided to go all in on robotics' hook="and I'll send it right over to you. All right, so " bonus=0.00 breakdown={}
[HOOK_RESOLUTION] seg='and he calls up the team and says,' hook="and I'll send it right over to you. All right, so " bonus=0.00 breakdown={}
[HOOK_RESOLUTION] seg="hey, we're gonna shut down the Model S and Model X" hook="and I'll send it right over to you. All right, so " bonus=0.00 breakdown={}
[HOOK_RESOLUTION] seg='He stopped making a car to focus on' hook="and I'll send it right over to you. All right, so " bonus=0.00 breakdown={}
[HOOK_RESOLUTION] seg='what he knows is gonna be the big idea.' hook="and I'll send it right over to you. All right, so " bonus=0.00 breakdown={}
[HOOK_RESOLUTION] seg="That's crazy and awesome." hook="and I'll send it right over to you. All right, so " bonus=0.10 breakdown={'lexical_continuity': 0.1, 'shared_words': ['awesome.']}
[HOOK_RESOLUTION] seg="So let's be inspired a little tiny bit" hook="and I'll send it right over to you. All right, so " bonus=0.00 breakdown={}
[HOOK_RESOLUTION] seg='by some of those brave decisions.' hook="and I'll send it right over to you. All right, so " bonus=0.00 breakdown={}

[PAYOFF_COMPETITION] candidate_id=c_0004
152
text="and that's what Drucker calls a band-in-men."
legacy=-0.05
groq=BUILD
role_weight=0.00
final=0.04
ending_strength=0.20 (punct=+0.20)
payoff_resolution=0.10 (punct=+0.10)


[ARC_END_TRACE]
candidate_id=c_0004
chosen_payoff_segment=and that's what Drucker calls a band-in-men.
chosen_reason=Highest score 0.04 (res=0.10, end=0.20) out of 1 candidates
next_5_segments_after_payoff=So you can't add focus, you can't add more stuff, | you will just get overwhelmed. | You can only remove distractions. | It stops you from doing the thing | that's gonna get your results.
stronger_payoff_found=False

[HOOK_RESOLUTION] seg='Stop reading just in case to entertain yourself.' hook='Stop reading just in case to entertain yourself. S' bonus=0.25 breakdown={'lexical_continuity': 0.25, 'shared_words': ['entertain', 'reading', 'yourself.']}
[HOOK_RESOLUTION] seg='Start reading just in time to educate yourself.' hook='Stop reading just in case to entertain yourself. S' bonus=0.25 breakdown={'lexical_continuity': 0.25, 'shared_words': ['educate', 'reading', 'start', 'yourself.']}
[HOOK_RESOLUTION] seg="I study books. I don't read them. I study a book. " hook='Stop reading just in case to entertain yourself. S' bonus=0.25 breakdown={'lexical_continuity': 0.25, 'shared_words': ['apply', 'book.', 'books.', 'idea.', 'study', 'them.', 'time.']}
[HOOK_RESOLUTION] seg='See, studying means learn, do, teach.' hook='Stop reading just in case to entertain yourself. S' bonus=0.00 breakdown={}
[HOOK_RESOLUTION] seg='If you really want to study a book, follow that pr' hook='Stop reading just in case to entertain yourself. S' bonus=0.10 breakdown={'lexical_continuity': 0.1, 'shared_words': ['study']}
[HOOK_RESOLUTION] seg='One thing that I learn and I apply is worth 10 tim' hook='Stop reading just in case to entertain yourself. S' bonus=0.10 breakdown={'lexical_continuity': 0.1, 'shared_words': ['apply']}
[HOOK_RESOLUTION] seg='and finished and forget. So now that we know how t' hook='Stop reading just in case to entertain yourself. S' bonus=0.00 breakdown={}
[HOOK_RESOLUTION] seg="if it's worth reading, let's get into book number " hook='Stop reading just in case to entertain yourself. S' bonus=0.00 breakdown={}
[HOOK_RESOLUTION] seg='This is for the founder who has tried everything i' hook='Stop reading just in case to entertain yourself. S' bonus=0.00 breakdown={}
[HOOK_RESOLUTION] seg="why their business won't move forward. The theory " hook='Stop reading just in case to entertain yourself. S' bonus=0.00 breakdown={}
[HOOK_RESOLUTION] seg='to understand where the bottleneck is in the busin' hook='Stop reading just in case to entertain yourself. S' bonus=0.00 breakdown={}
[HOOK_RESOLUTION] seg='If you think of any process from left to right,' hook='Stop reading just in case to entertain yourself. S' bonus=0.00 breakdown={}
[HOOK_RESOLUTION] seg='you have things that are being done at each step.' hook='Stop reading just in case to entertain yourself. S' bonus=0.00 breakdown={}
[HOOK_RESOLUTION] seg='And if for whatever reason, within that process,' hook='Stop reading just in case to entertain yourself. S' bonus=0.00 breakdown={}
[HOOK_RESOLUTION] seg="there's a bottleneck, there's something" hook='Stop reading just in case to entertain yourself. S' bonus=0.00 breakdown={}
[HOOK_RESOLUTION] seg="that's compressing the throughput," hook='Stop reading just in case to entertain yourself. S' bonus=0.00 breakdown={}
[HOOK_RESOLUTION] seg="then the business can't grow to its potential." hook='Stop reading just in case to entertain yourself. S' bonus=0.00 breakdown={}
[HOOK_RESOLUTION] seg='Whenever I feel like the output,' hook='Stop reading just in case to entertain yourself. S' bonus=0.00 breakdown={}
[HOOK_RESOLUTION] seg="sales, customers, products, whatever I'm building," hook='Stop reading just in case to entertain yourself. S' bonus=0.00 breakdown={}
[HOOK_RESOLUTION] seg="the output isn't coming out as fast as I need it t" hook='Stop reading just in case to entertain yourself. S' bonus=0.00 breakdown={}
[HOOK_RESOLUTION] seg='I always work my way up until I find waste.' hook='Stop reading just in case to entertain yourself. S' bonus=0.00 breakdown={}
[HOOK_RESOLUTION] seg="because waste means there's a lot of stuff happeni" hook='Stop reading just in case to entertain yourself. S' bonus=0.00 breakdown={}
[HOOK_RESOLUTION] seg='before the people at the next stage can use that' hook='Stop reading just in case to entertain yourself. S' bonus=0.00 breakdown={}
[HOOK_RESOLUTION] seg='to actually move the throughput forward.' hook='Stop reading just in case to entertain yourself. S' bonus=0.00 breakdown={}
[HOOK_RESOLUTION] seg='What I love about this book is it argues' hook='Stop reading just in case to entertain yourself. S' bonus=0.00 breakdown={}
[HOOK_RESOLUTION] seg='without any proof in the world that that is who yo' hook='without any proof in the world that that is who yo' bonus=0.25 breakdown={'lexical_continuity': 0.25, 'shared_words': ['proof', 'without', 'world']}
[HOOK_RESOLUTION] seg='Some people will not understand this,' hook='without any proof in the world that that is who yo' bonus=0.25 breakdown={'lexical_continuity': 0.25, 'shared_words': ['people', 'this,', 'understand']}
[HOOK_RESOLUTION] seg='people will argue with me, well, that makes no sen' hook='without any proof in the world that that is who yo' bonus=0.25 breakdown={'lexical_continuity': 0.25, 'shared_words': ['argue', 'makes', 'people', 'sense.', 'well,']}
[HOOK_RESOLUTION] seg="And that's like, that's like you're lying to yours" hook='without any proof in the world that that is who yo' bonus=0.00 breakdown={}
[HOOK_RESOLUTION] seg='People lie to themselves all day, all day.' hook='without any proof in the world that that is who yo' bonus=0.10 breakdown={'lexical_continuity': 0.1, 'shared_words': ['people']}
[HOOK_RESOLUTION] seg="Notice that I didn't say I will be an Iron Man." hook='without any proof in the world that that is who yo' bonus=0.00 breakdown={}
[HOOK_RESOLUTION] seg='I wrote down I am an Iron Man.' hook='without any proof in the world that that is who yo' bonus=0.00 breakdown={}
[HOOK_RESOLUTION] seg='That I am statement is a powerful freaking tool.' hook='without any proof in the world that that is who yo' bonus=0.00 breakdown={}
[HOOK_RESOLUTION] seg='Because I know this.' hook='without any proof in the world that that is who yo' bonus=0.00 breakdown={}
[HOOK_RESOLUTION] seg='What you tell yourself in your mind, not out loud,' hook='without any proof in the world that that is who yo' bonus=0.00 breakdown={}
[HOOK_RESOLUTION] seg='will be what you live out in the real world.' hook='without any proof in the world that that is who yo' bonus=0.00 breakdown={}
[HOOK_RESOLUTION] seg="If you think you're valuable, valuable things come" hook='without any proof in the world that that is who yo' bonus=0.00 breakdown={}
[HOOK_RESOLUTION] seg="If you think you're resourceful, you will be resou" hook='without any proof in the world that that is who yo' bonus=0.00 breakdown={}
[HOOK_RESOLUTION] seg='If you think you deserve it, you will ask for it.' hook='without any proof in the world that that is who yo' bonus=0.00 breakdown={}
[HOOK_RESOLUTION] seg="Most people have no idea that the world isn't as i" hook='without any proof in the world that that is who yo' bonus=0.20 breakdown={'lexical_continuity': 0.2, 'shared_words': ['people', 'world']}
[HOOK_RESOLUTION] seg='In his book, Godter calls this living in the end a' hook='without any proof in the world that that is who yo' bonus=0.00 breakdown={}
[HOOK_RESOLUTION] seg='Number one, we have to assume the feeling first.' hook='without any proof in the world that that is who yo' bonus=0.00 breakdown={}
[HOOK_RESOLUTION] seg='Everything is a byproduct of how we feel.' hook='without any proof in the world that that is who yo' bonus=0.00 breakdown={}
[HOOK_RESOLUTION] seg="If I told you there's $10 million in your bank acc" hook='without any proof in the world that that is who yo' bonus=0.00 breakdown={}
[HOOK_RESOLUTION] seg='Whoa, dang, just wired $10 million in my bank acco' hook='without any proof in the world that that is who yo' bonus=0.00 breakdown={}
[HOOK_RESOLUTION] seg='That feels great.' hook='without any proof in the world that that is who yo' bonus=0.00 breakdown={}
[HOOK_RESOLUTION] seg='That feeling?' hook='without any proof in the world that that is who yo' bonus=0.00 breakdown={}
[HOOK_RESOLUTION] seg='Act like that today.' hook='without any proof in the world that that is who yo' bonus=0.00 breakdown={}
[HOOK_RESOLUTION] seg='The feeling comes first, the results come second.' hook='without any proof in the world that that is who yo' bonus=0.00 breakdown={}
[HOOK_RESOLUTION] seg='Second part, sleep is your most powerful tool.' hook='without any proof in the world that that is who yo' bonus=0.00 breakdown={}
[HOOK_RESOLUTION] seg="Now don't get me wrong, you lazy people out there." hook='without any proof in the world that that is who yo' bonus=0.10 breakdown={'lexical_continuity': 0.1, 'shared_words': ['people']}
[HOOK_RESOLUTION] seg="Don't go bed and be like," hook='without any proof in the world that that is who yo' bonus=0.00 breakdown={}
[HOOK_RESOLUTION] seg="they're told me to go to sleep," hook='without any proof in the world that that is who yo' bonus=0.00 breakdown={}
[HOOK_RESOLUTION] seg="I'm not gonna wake up." hook='without any proof in the world that that is who yo' bonus=0.00 breakdown={}
[HOOK_RESOLUTION] seg='No, when you are about to fall asleep,' hook='without any proof in the world that that is who yo' bonus=0.00 breakdown={}
[HOOK_RESOLUTION] seg='your mind goes into this kind of like dream state.' hook='without any proof in the world that that is who yo' bonus=0.00 breakdown={}
[HOOK_RESOLUTION] seg='And I want you to plant in your subconscious' hook='without any proof in the world that that is who yo' bonus=0.00 breakdown={}
[HOOK_RESOLUTION] seg='before you pass out what you want.' hook='without any proof in the world that that is who yo' bonus=0.00 breakdown={}

[PAYOFF_COMPETITION] candidate_id=c_0007
270
text="And that's like, that's like you're lying to yourself."
legacy=0.20
groq=BUILD
role_weight=0.00
final=0.21
ending_strength=0.20 (punct=+0.20)
payoff_resolution=0.10 (punct=+0.10)


[ARC_END_TRACE]
candidate_id=c_0007
chosen_payoff_segment=And that's like, that's like you're lying to yourself.
chosen_reason=Highest score 0.21 (res=0.10, end=0.20) out of 1 candidates
next_5_segments_after_payoff=People lie to themselves all day, all day. | Notice that I didn't say I will be an Iron Man. | I wrote down I am an Iron Man. | That I am statement is a powerful freaking tool. | Because I know this.
stronger_payoff_found=False

[HOOK_RESOLUTION] seg='We are, not we will.' hook="We are, not we will. It'd be nice. No, this is wha" bonus=0.10 breakdown={'lexical_continuity': 0.1, 'shared_words': ['will.']}
[HOOK_RESOLUTION] seg="It'd be nice." hook="We are, not we will. It'd be nice. No, this is wha" bonus=0.10 breakdown={'lexical_continuity': 0.1, 'shared_words': ['nice.']}
[HOOK_RESOLUTION] seg="No, this is what I'm doing." hook="We are, not we will. It'd be nice. No, this is wha" bonus=0.10 breakdown={'lexical_continuity': 0.1, 'shared_words': ['doing.']}
[HOOK_RESOLUTION] seg="Settle, but it's a game changer." hook="We are, not we will. It'd be nice. No, this is wha" bonus=0.00 breakdown={}
[HOOK_RESOLUTION] seg='Not I want to be rich.' hook="We are, not we will. It'd be nice. No, this is wha" bonus=0.00 breakdown={}
[HOOK_RESOLUTION] seg="Not I'm trying to be rich is I am rich." hook="We are, not we will. It'd be nice. No, this is wha" bonus=0.00 breakdown={}
[HOOK_RESOLUTION] seg='I am rich.' hook="We are, not we will. It'd be nice. No, this is wha" bonus=0.00 breakdown={}
[HOOK_RESOLUTION] seg='You can decide to be rich right now.' hook="We are, not we will. It'd be nice. No, this is wha" bonus=0.00 breakdown={}
[HOOK_RESOLUTION] seg="But I don't have any money in my bank account." hook="We are, not we will. It'd be nice. No, this is wha" bonus=0.00 breakdown={}
[HOOK_RESOLUTION] seg="That's okay." hook="We are, not we will. It'd be nice. No, this is wha" bonus=0.00 breakdown={}
[HOOK_RESOLUTION] seg='Rich is a feeling first.' hook="We are, not we will. It'd be nice. No, this is wha" bonus=0.00 breakdown={}
[HOOK_RESOLUTION] seg='See how that works?' hook="We are, not we will. It'd be nice. No, this is wha" bonus=0.00 breakdown={}
[HOOK_RESOLUTION] seg='Number four, your self concept is the real lever.' hook="We are, not we will. It'd be nice. No, this is wha" bonus=0.00 breakdown={}
[HOOK_RESOLUTION] seg='The outside world that you think is so important' hook="We are, not we will. It'd be nice. No, this is wha" bonus=0.00 breakdown={}
[HOOK_RESOLUTION] seg="and other people's opinion of you" hook="We are, not we will. It'd be nice. No, this is wha" bonus=0.00 breakdown={}
[HOOK_RESOLUTION] seg="and how you're living your life," hook="We are, not we will. It'd be nice. No, this is wha" bonus=0.00 breakdown={}
[HOOK_RESOLUTION] seg='those things are just a reflection' hook="We are, not we will. It'd be nice. No, this is wha" bonus=0.00 breakdown={}
[HOOK_RESOLUTION] seg='of what you believe inside.' hook="We are, not we will. It'd be nice. No, this is wha" bonus=0.00 breakdown={}
[HOOK_RESOLUTION] seg='So if you wanna have the most power,' hook="We are, not we will. It'd be nice. No, this is wha" bonus=0.00 breakdown={}
[HOOK_RESOLUTION] seg='the highest form of leverage,' hook="We are, not we will. It'd be nice. No, this is wha" bonus=0.00 breakdown={}
[HOOK_RESOLUTION] seg='change that inner image first' hook="We are, not we will. It'd be nice. No, this is wha" bonus=0.00 breakdown={}
[HOOK_RESOLUTION] seg='and the outside world will follow.' hook="We are, not we will. It'd be nice. No, this is wha" bonus=0.00 breakdown={}
[HOOK_RESOLUTION] seg='Number five, the gap between assuming the identity' hook="We are, not we will. It'd be nice. No, this is wha" bonus=0.00 breakdown={}
[HOOK_RESOLUTION] seg='and seeing the results is where most people quit.' hook="We are, not we will. It'd be nice. No, this is wha" bonus=0.00 breakdown={}
[HOOK_RESOLUTION] seg='Most people try and try and try and after three we' hook="We are, not we will. It'd be nice. No, this is wha" bonus=0.00 breakdown={}
[HOOK_RESOLUTION] seg='they give up.' hook="We are, not we will. It'd be nice. No, this is wha" bonus=0.00 breakdown={}
[HOOK_RESOLUTION] seg="And then there's the people that just seem to magi" hook="We are, not we will. It'd be nice. No, this is wha" bonus=0.00 breakdown={}
[HOOK_RESOLUTION] seg='make things happen and people go,' hook="We are, not we will. It'd be nice. No, this is wha" bonus=0.00 breakdown={}
[HOOK_RESOLUTION] seg="oh my god, they're so lucky." hook="We are, not we will. It'd be nice. No, this is wha" bonus=0.00 breakdown={}
[HOOK_RESOLUTION] seg='No, they won in the quiet battles.' hook="We are, not we will. It'd be nice. No, this is wha" bonus=0.00 breakdown={}
[HOOK_RESOLUTION] seg='When nobody else was around, they won those battle' hook="We are, not we will. It'd be nice. No, this is wha" bonus=0.00 breakdown={}
[HOOK_RESOLUTION] seg='those days.' hook="We are, not we will. It'd be nice. No, this is wha" bonus=0.00 breakdown={}
[HOOK_RESOLUTION] seg='Think of it this way.' hook="We are, not we will. It'd be nice. No, this is wha" bonus=0.00 breakdown={}
[HOOK_RESOLUTION] seg='Winners failed more than losers.' hook="We are, not we will. It'd be nice. No, this is wha" bonus=0.00 breakdown={}
[HOOK_RESOLUTION] seg='They just tried one more time.' hook="We are, not we will. It'd be nice. No, this is wha" bonus=0.00 breakdown={}
[HOOK_RESOLUTION] seg='You just have to persist without evidence.' hook="We are, not we will. It'd be nice. No, this is wha" bonus=0.00 breakdown={}
[HOOK_RESOLUTION] seg='And the last one, number six, is live in the wish ' hook="We are, not we will. It'd be nice. No, this is wha" bonus=0.00 breakdown={}
[HOOK_RESOLUTION] seg="Don't imagine getting there," hook="We are, not we will. It'd be nice. No, this is wha" bonus=0.00 breakdown={}
[HOOK_RESOLUTION] seg='imagine being there and how would you live in that' hook="We are, not we will. It'd be nice. No, this is wha" bonus=0.00 breakdown={}
[HOOK_RESOLUTION] seg='If you actually believe you have a million dollars' hook="We are, not we will. It'd be nice. No, this is wha" bonus=0.00 breakdown={}
[HOOK_RESOLUTION] seg='how he builds businesses.' hook="how he builds businesses. Now it's one step within" bonus=0.20 breakdown={'lexical_continuity': 0.2, 'shared_words': ['builds', 'businesses.']}
[HOOK_RESOLUTION] seg="Now it's one step within there," hook="how he builds businesses. Now it's one step within" bonus=0.20 breakdown={'lexical_continuity': 0.2, 'shared_words': ['there,', 'within']}
[HOOK_RESOLUTION] seg='but the whole philosophy is that we have to figure' hook="how he builds businesses. Now it's one step within" bonus=0.25 breakdown={'lexical_continuity': 0.25, 'shared_words': ['figure', 'philosophy', 'whole']}
[HOOK_RESOLUTION] seg='how to find where the limit is.' hook="how he builds businesses. Now it's one step within" bonus=0.00 breakdown={}
[HOOK_RESOLUTION] seg='The way you do that is you increase the amount of ' hook="how he builds businesses. Now it's one step within" bonus=0.00 breakdown={}
[HOOK_RESOLUTION] seg='through the system to figure where the bottleneck ' hook="how he builds businesses. Now it's one step within" bonus=0.10 breakdown={'lexical_continuity': 0.1, 'shared_words': ['figure']}
[HOOK_RESOLUTION] seg="And then it'll make it obvious." hook="how he builds businesses. Now it's one step within" bonus=0.00 breakdown={}
[HOOK_RESOLUTION] seg='Sometimes because a business is so small' hook="how he builds businesses. Now it's one step within" bonus=0.00 breakdown={}
[HOOK_RESOLUTION] seg='and things move so slow,' hook="how he builds businesses. Now it's one step within" bonus=0.00 breakdown={}
[HOOK_RESOLUTION] seg="it's hard to find out where the real bottleneck is" hook="how he builds businesses. Now it's one step within" bonus=0.00 breakdown={}
[HOOK_RESOLUTION] seg='You wanna find it?' hook="how he builds businesses. Now it's one step within" bonus=0.00 breakdown={}
[HOOK_RESOLUTION] seg='Ask yourself this question.' hook="how he builds businesses. Now it's one step within" bonus=0.00 breakdown={}
[HOOK_RESOLUTION] seg='If I tripled the amount of customers you have' hook="how he builds businesses. Now it's one step within" bonus=0.00 breakdown={}
[HOOK_RESOLUTION] seg='this month to next month, what breaks?' hook="how he builds businesses. Now it's one step within" bonus=0.00 breakdown={}
[HOOK_RESOLUTION] seg='Everybody that you know about in business uses' hook="how he builds businesses. Now it's one step within" bonus=0.00 breakdown={}
[HOOK_RESOLUTION] seg='is Jeff Bezos makes this book' hook="how he builds businesses. Now it's one step within" bonus=0.00 breakdown={}
[HOOK_RESOLUTION] seg='required reading for all his executives.' hook="how he builds businesses. Now it's one step within" bonus=0.00 breakdown={}
[HOOK_RESOLUTION] seg="It's how they scaled Amazon Prime" hook="how he builds businesses. Now it's one step within" bonus=0.00 breakdown={}
[HOOK_RESOLUTION] seg='so that they could ship all these products' hook="how he builds businesses. Now it's one step within" bonus=0.00 breakdown={}
[HOOK_RESOLUTION] seg='for a subscription' hook="how he builds businesses. Now it's one step within" bonus=0.00 breakdown={}
[HOOK_RESOLUTION] seg="with they'll have in their whole operations collap" hook="how he builds businesses. Now it's one step within" bonus=0.10 breakdown={'lexical_continuity': 0.1, 'shared_words': ['whole']}
[HOOK_RESOLUTION] seg='With all that being said,' hook="how he builds businesses. Now it's one step within" bonus=0.00 breakdown={}
[HOOK_RESOLUTION] seg="here's how you can find your bottleneck" hook="how he builds businesses. Now it's one step within" bonus=0.00 breakdown={}
[HOOK_RESOLUTION] seg='by using the theory of constraints.' hook="how he builds businesses. Now it's one step within" bonus=0.00 breakdown={}
[HOOK_RESOLUTION] seg='Number one, you gotta map the flow of money in you' hook="how he builds businesses. Now it's one step within" bonus=0.00 breakdown={}
[HOOK_RESOLUTION] seg='Left side ideas, right side cash in your bank acco' hook="how he builds businesses. Now it's one step within" bonus=0.00 breakdown={}
[HOOK_RESOLUTION] seg='Think about that.' hook="how he builds businesses. Now it's one step within" bonus=0.00 breakdown={}
[HOOK_RESOLUTION] seg='And that is everything from an idea to build a pro' hook="how he builds businesses. Now it's one step within" bonus=0.00 breakdown={}
[HOOK_RESOLUTION] seg='to market the product, to talk to customers,' hook="how he builds businesses. Now it's one step within" bonus=0.00 breakdown={}
[HOOK_RESOLUTION] seg='to get them to give you money,' hook="how he builds businesses. Now it's one step within" bonus=0.00 breakdown={}
[HOOK_RESOLUTION] seg='to onboard the customers,' hook="how he builds businesses. Now it's one step within" bonus=0.00 breakdown={}
[HOOK_RESOLUTION] seg="to make sure they're happy, make sure they buy mor" hook="how he builds businesses. Now it's one step within" bonus=0.00 breakdown={}
[HOOK_RESOLUTION] seg='And that means money in your bank account.' hook="how he builds businesses. Now it's one step within" bonus=0.00 breakdown={}
[HOOK_RESOLUTION] seg='So map out all the steps.' hook="how he builds businesses. Now it's one step within" bonus=0.00 breakdown={}
[HOOK_RESOLUTION] seg='Now I know most people watch this' hook="how he builds businesses. Now it's one step within" bonus=0.00 breakdown={}
[HOOK_RESOLUTION] seg='and say, well, I have a marketing problem.' hook="how he builds businesses. Now it's one step within" bonus=0.00 breakdown={}
[HOOK_RESOLUTION] seg='You may and you may not.' hook="how he builds businesses. Now it's one step within" bonus=0.00 breakdown={}
[HOOK_RESOLUTION] seg="You think that's the bottleneck," hook="how he builds businesses. Now it's one step within" bonus=0.00 breakdown={}
[HOOK_RESOLUTION] seg='but you might have a bigger problem.' hook="how he builds businesses. Now it's one step within" bonus=0.00 breakdown={}
[HOOK_RESOLUTION] seg='You might have an offer problem.' hook="how he builds businesses. Now it's one step within" bonus=0.00 breakdown={}
[HOOK_RESOLUTION] seg="And you'll never figure this out" hook="how he builds businesses. Now it's one step within" bonus=0.10 breakdown={'lexical_continuity': 0.1, 'shared_words': ['figure']}
[HOOK_RESOLUTION] seg="if you don't follow that step." hook="how he builds businesses. Now it's one step within" bonus=0.00 breakdown={}
[HOOK_RESOLUTION] seg='Step two, find the steps where things are piling u' hook="how he builds businesses. Now it's one step within" bonus=0.00 breakdown={}
[ORCH-ARC] assembled=8 complete=3 input=8
[ORCH][L10_ARC_ASSEMBLER] input=8 arcs=8 complete=3 origins={'strict': 8} avg_arc_duration=89.939 wall_s=0.644
\n==================================================\n[EXPERIMENT_MODE_RESULTS]\n==================================================
\n[EXPERIMENT_COMPARE] candidate_id=c_0003
OLD_PAYOFF: "That's why you need to have some support in your life...."
NEW_PAYOFF: "That's why you need to have some support in your life...."
OLD_DURATION: 40.0s
NEW_DURATION: 90.0s
OLD_SCORE: 0.156
NEW_SCORE: 0.290\n
\n[EXPERIMENT_COMPARE] candidate_id=c_0002
OLD_PAYOFF: "So the effective executive will teach you how to remove things from your calenda..."
NEW_PAYOFF: "So the effective executive will teach you how to remove things from your calenda..."
OLD_DURATION: 37.6s
NEW_DURATION: 90.0s
OLD_SCORE: 0.167
NEW_SCORE: 0.128\n
\n[EXPERIMENT_COMPARE] candidate_id=c_0004
OLD_PAYOFF: "And most people just don't know what to give that person...."
NEW_PAYOFF: "And most people just don't know what to give that person...."
OLD_DURATION: 40.0s
NEW_DURATION: 90.0s
OLD_SCORE: 0.256
NEW_SCORE: 0.487\n
\n[EXPERIMENT_COMPARE] candidate_id=c_0007
OLD_PAYOFF: "And that's like, that's like you're lying to yourself...."
NEW_PAYOFF: "And that's like, that's like you're lying to yourself...."
OLD_DURATION: 29.8s
NEW_DURATION: 90.0s
OLD_SCORE: 0.230
NEW_SCORE: 0.273\n
\n[EXPERIMENT_COMPARE] candidate_id=c_0006
OLD_PAYOFF: "of your business and that's what you should be focusing on...."
NEW_PAYOFF: "of your business and that's what you should be focusing on...."
OLD_DURATION: 40.0s
NEW_DURATION: 90.0s
OLD_SCORE: 0.236
NEW_SCORE: 0.279\n
\n[EXPERIMENT_COMPARE] candidate_id=c_0008
OLD_PAYOFF: "will feel so familiar because I've been there a thousand times...."
NEW_PAYOFF: "will feel so familiar because I've been there a thousand times...."
OLD_DURATION: 40.0s
NEW_DURATION: 90.0s
OLD_SCORE: 0.175
NEW_SCORE: 0.153\n
\n[EXPERIMENT_COMPARE] candidate_id=c_0005
OLD_PAYOFF: "No, he's like, I've got to make some new space material...."
NEW_PAYOFF: "No, he's like, I've got to make some new space material...."
OLD_DURATION: 40.0s
NEW_DURATION: 90.0s
OLD_SCORE: 0.278
NEW_SCORE: 0.222\n
\n[EXPERIMENT_COMPARE] candidate_id=c_0001
OLD_PAYOFF: "meaning stop it. That's why you have to batch your meetings of similar things or..."
NEW_PAYOFF: "meaning stop it. That's why you have to batch your meetings of similar things or..."
OLD_DURATION: 36.7s
NEW_DURATION: 89.5s
OLD_SCORE: 0.238
NEW_SCORE: 0.233\n

[CLIP 0]
duration: 42.4s
arc_score: 0.278
final_score: 0.226
HOOK_SCORE: 0.460
OPEN_LOOP_SCORE: 0.700
PAYOFF_SCORE: 0.100
SEMANTIC: impact=0.000 meaning=0.000 novelty=0.000 clarity=0.000

HOOK:
Do you think Elon Musk is sitting there just reading books for fun?

BUILD:
No, he's like, I've got to make some new space material. I've got to read all the books on just that topic. Stop reading just in case to entertain yourself.

PAYOFF:
Stop reading just in case to entertain yourself.

FULL MOMENT:
No, he's like, I've got to make some new space material.


[CLIP 1]
duration: 33.0s
arc_score: 0.236
final_score: 0.237
HOOK_SCORE: 0.450
OPEN_LOOP_SCORE: 0.800
PAYOFF_SCORE: 0.000
SEMANTIC: impact=0.000 meaning=0.000 novelty=0.000 clarity=0.000

HOOK:
how he builds businesses.

BUILD:


PAYOFF:
how he builds businesses.

FULL MOMENT:
of your business and that's what you should be focusing on.


[CLIP 2]
duration: 16.0s
arc_score: 0.156
final_score: 0.205
HOOK_SCORE: 0.586
OPEN_LOOP_SCORE: 0.100
PAYOFF_SCORE: 0.000
SEMANTIC: impact=0.000 meaning=0.000 novelty=0.000 clarity=0.000

HOOK:
You've got a target.

BUILD:


PAYOFF:
That's why you need to have some support in your life.

FULL MOMENT:
That's why you need to have some support in your life.


[CLIP 3]
duration: 30.1s
arc_score: 0.256
final_score: 0.281
HOOK_SCORE: 0.586
OPEN_LOOP_SCORE: 0.100
PAYOFF_SCORE: 0.000
SEMANTIC: impact=0.000 meaning=0.000 novelty=0.000 clarity=0.000

HOOK:
You've got a target.

BUILD:


PAYOFF:
and I'll send it right over to you.

FULL MOMENT:
And most people just don't know what to give that person.


[CLIP 4]
duration: 6.5s
arc_score: 0.238
final_score: 0.196
HOOK_SCORE: 0.860
OPEN_LOOP_SCORE: 0.800
PAYOFF_SCORE: 0.100
SEMANTIC: impact=0.000 meaning=0.000 novelty=0.000 clarity=0.000

HOOK:
one thing that you can do today that actually matters? Now I know you're like, I got 14.

BUILD:


PAYOFF:
off your notifications. Don't let people walk by and do what I call gas meetings. God, a second

FULL MOMENT:
meaning stop it. That's why you have to batch your meetings of similar things or take


[CLIP 5]
duration: 44.2s
arc_score: 0.167
final_score: 0.211
HOOK_SCORE: 0.880
OPEN_LOOP_SCORE: 0.800
PAYOFF_SCORE: 0.100
SEMANTIC: impact=0.000 meaning=0.000 novelty=0.000 clarity=0.000

HOOK:
What's the one? But then I can't pick one. There's too many. I got three. I got four.

BUILD:
This is really important. No, there's one. One bottle neck, one thing. Do that first. That's the 5% that'll get you 95% of results.

PAYOFF:
That's the 5% that'll get you 95% of results.

FULL MOMENT:
So the effective executive will teach you how to remove things from your calendar.


[CLIP 6]
duration: 27.7s
arc_score: 0.230
final_score: 0.214
HOOK_SCORE: 0.230
OPEN_LOOP_SCORE: 0.700
PAYOFF_SCORE: 0.100
SEMANTIC: impact=0.000 meaning=0.000 novelty=0.000 clarity=0.000

HOOK:
Can you make a commitment to who you are

BUILD:
without any proof in the world that that is who you are? Some people will not understand this, people will argue with me, well, that makes no sense. And that's like, that's like you're lying to yourself.

PAYOFF:
And that's like, that's like you're lying to yourself.

FULL MOMENT:
And that's like, that's like you're lying to yourself.


[CLIP 7]
duration: 19.5s
arc_score: 0.175
final_score: 0.198
HOOK_SCORE: 0.480
OPEN_LOOP_SCORE: 0.800
PAYOFF_SCORE: 0.100
SEMANTIC: impact=0.000 meaning=0.000 novelty=0.000 clarity=0.000

HOOK:
You can decide to be rich right now.

BUILD:


PAYOFF:
We are, not we will.

FULL MOMENT:
will feel so familiar because I've been there a thousand times.

[ORCH][L12_EDITOR_REFINER] input=8 output=8 rejected_final=0 rejected_reasons={} origins={'strict': 8} avg_duration=27.422 wall_s=0.172
[ORCH] groq_pool built: pool=32 enriched=24 validated=24 ranked=8
[CQS-CACHE] pipeline_end {'hits': 66, 'misses': 1155, 'size': 1155, 'hit_rate': 0.0541}
[ORCH][SUMMARY] wall_s=2.815 final=8 rejected=0 cqs_cache={'hits': 66, 'misses': 1155, 'size': 1155, 'hit_rate': 0.0541}
============================================================
                 HOTSHORT PIPELINE X-RAY
============================================================

[STAGE AUTOPSIES]

⚡ STRICT_PASS
   input=447 | output=12 | time=0.000s
   Rejected:
     semantic<0.35 = 240
     punch<0.25 = 422

⚡ CANDIDATE_GENERATION
   input=459 | output=8 | time=0.003s

⚡ HOOK_HUNTER
   input=8 | output=24 | time=0.717s

⚡ BACKFILL
   input=24 | output=24 | time=0.000s

⚡ GROQ_TRANSCRIPT_FIRST
   input=0 | output=0 | time=0.000s

⚡ VALIDATION
   input=24 | output=24 | time=0.000s

⚡ ARC_ASSEMBLER
   input=8 | output=8 | time=0.644s

⚡ EDITOR_REFINER
   input=8 | output=8 | time=0.172s

⚡ IDEA_GRAPH
   input=459 | output=459 | time=0.000s

⚡ PRE_FILTER
   input=459 | output=447 | time=0.000s
   Rejected:
     low_semantic = 12
     low_punch = 12
     low_curiosity = 12

============================================================
                CLIP LIFECYCLE TRACE
============================================================

📌 c_0001 | 533.9s - 593.2s | Status: final_clip_output
   Text: "meaning stop it. That's why you have to batch your meetings of similar things or take..."
   Scores: score=0.47, curiosity=0.00, punch=0.65, semantic=0.47, arc_score=0.23
   History:
     → Created by candidate_generation at 521.0s-525.2s
     → Finalized as output: passed_validation
     → Modified by arc_assembler (changes: {'start': 503.7, 'end': 540.4, 'scores': {'arc_score': 0.2385}})
     → Modified by arc_assembler (changes: {'start': 503.7, 'end': 593.21, 'scores': {'arc_score': 0.2333}})
     → Modified by editor_refiner (changes: {'start': 533.92})
     → Finalized as output: final_clip_output

📌 c_0002 | 539.2s - 635.8s | Status: final_clip_output
   Text: "So the effective executive will teach you how to remove things from your calendar...."
   Scores: score=0.46, curiosity=0.00, punch=0.65, semantic=0.43, arc_score=0.13
   History:
     → Created by candidate_generation at 554.2s-558.4s
     → Finalized as output: passed_validation
     → Modified by arc_assembler (changes: {'start': 545.78, 'end': 583.41, 'scores': {'arc_score': 0.167}})
     → Modified by arc_assembler (changes: {'start': 545.78, 'end': 635.78, 'scores': {'arc_score': 0.1279}})
     → Modified by editor_refiner (changes: {'start': 539.2})
     → Finalized as output: final_clip_output

📌 c_0003 | 324.5s - 390.5s | Status: final_clip_output
   Text: "That's why you need to have some support in your life...."
   Scores: score=0.45, curiosity=0.00, punch=0.65, semantic=0.41, arc_score=0.29
   History:
     → Created by candidate_generation at 306.1s-308.2s
     → Finalized as output: passed_validation
     → Modified by arc_assembler (changes: {'start': 300.49, 'end': 340.49, 'scores': {'arc_score': 0.1556}})
     → Modified by arc_assembler (changes: {'start': 300.49, 'end': 390.49, 'scores': {'arc_score': 0.2897}})
     → Modified by editor_refiner (changes: {'start': 324.49})
     → Finalized as output: final_clip_output

📌 c_0004 | 324.5s - 404.6s | Status: final_clip_output
   Text: "And most people just don't know what to give that person...."
   Scores: score=0.45, curiosity=0.00, punch=0.65, semantic=0.41, arc_score=0.49
   History:
     → Created by candidate_generation at 309.8s-312.4s
     → Finalized as output: passed_validation
     → Modified by arc_assembler (changes: {'start': 314.59, 'end': 354.59, 'scores': {'arc_score': 0.256}})
     → Modified by arc_assembler (changes: {'start': 314.59, 'end': 404.59, 'scores': {'arc_score': 0.4868}})
     → Modified by editor_refiner (changes: {'start': 324.49})
     → Finalized as output: final_clip_output

📌 c_0005 | 30.1s - 122.5s | Status: final_clip_output
   Text: "No, he's like, I've got to make some new space material...."
   Scores: score=0.41, curiosity=0.00, punch=0.65, semantic=0.38, arc_score=0.22
   History:
     → Created by candidate_generation at 34.0s-37.0s
     → Finalized as output: passed_validation
     → Modified by arc_assembler (changes: {'start': 32.55, 'end': 72.55, 'scores': {'arc_score': 0.2776}})
     → Modified by arc_assembler (changes: {'start': 32.55, 'end': 122.55, 'scores': {'arc_score': 0.2222}})
     → Modified by editor_refiner (changes: {'start': 30.15})
     → Finalized as output: final_clip_output

📌 c_0006 | 171.2s - 254.3s | Status: final_clip_output
   Text: "of your business and that's what you should be focusing on...."
   Scores: score=0.41, curiosity=0.00, punch=0.65, semantic=0.37, arc_score=0.28
   History:
     → Created by candidate_generation at 156.3s-158.8s
     → Finalized as output: passed_validation
     → Modified by arc_assembler (changes: {'start': 164.27, 'end': 204.27, 'scores': {'arc_score': 0.2362}})
     → Modified by arc_assembler (changes: {'start': 164.27, 'end': 254.27, 'scores': {'arc_score': 0.279}})
     → Modified by editor_refiner (changes: {'start': 171.25})
     → Finalized as output: final_clip_output

📌 c_0007 | 699.3s - 787.2s | Status: final_clip_output
   Text: "And that's like, that's like you're lying to yourself...."
   Scores: score=0.41, curiosity=0.00, punch=0.65, semantic=0.37, arc_score=0.27
   History:
     → Created by candidate_generation at 710.9s-714.8s
     → Finalized as output: passed_validation
     → Modified by arc_assembler (changes: {'start': 697.19, 'end': 727.0, 'scores': {'arc_score': 0.2297}})
     → Modified by arc_assembler (changes: {'start': 697.19, 'end': 787.19, 'scores': {'arc_score': 0.2728}})
     → Modified by editor_refiner (changes: {'start': 699.33})
     → Finalized as output: final_clip_output

📌 c_0008 | 821.6s - 891.1s | Status: final_clip_output
   Text: "will feel so familiar because I've been there a thousand times...."
   Scores: score=0.41, curiosity=0.00, punch=0.65, semantic=0.37, arc_score=0.15
   History:
     → Created by candidate_generation at 799.4s-802.6s
     → Finalized as output: passed_validation
     → Modified by arc_assembler (changes: {'start': 801.14, 'end': 841.14, 'scores': {'arc_score': 0.1749}})
     → Modified by arc_assembler (changes: {'start': 801.14, 'end': 891.14, 'scores': {'arc_score': 0.1532}})
     → Modified by editor_refiner (changes: {'start': 821.64})
     → Finalized as output: final_clip_output

📌 c_0009 | 662.2s - 663.7s | Status: passed_validation
   Text: "where you had to wear a bunch of spandex...."
   Scores: score=0.64, curiosity=0.00, punch=0.00, semantic=0.00
   History:
     → Created by hook_hunter at 662.2s-663.7s
     → Finalized as output: passed_validation

📌 c_0010 | 176.0s - 178.3s | Status: passed_validation
   Text: "but the whole philosophy is that we have to figure..."
   Scores: score=0.61, curiosity=0.00, punch=0.00, semantic=0.00
   History:
     → Created by hook_hunter at 176.0s-178.3s
     → Finalized as output: passed_validation

📌 c_0011 | 172.4s - 174.0s | Status: passed_validation
   Text: "how he builds businesses...."
   Scores: score=0.59, curiosity=0.00, punch=0.00, semantic=0.00
   History:
     → Created by hook_hunter at 172.4s-174.0s
     → Finalized as output: passed_validation

📌 c_0012 | 822.8s - 824.2s | Status: passed_validation
   Text: "You can decide to be rich right now...."
   Scores: score=0.58, curiosity=0.00, punch=0.00, semantic=0.00
   History:
     → Created by hook_hunter at 822.8s-824.2s
     → Finalized as output: passed_validation

📌 c_0013 | 449.7s - 452.5s | Status: passed_validation
   Text: "Most people think, no, I worked on this all week, I worked on this all week...."
   Scores: score=0.58, curiosity=0.00, punch=0.00, semantic=0.00
   History:
     → Created by hook_hunter at 449.7s-452.5s
     → Finalized as output: passed_validation

📌 c_0014 | 938.5s - 940.5s | Status: passed_validation
   Text: "why things aren't going their way...."
   Scores: score=0.55, curiosity=0.00, punch=0.00, semantic=0.00
   History:
     → Created by hook_hunter at 938.5s-940.5s
     → Finalized as output: passed_validation

📌 c_0015 | 899.8s - 900.9s | Status: passed_validation
   Text: "I got an idea...."
   Scores: score=0.54, curiosity=0.00, punch=0.00, semantic=0.00
   History:
     → Created by hook_hunter at 899.8s-900.9s
     → Finalized as output: passed_validation

📌 c_0016 | 414.5s - 415.7s | Status: passed_validation
   Text: "the team knows about it...."
   Scores: score=0.53, curiosity=0.00, punch=0.00, semantic=0.00
   History:
     → Created by hook_hunter at 414.5s-415.7s
     → Finalized as output: passed_validation

📌 c_0017 | 897.4s - 898.6s | Status: passed_validation
   Text: "with a little bit more confidence...."
   Scores: score=0.52, curiosity=0.00, punch=0.00, semantic=0.00
   History:
     → Created by hook_hunter at 897.4s-898.6s
     → Finalized as output: passed_validation

📌 c_0018 | 197.3s - 199.8s | Status: passed_validation
   Text: "this month to next month, what breaks?..."
   Scores: score=0.51, curiosity=0.00, punch=0.00, semantic=0.00
   History:
     → Created by hook_hunter at 197.3s-199.8s
     → Finalized as output: passed_validation

📌 c_0019 | 887.5s - 890.6s | Status: passed_validation
   Text: "imagine being there and how would you live in that energy?..."
   Scores: score=0.50, curiosity=0.00, punch=0.00, semantic=0.00
   History:
     → Created by hook_hunter at 887.5s-890.6s
     → Finalized as output: passed_validation

📌 c_0020 | 551.2s - 554.2s | Status: passed_validation
   Text: "That's the 5% that'll get you 95% of results...."
   Scores: score=0.50, curiosity=0.00, punch=0.00, semantic=0.00
   History:
     → Created by hook_hunter at 551.2s-554.2s
     → Finalized as output: passed_validation

📌 c_0021 | 754.3s - 756.1s | Status: passed_validation
   Text: "Everything is a byproduct of how we feel...."
   Scores: score=0.50, curiosity=0.00, punch=0.00, semantic=0.00
   History:
     → Created by hook_hunter at 754.3s-756.1s
     → Finalized as output: passed_validation

📌 c_0022 | 1039.7s - 1042.5s | Status: passed_validation
   Text: "when you perform and how you do it...."
   Scores: score=0.50, curiosity=0.00, punch=0.00, semantic=0.00
   History:
     → Created by hook_hunter at 1039.7s-1042.5s
     → Finalized as output: passed_validation

📌 c_0023 | 303.8s - 306.1s | Status: passed_validation
   Text: "Dan, my to do list is overflowing...."
   Scores: score=0.50, curiosity=0.00, punch=0.00, semantic=0.00
   History:
     → Created by hook_hunter at 303.8s-306.1s
     → Finalized as output: passed_validation

📌 c_0024 | 322.8s - 325.7s | Status: passed_validation
   Text: "All right, so once you find your bottleneck, awesome...."
   Scores: score=0.49, curiosity=0.00, punch=0.00, semantic=0.00
   History:
     → Created by hook_hunter at 322.8s-325.7s
     → Finalized as output: passed_validation

============================================================
[ORCH] staged returned 8 candidates (groq_pool=32, has_tf_moments=False).
[ORCH] Orchestration complete (t=2.82s)
[GROQ_POOL_FIX] experiment_mode=1 → using final_candidates (arc-assembled) for Surgeon input

[GROQ_POOL_TEST]
pool_before=8
pool_after=8
lowest_score_sent=0.1979
highest_score_rejected=0.0

[GROQ_CORTEX] groq_input_candidates_count=8 (ranked_output=8, enriched_pool=32)
[SURGEON_ENTER]
candidates=8
[SURGEON_BATCH]
batch=1
count=4

[FORENSIC_PAYLOAD_DIAGNOSTIC]
candidate_id=c_cand_0
hook_text=You see rich people read the book that's going to solve the
build_text=problem that's right in front of their face. Do you think Elon Musk is sitting there just reading books for fun? No, he's like, I've got to make some new space material. I've got to read all the books on just that topic. Stop reading just in case to entertain yourself. Start reading just in time to educate yourself. I study books. I don't read them. I study a book. I get an idea. I apply it in real time. See, studying means learn, do, teach. If you really want to study a book, follow that process. One thing that I learn and I apply is worth 10 times more than 10 books that I've read and finished and forget. So now that we know how to identify a book and even assess if it's worth
payoff_text=reading, let's get into book number one. The goal by Iliahu Goldrap.
full_clip_text_length=816
full_clip_text=You see rich people read the book that's going to solve the problem that's right in front of their face. Do you think Elon Musk is sitting there just reading books for fun? No, he's like, I've got to make some new space material. I've got to read all the books on just that topic. Stop reading just in case to entertain yourself. Start reading just in time to educate yourself. I study books. I don't read them. I study a book. I get an idea. I apply it in real time. See, studying means learn, do, teach. If you really want to study a book, follow that process. One thing that I learn and I apply is worth 10 times more than 10 books that I've read and finished and forget. So now that we know how to identify a book and even assess if it's worth reading, let's get into book number one. The goal by Iliahu Goldrap.
window_text_length=1784
window_text=[2] But these four are by far the ones that made me the most money.
[3] Now before we get into the first book, we need a way to know whether a book is worth reading or if
[4] it's just a waste of your fucking time. I call it just in time versus just in case reading.
[5] I never read a book unless I know it's a problem I'm having today.
[6] You see rich people read the book that's going to solve the problem that's right in front of their face.
[7] Do you think Elon Musk is sitting there just reading books for fun?
[8] No, he's like, I've got to make some new space material.
[9] I've got to read all the books on just that topic.
[10] Stop reading just in case to entertain yourself.
[11] Start reading just in time to educate yourself.
[12] I study books. I don't read them. I study a book. I get an idea. I apply it in real time.
[13] See, studying means learn, do, teach.
[14] If you really want to study a book, follow that process.
[15] One thing that I learn and I apply is worth 10 times more than 10 books that I've read
[16] and finished and forget. So now that we know how to identify a book and even assess
[17] if it's worth reading, let's get into book number one. The goal by Iliahu Goldrap.
[18] This is for the founder who has tried everything in their business to grow and still can't figure out
[19] why their business won't move forward. The theory of constraint is one of the most powerful frameworks
[20] to understand where the bottleneck is in the business.
[21] If you think of any process from left to right,
[22] you have things that are being done at each step.
[23] And if for whatever reason, within that process,
[24] there's a bottleneck, there's something
[25] that's compressing the throughput,
[26] then the business can't grow to its potential.

[PAYLOAD_FIX_VERIFY] payload_text_length=816 full_clip_text_length=816

[FORENSIC_PAYLOAD_DIAGNOSTIC]
candidate_id=c_cand_1
hook_text=he literally codified that into how he solves problems, how he builds
build_text=businesses. Now it's one step within there, but the whole philosophy is that we have to figure how to find where the limit is. The way you do that is you increase the amount of volume through the system to figure where the bottleneck is. And then it'll make it obvious. Sometimes because a business is so small and things move so slow, it's hard to find out where the real bottleneck is. You wanna find it? Ask yourself this question. If I tripled the amount of customers you have this month to next month, what breaks? Everybody that
payoff_text=you know about in business uses is Jeff Bezos makes this book
full_clip_text_length=666
full_clip_text=he literally codified that into how he solves problems, how he builds businesses. Now it's one step within there, but the whole philosophy is that we have to figure how to find where the limit is. The way you do that is you increase the amount of volume through the system to figure where the bottleneck is. And then it'll make it obvious. Sometimes because a business is so small and things move so slow, it's hard to find out where the real bottleneck is. You wanna find it? Ask yourself this question. If I tripled the amount of customers you have this month to next month, what breaks? Everybody that you know about in business uses is Jeff Bezos makes this book
window_text_length=1340
window_text=[51] Focus stands for follow one course until successful.
[52] What's the course?
[53] Theave constraints tells you how to find it.
[54] If you haven't heard of the algorithm by Elon Musk,
[55] he literally codified that into how he solves problems,
[56] how he builds businesses.
[57] Now it's one step within there,
[58] but the whole philosophy is that we have to figure
[59] how to find where the limit is.
[60] The way you do that is you increase the amount of volume
[61] through the system to figure where the bottleneck is.
[62] And then it'll make it obvious.
[63] Sometimes because a business is so small
[64] and things move so slow,
[65] it's hard to find out where the real bottleneck is.
[66] You wanna find it?
[67] Ask yourself this question.
[68] If I tripled the amount of customers you have
[69] this month to next month, what breaks?
[70] Everybody that you know about in business uses
[71] is Jeff Bezos makes this book
[72] required reading for all his executives.
[73] It's how they scaled Amazon Prime
[74] so that they could ship all these products
[75] for a subscription
[76] with they'll have in their whole operations collapse.
[77] With all that being said,
[78] here's how you can find your bottleneck
[79] by using the theory of constraints.
[80] Number one, you gotta map the flow of money in your business.

[PAYLOAD_FIX_VERIFY] payload_text_length=666 full_clip_text_length=666

[FORENSIC_PAYLOAD_DIAGNOSTIC]
candidate_id=c_cand_2
hook_text=All right, so once you find your bottleneck, awesome. You've got a
build_text=target. But most people start adding new things to try to fix the next bottleneck instead of removing the things which brings me to the second book, The Effective Executive by Peter Drucker. This book is one of my favorites. Yes, we're entrepreneurs, but honestly, all executives, anybody that wants to be a high performer, anybody is just trying to be more in their life. It is so good. It helps people that are ambitious, deal with the world, the
payoff_text=noise, the pressure, the distractions. As Drucker says often, effectiveness isn't talent,
full_clip_text_length=605
full_clip_text=All right, so once you find your bottleneck, awesome. You've got a target. But most people start adding new things to try to fix the next bottleneck instead of removing the things which brings me to the second book, The Effective Executive by Peter Drucker. This book is one of my favorites. Yes, we're entrepreneurs, but honestly, all executives, anybody that wants to be a high performer, anybody is just trying to be more in their life. It is so good. It helps people that are ambitious, deal with the world, the noise, the pressure, the distractions. As Drucker says often, effectiveness isn't talent,
window_text_length=1317
window_text=[128] on how I manage my executive assistant,
[129] And why I wrote my whole book, Bye Back Your Time.
[130] Just find me on Instagram and DM me the word YouTube EA
[131] and I'll send it right over to you.
[132] All right, so once you find your bottleneck, awesome.
[133] You've got a target.
[134] But most people start adding new things
[135] to try to fix the next bottleneck
[136] instead of removing the things which brings me to
[137] the second book, The Effective Executive by Peter Drucker.
[138] This book is one of my favorites.
[139] Yes, we're entrepreneurs, but honestly,
[140] all executives, anybody that wants to be a high performer,
[141] anybody is just trying to be more in their life.
[142] It is so good.
[143] It helps people that are ambitious, deal with the world,
[144] the noise, the pressure, the distractions.
[145] As Drucker says often, effectiveness isn't talent,
[146] it's a habit.
[147] His core habit that he argues about non-stop in this book
[148] is you gotta concentrate on a few things
[149] that produce outstanding results also known as leverage.
[150] And that means killing everything
[151] that doesn't support moving forward,
[152] and that's what Drucker calls a band-in-men.
[153] So you can't add focus, you can't add more stuff,
[154] you will just get overwhelmed.

[PAYLOAD_FIX_VERIFY] payload_text_length=605 full_clip_text_length=605

[FORENSIC_PAYLOAD_DIAGNOSTIC]
candidate_id=c_cand_3
hook_text=All right, so once you find your bottleneck, awesome. You've got a
build_text=target. But most people start adding new things to try to fix the next bottleneck instead of removing the things which brings me to the second book, The Effective Executive by Peter Drucker. This book is one of my favorites. Yes, we're entrepreneurs,
payoff_text=but honestly, all executives, anybody that wants to be a high performer,
full_clip_text_length=390
full_clip_text=All right, so once you find your bottleneck, awesome. You've got a target. But most people start adding new things to try to fix the next bottleneck instead of removing the things which brings me to the second book, The Effective Executive by Peter Drucker. This book is one of my favorites. Yes, we're entrepreneurs, but honestly, all executives, anybody that wants to be a high performer,
window_text_length=1090
window_text=[128] on how I manage my executive assistant,
[129] And why I wrote my whole book, Bye Back Your Time.
[130] Just find me on Instagram and DM me the word YouTube EA
[131] and I'll send it right over to you.
[132] All right, so once you find your bottleneck, awesome.
[133] You've got a target.
[134] But most people start adding new things
[135] to try to fix the next bottleneck
[136] instead of removing the things which brings me to
[137] the second book, The Effective Executive by Peter Drucker.
[138] This book is one of my favorites.
[139] Yes, we're entrepreneurs, but honestly,
[140] all executives, anybody that wants to be a high performer,
[141] anybody is just trying to be more in their life.
[142] It is so good.
[143] It helps people that are ambitious, deal with the world,
[144] the noise, the pressure, the distractions.
[145] As Drucker says often, effectiveness isn't talent,
[146] it's a habit.
[147] His core habit that he argues about non-stop in this book
[148] is you gotta concentrate on a few things
[149] that produce outstanding results also known as leverage.

[PAYLOAD_FIX_VERIFY] payload_text_length=390 full_clip_text_length=390

[SURGEON_FORENSIC_CANDIDATE]
candidate_id=c_cand_0
duration=42.4
hook_text=You see rich people read the book that's going to solve the
payoff_text=reading, let's get into book number one. The goal by Iliahu Goldrap.
arc_score=0.0
final_score=0.2264
context_tokens=344
candidate_tokens=11
prompt_tokens=847
core_idea_source=CLIP_ONLY
decision=EXTEND_RIGHT
rejection_type=NONE

[SURGEON_FORENSIC_CANDIDATE]
candidate_id=c_cand_1
duration=33.02
hook_text=he literally codified that into how he solves problems, how he builds
payoff_text=you know about in business uses is Jeff Bezos makes this book
arc_score=0.0
final_score=0.2374
context_tokens=243
candidate_tokens=11
prompt_tokens=847
core_idea_source=CLIP_ONLY
decision=EXTEND_RIGHT
rejection_type=NONE

[SURGEON_FORENSIC_CANDIDATE]
candidate_id=c_cand_2
duration=30.1
hook_text=All right, so once you find your bottleneck, awesome. You've got a
payoff_text=noise, the pressure, the distractions. As Drucker says often, effectiveness isn't talent,
arc_score=0.0
final_score=0.2815
context_tokens=231
candidate_tokens=11
prompt_tokens=847
core_idea_source=WINDOW_DEPENDENT
decision=REJECT
rejection_reason=the payoff idea is about effectiveness and habits, not the bottleneck
rejection_type=TOPIC_DRIFT

[SURGEON_FORENSIC_CANDIDATE]
candidate_id=c_cand_3
duration=16.0
hook_text=All right, so once you find your bottleneck, awesome. You've got a
payoff_text=but honestly, all executives, anybody that wants to be a high performer,
arc_score=0.0
final_score=0.2049
context_tokens=194
candidate_tokens=11
prompt_tokens=847
core_idea_source=WINDOW_DEPENDENT
decision=REJECT
rejection_reason=the payoff idea is about leverage and results, not the bottleneck
rejection_type=TOPIC_DRIFT
[SURGEON_BATCH]
batch=2
count=4

[FORENSIC_PAYLOAD_DIAGNOSTIC]
candidate_id=c_cand_4
hook_text=And the last one is asking yourself a powerful question. What's the
build_text=one thing and only the one thing that you can do
payoff_text=today that actually matters? Now I know you're like, I got 14.
full_clip_text_length=179
full_clip_text=And the last one is asking yourself a powerful question. What's the one thing and only the one thing that you can do today that actually matters? Now I know you're like, I got 14.
window_text_length=970
window_text=[200] honor that calendar. If it's there, it's for a reason. Do the work. Don't get distracted. Turn
[201] off your notifications. Don't let people walk by and do what I call gas meetings. God, a second
[202] meaning stop it. That's why you have to batch your meetings of similar things or take
[203] like small tasks and put them into a block and really just execute against them.
[204] And the last one is asking yourself a powerful question. What's the one thing and only the
[205] one thing that you can do today that actually matters? Now I know you're like, I got 14.
[206] What's the one? But then I can't pick one. There's too many. I got three. I got four.
[207] This is really important.
[208] No, there's one.
[209] One bottle neck, one thing.
[210] Do that first.
[211] That's the 5% that'll get you 95% of results.
[212] So the effective executive will teach you how to remove things from your calendar.
[213] That's awesome.
[214] Now you've got more time.

[PAYLOAD_FIX_VERIFY] payload_text_length=179 full_clip_text_length=179

[FORENSIC_PAYLOAD_DIAGNOSTIC]
candidate_id=c_cand_5
hook_text=one thing that you can do today that actually matters? Now I
build_text=know you're like, I got 14. What's the one? But then I can't pick one. There's too many. I got three. I got four. This is really important. No, there's one. One bottle neck, one thing. Do that first. That's the 5% that'll get you 95% of results. So the effective executive will teach you how to remove things from your calendar. That's awesome. Now you've got more time. The next book will tackle all the limiting beliefs that's holding you back from starting the things you know you gotta do. Book number three. Feeling is the secret by Neville Goddard. Anybody in the mental mindset belief space knows this is the Bible, at least Neville. Neville is the OG. You're written dozens of books. I've
payoff_text=read them all. This for me is the one you gotta read.
full_clip_text_length=811
full_clip_text=one thing that you can do today that actually matters? Now I know you're like, I got 14. What's the one? But then I can't pick one. There's too many. I got three. I got four. This is really important. No, there's one. One bottle neck, one thing. Do that first. That's the 5% that'll get you 95% of results. So the effective executive will teach you how to remove things from your calendar. That's awesome. Now you've got more time. The next book will tackle all the limiting beliefs that's holding you back from starting the things you know you gotta do. Book number three. Feeling is the secret by Neville Goddard. Anybody in the mental mindset belief space knows this is the Bible, at least Neville. Neville is the OG. You're written dozens of books. I've read them all. This for me is the one you gotta read.
window_text_length=2085
window_text=[201] off your notifications. Don't let people walk by and do what I call gas meetings. God, a second
[202] meaning stop it. That's why you have to batch your meetings of similar things or take
[203] like small tasks and put them into a block and really just execute against them.
[204] And the last one is asking yourself a powerful question. What's the one thing and only the
[205] one thing that you can do today that actually matters? Now I know you're like, I got 14.
[206] What's the one? But then I can't pick one. There's too many. I got three. I got four.
[207] This is really important.
[208] No, there's one.
[209] One bottle neck, one thing.
[210] Do that first.
[211] That's the 5% that'll get you 95% of results.
[212] So the effective executive will teach you how to remove things from your calendar.
[213] That's awesome.
[214] Now you've got more time.
[215] The next book will tackle all the limiting beliefs that's holding you back from starting
[216] the things you know you gotta do.
[217] Book number three.
[218] Feeling is the secret by Neville Goddard.
[219] Anybody in the mental mindset belief space knows this is the Bible, at least Neville.
[220] Neville is the OG.
[221] You're written dozens of books.
[222] I've read them all.
[223] This for me is the one you gotta read.
[224] His whole argument is that your income, your bank account, is a ceiling and it's tied
[225] to your identity.
[226] And if you want to win, if you want to live up, you want your bank account to fill out.
[227] Then you have to live in the feeling of what you want to show up in your life.
[228] Most people say all the things they don't want.
[229] They don't realize this they're like well, I don't have any money and oh my gosh
[230] I can't pay for this and this is costing too much and they don't even hear themselves if you can teach yourself how to
[231] Rewire your identity you will literally watch your whole life change around you
[232] It's wild to watch I've helped so many people do this and it all comes from never you have to act like the person you want to be

[PAYLOAD_FIX_VERIFY] payload_text_length=811 full_clip_text_length=811

[FORENSIC_PAYLOAD_DIAGNOSTIC]
candidate_id=c_cand_6
hook_text=that I am an iron man. Can you make a commitment to
build_text=who you are without any proof in the world that that is who you are? Some people will not understand this, people will argue with me, well, that makes no sense. And that's like, that's like you're lying to yourself. People lie to themselves all day, all day. Notice that I didn't say I will be an Iron Man. I wrote down I am an Iron Man. That
payoff_text=I am statement is a powerful freaking tool. Because I know this.
full_clip_text_length=459
full_clip_text=that I am an iron man. Can you make a commitment to who you are without any proof in the world that that is who you are? Some people will not understand this, people will argue with me, well, that makes no sense. And that's like, that's like you're lying to yourself. People lie to themselves all day, all day. Notice that I didn't say I will be an Iron Man. I wrote down I am an Iron Man. That I am statement is a powerful freaking tool. Because I know this.
window_text_length=1334
window_text=[261] to then an Olympic disin sprint, to an Olympic disin strafflon.
[262] And next thing you know, I'm doing a half-iron man,
[263] to a full-iron man, now I've done seven-iron man.
[264] And it all started with the belief, the identity,
[265] that I am an iron man.
[266] Can you make a commitment to who you are
[267] without any proof in the world that that is who you are?
[268] Some people will not understand this,
[269] people will argue with me, well, that makes no sense.
[270] And that's like, that's like you're lying to yourself.
[271] People lie to themselves all day, all day.
[272] Notice that I didn't say I will be an Iron Man.
[273] I wrote down I am an Iron Man.
[274] That I am statement is a powerful freaking tool.
[275] Because I know this.
[276] What you tell yourself in your mind, not out loud,
[277] will be what you live out in the real world.
[278] If you think you're valuable, valuable things come to you.
[279] If you think you're resourceful, you will be resourceful.
[280] If you think you deserve it, you will ask for it.
[281] Most people have no idea that the world isn't as it is, the world is as you are.
[282] In his book, Godter calls this living in the end and there are six parts to it.
[283] Number one, we have to assume the feeling first.
[284] Everything is a byproduct of how we feel.

[PAYLOAD_FIX_VERIFY] payload_text_length=459 full_clip_text_length=459

[FORENSIC_PAYLOAD_DIAGNOSTIC]
candidate_id=c_cand_7
hook_text=Not I'm trying to be rich is I am rich. I am
build_text=rich. You can decide to be rich right now. But I don't have any money in my bank account. That's okay. Rich is a feeling first. See how that works? Number four, your self concept is the real lever. The outside world that you think is so important and other people's opinion of you and how you're living your
payoff_text=life, those things are just a reflection of what you believe inside.
full_clip_text_length=421
full_clip_text=Not I'm trying to be rich is I am rich. I am rich. You can decide to be rich right now. But I don't have any money in my bank account. That's okay. Rich is a feeling first. See how that works? Number four, your self concept is the real lever. The outside world that you think is so important and other people's opinion of you and how you're living your life, those things are just a reflection of what you believe inside.
window_text_length=1033
window_text=[309] It'd be nice.
[310] No, this is what I'm doing.
[311] Settle, but it's a game changer.
[312] Not I want to be rich.
[313] Not I'm trying to be rich is I am rich.
[314] I am rich.
[315] You can decide to be rich right now.
[316] But I don't have any money in my bank account.
[317] That's okay.
[318] Rich is a feeling first.
[319] See how that works?
[320] Number four, your self concept is the real lever.
[321] The outside world that you think is so important
[322] and other people's opinion of you
[323] and how you're living your life,
[324] those things are just a reflection
[325] of what you believe inside.
[326] So if you wanna have the most power,
[327] the highest form of leverage,
[328] change that inner image first
[329] and the outside world will follow.
[330] Number five, the gap between assuming the identity
[331] and seeing the results is where most people quit.
[332] Most people try and try and try and after three weeks,
[333] they give up.
[334] And then there's the people that just seem to magically

[PAYLOAD_FIX_VERIFY] payload_text_length=421 full_clip_text_length=421
[GROQ_SURGEON] 429 Too Many Requests (batch 2, attempt 1/3). Sleeping 2.0s...
[GROQ_SURGEON] 429 Too Many Requests (batch 2, attempt 2/3). Sleeping 4.0s...

[SURGEON_FORENSIC_CANDIDATE]
candidate_id=c_cand_4
duration=6.48
hook_text=And the last one is asking yourself a powerful question. What's the
payoff_text=today that actually matters? Now I know you're like, I got 14.
arc_score=0.0
final_score=0.1958
context_tokens=179
candidate_tokens=16
prompt_tokens=829
core_idea_source=CLIP_ONLY
decision=KEEP
rejection_reason=none
rejection_type=NONE

[SURGEON_FORENSIC_CANDIDATE]
candidate_id=c_cand_5
duration=44.21
hook_text=one thing that you can do today that actually matters? Now I
payoff_text=read them all. This for me is the one you gotta read.
arc_score=0.0
final_score=0.2114
context_tokens=395
candidate_tokens=14
prompt_tokens=829
core_idea_source=WINDOW_DEPENDENT
decision=REJECT
rejection_reason=topic drift between focusing on one thing and limiting beliefs
rejection_type=TOPIC_DRIFT

[SURGEON_FORENSIC_CANDIDATE]
candidate_id=c_cand_6
duration=27.67
hook_text=that I am an iron man. Can you make a commitment to
payoff_text=I am statement is a powerful freaking tool. Because I know this.
arc_score=0.0
final_score=0.2135
context_tokens=257
candidate_tokens=9
prompt_tokens=829
core_idea_source=CLIP_ONLY
decision=KEEP
rejection_reason=none
rejection_type=NONE

[SURGEON_FORENSIC_CANDIDATE]
candidate_id=c_cand_7
duration=19.5
hook_text=Not I'm trying to be rich is I am rich. I am
payoff_text=life, those things are just a reflection of what you believe inside.
arc_score=0.0
final_score=0.1979
context_tokens=195
candidate_tokens=11
prompt_tokens=829
core_idea_source=CLIP_ONLY
decision=KEEP
rejection_reason=none
rejection_type=NONE

[GROQ_AUDIT]
candidates_sent=8
batches=2
input_tokens=6707
output_tokens=1891
tokens_per_candidate=1075
cost_estimate=$0.00545
avg_decision_latency=3487ms
decision_distribution={"KEEP": 3, "MOVE_HOOK": 0, "COMPLETE_IDEA": 0, "REJECT": 3, "EXTEND_RIGHT": 2}


[SURGEON_RESPONSE]
keep=3
move_hook=0
extend_right=2
reject=3
  topic_drift=3

[EXTEND_RIGHT_AUDIT]
total=2
valid_quote=0
invalid_quote=2
accuracy=0%

[GROQ_SURGEON] Phase 2: MOVE_HOOK execution active.
[SURGEON_EXTEND_RIGHT_EVAL] cid=c_cand_0 r_s=9.0 required=8 payoff_idx=26 valid_bounds=True

[EXTEND_RIGHT_PREVIEW]
candidate_id=c_cand_0
HOOK_TEXT=You see rich people read the book that's going to solve the problem that's right in front of their face.
CURRENT_END_TEXT=if it's worth reading, let's get into book number one. The goal by Iliahu Goldrap.
PROPOSED_PAYOFF_TEXT=then the business can't grow to its potential.
PROPOSED_PAYOFF_QUOTE=The bottleneck in a business is the constraint that prevents it from growing to its potential.
hook_idea=Rich people read books that solve problems in front of them.
core_idea_source=CLIP_ONLY
development_summary=Explains the difference between just-in-case and just-in-time reading, and how Elon Musk uses this approach to solve problems.
development_score=8.0
payoff_idea=The bottleneck in a business is the constraint that prevents it from growing to its potential.
same_idea=True
idea_keywords=['bottleneck', 'business', 'growth', 'potential']
continuity_score=8.0
continuity_reason=all segments discuss the bottleneck and growth of a business
resolution_strength=9.0

[EXTEND_RIGHT_APPLIED] cid=c_cand_0 old_end=72.55 new_end=101.61

[SURGEON_EXTEND_RIGHT_EVAL] cid=c_cand_1 r_s=9.0 required=8 payoff_idx=80 valid_bounds=True

[EXTEND_RIGHT_PREVIEW]
candidate_id=c_cand_1
HOOK_TEXT=he literally codified that into how he solves problems,
CURRENT_END_TEXT=is Jeff Bezos makes this book
PROPOSED_PAYOFF_TEXT=Number one, you gotta map the flow of money in your business.
PROPOSED_PAYOFF_QUOTE=To find the bottleneck in a business, map the flow of money.
hook_idea=Elon Musk codified the algorithm of finding the bottleneck in his business.
core_idea_source=CLIP_ONLY
development_summary=Explains how to find the bottleneck in a business by increasing volume and identifying the constraint.
development_score=8.0
payoff_idea=To find the bottleneck in a business, map the flow of money.
same_idea=True
idea_keywords=['bottleneck', 'business', 'constraint', 'money']
continuity_score=8.0
continuity_reason=all segments discuss the bottleneck and growth of a business
resolution_strength=9.0

[EXTEND_RIGHT_APPLIED] cid=c_cand_1 old_end=204.27 new_end=222.01


[FINAL_CLIP_SOURCE_REPORT]
candidate_generation=8
groq_transcript_first=0

[GROQ_USAGE_REPORT]
narrative_enabled=0
transcript_first_enabled=0
cortex_enabled=0

[PIPELINE_REPORT]
raw_candidates=32
final_candidates=8
runtime_seconds=17.31


[PIPELINE_ACCOUNTING]
Hooks Created = 32
Hooks Suppressed = 8
Candidates Created = 24
Arc Assembler Inputs = 24
Surgeon Inputs = 24
Final Clips = 8

CLIP 1: source=candidate_generation hook_score=0.46 payoff_score=0.1 duration=42.4 final_score=0.2264
  [HOOK_SELECTION_TRACE]
    selected_hook_score=0.52
    why_selected=strongest pattern_break in window (0.520)
    selected_hook_text='Stop reading just in case to entertain yourself.'

CLIP 2: source=candidate_generation hook_score=0.45 payoff_score=0.0 duration=33.02 final_score=0.2374
  [HOOK_SELECTION_TRACE]
    selected_hook_score=0.67
    why_selected=strongest pattern_break in window (0.670)
    selected_hook_text='how he builds businesses.'

CLIP 3: source=candidate_generation hook_score=0.586 payoff_score=0.0 duration=30.1 final_score=0.2815
  [HOOK_SELECTION_TRACE]
    selected_hook_score=0.8
    why_selected=strongest pattern_break in window (0.800)
    selected_hook_text='and I'll send it right over to you.'

CLIP 4: source=candidate_generation hook_score=0.586 payoff_score=0.0 duration=16.0 final_score=0.2049
  [HOOK_SELECTION_TRACE]
    selected_hook_score=0.58
    why_selected=strongest hook_score in window (0.580)
    selected_hook_text='That's why you need to have some support in your life.'

CLIP 5: source=candidate_generation hook_score=0.86 payoff_score=0.1 duration=6.48 final_score=0.1958
  [HOOK_SELECTION_TRACE]
    selected_hook_score=0.77
    why_selected=strongest pattern_break in window (0.770)
    selected_hook_text='off your notifications. Don't let people walk by and do what I call gas meetings. God, a second'

CLIP 6: source=candidate_generation hook_score=0.88 payoff_score=0.1 duration=44.21 final_score=0.2114
  [HOOK_SELECTION_TRACE]
    selected_hook_score=0.63
    why_selected=strongest hook_score in window (0.630)
    selected_hook_text='That's the 5% that'll get you 95% of results.'

CLIP 7: source=candidate_generation hook_score=0.23 payoff_score=0.1 duration=27.67 final_score=0.2135
  [HOOK_SELECTION_TRACE]
    selected_hook_score=0.46
    why_selected=strongest hook_score in window (0.460)
    selected_hook_text='without any proof in the world that that is who you are?'

CLIP 8: source=candidate_generation hook_score=0.48 payoff_score=0.1 duration=19.5 final_score=0.1979
  [HOOK_SELECTION_TRACE]
    selected_hook_score=0.52
    why_selected=strongest pattern_break in window (0.520)
    selected_hook_text='We are, not we will.'


==================================================
NARRATIVE OBSERVATORY: STORY TRACE REPORT
==================================================
============================================================
                 HOTSHORT PIPELINE X-RAY
============================================================

[STAGE AUTOPSIES]

⚡ STRICT_PASS
   input=447 | output=12 | time=0.000s
   Rejected:
     semantic<0.35 = 240
     punch<0.25 = 422

⚡ CANDIDATE_GENERATION
   input=459 | output=8 | time=0.003s

⚡ HOOK_HUNTER
   input=8 | output=24 | time=0.717s

⚡ BACKFILL
   input=24 | output=24 | time=0.000s

⚡ GROQ_TRANSCRIPT_FIRST
   input=0 | output=0 | time=0.000s

⚡ VALIDATION
   input=24 | output=24 | time=0.000s

⚡ ARC_ASSEMBLER
   input=8 | output=8 | time=0.644s

⚡ EDITOR_REFINER
   input=8 | output=8 | time=0.172s

⚡ IDEA_GRAPH
   input=459 | output=459 | time=0.000s

⚡ PRE_FILTER
   input=459 | output=447 | time=0.000s
   Rejected:
     low_semantic = 12
     low_punch = 12
     low_curiosity = 12

============================================================
                CLIP LIFECYCLE TRACE
============================================================

📌 c_0001 | 533.9s - 593.2s | Status: final_clip_output
   Text: "meaning stop it. That's why you have to batch your meetings of similar things or take..."
   Scores: score=0.47, curiosity=0.00, punch=0.65, semantic=0.47, arc_score=0.23
   History:
     → Created by candidate_generation at 521.0s-525.2s
     → Finalized as output: passed_validation
     → Modified by arc_assembler (changes: {'start': 503.7, 'end': 540.4, 'scores': {'arc_score': 0.2385}})
     → Modified by arc_assembler (changes: {'start': 503.7, 'end': 593.21, 'scores': {'arc_score': 0.2333}})
     → Modified by editor_refiner (changes: {'start': 533.92})
     → Finalized as output: final_clip_output

📌 c_0002 | 539.2s - 635.8s | Status: final_clip_output
   Text: "So the effective executive will teach you how to remove things from your calendar...."
   Scores: score=0.46, curiosity=0.00, punch=0.65, semantic=0.43, arc_score=0.13
   History:
     → Created by candidate_generation at 554.2s-558.4s
     → Finalized as output: passed_validation
     → Modified by arc_assembler (changes: {'start': 545.78, 'end': 583.41, 'scores': {'arc_score': 0.167}})
     → Modified by arc_assembler (changes: {'start': 545.78, 'end': 635.78, 'scores': {'arc_score': 0.1279}})
     → Modified by editor_refiner (changes: {'start': 539.2})
     → Finalized as output: final_clip_output

📌 c_0003 | 324.5s - 390.5s | Status: final_clip_output
   Text: "That's why you need to have some support in your life...."
   Scores: score=0.45, curiosity=0.00, punch=0.65, semantic=0.41, arc_score=0.29
   History:
     → Created by candidate_generation at 306.1s-308.2s
     → Finalized as output: passed_validation
     → Modified by arc_assembler (changes: {'start': 300.49, 'end': 340.49, 'scores': {'arc_score': 0.1556}})
     → Modified by arc_assembler (changes: {'start': 300.49, 'end': 390.49, 'scores': {'arc_score': 0.2897}})
     → Modified by editor_refiner (changes: {'start': 324.49})
     → Finalized as output: final_clip_output

📌 c_0004 | 324.5s - 404.6s | Status: final_clip_output
   Text: "And most people just don't know what to give that person...."
   Scores: score=0.45, curiosity=0.00, punch=0.65, semantic=0.41, arc_score=0.49
   History:
     → Created by candidate_generation at 309.8s-312.4s
     → Finalized as output: passed_validation
     → Modified by arc_assembler (changes: {'start': 314.59, 'end': 354.59, 'scores': {'arc_score': 0.256}})
     → Modified by arc_assembler (changes: {'start': 314.59, 'end': 404.59, 'scores': {'arc_score': 0.4868}})
     → Modified by editor_refiner (changes: {'start': 324.49})
     → Finalized as output: final_clip_output

📌 c_0005 | 30.1s - 122.5s | Status: final_clip_output
   Text: "No, he's like, I've got to make some new space material...."
   Scores: score=0.41, curiosity=0.00, punch=0.65, semantic=0.38, arc_score=0.22
   History:
     → Created by candidate_generation at 34.0s-37.0s
     → Finalized as output: passed_validation
     → Modified by arc_assembler (changes: {'start': 32.55, 'end': 72.55, 'scores': {'arc_score': 0.2776}})
     → Modified by arc_assembler (changes: {'start': 32.55, 'end': 122.55, 'scores': {'arc_score': 0.2222}})
     → Modified by editor_refiner (changes: {'start': 30.15})
     → Finalized as output: final_clip_output

📌 c_0006 | 171.2s - 254.3s | Status: final_clip_output
   Text: "of your business and that's what you should be focusing on...."
   Scores: score=0.41, curiosity=0.00, punch=0.65, semantic=0.37, arc_score=0.28
   History:
     → Created by candidate_generation at 156.3s-158.8s
     → Finalized as output: passed_validation
     → Modified by arc_assembler (changes: {'start': 164.27, 'end': 204.27, 'scores': {'arc_score': 0.2362}})
     → Modified by arc_assembler (changes: {'start': 164.27, 'end': 254.27, 'scores': {'arc_score': 0.279}})
     → Modified by editor_refiner (changes: {'start': 171.25})
     → Finalized as output: final_clip_output

📌 c_0007 | 699.3s - 787.2s | Status: final_clip_output
   Text: "And that's like, that's like you're lying to yourself...."
   Scores: score=0.41, curiosity=0.00, punch=0.65, semantic=0.37, arc_score=0.27
   History:
     → Created by candidate_generation at 710.9s-714.8s
     → Finalized as output: passed_validation
     → Modified by arc_assembler (changes: {'start': 697.19, 'end': 727.0, 'scores': {'arc_score': 0.2297}})
     → Modified by arc_assembler (changes: {'start': 697.19, 'end': 787.19, 'scores': {'arc_score': 0.2728}})
     → Modified by editor_refiner (changes: {'start': 699.33})
     → Finalized as output: final_clip_output

📌 c_0008 | 821.6s - 891.1s | Status: final_clip_output
   Text: "will feel so familiar because I've been there a thousand times...."
   Scores: score=0.41, curiosity=0.00, punch=0.65, semantic=0.37, arc_score=0.15
   History:
     → Created by candidate_generation at 799.4s-802.6s
     → Finalized as output: passed_validation
     → Modified by arc_assembler (changes: {'start': 801.14, 'end': 841.14, 'scores': {'arc_score': 0.1749}})
     → Modified by arc_assembler (changes: {'start': 801.14, 'end': 891.14, 'scores': {'arc_score': 0.1532}})
     → Modified by editor_refiner (changes: {'start': 821.64})
     → Finalized as output: final_clip_output

📌 c_0009 | 662.2s - 663.7s | Status: passed_validation
   Text: "where you had to wear a bunch of spandex...."
   Scores: score=0.64, curiosity=0.00, punch=0.00, semantic=0.00
   History:
     → Created by hook_hunter at 662.2s-663.7s
     → Finalized as output: passed_validation

📌 c_0010 | 176.0s - 178.3s | Status: passed_validation
   Text: "but the whole philosophy is that we have to figure..."
   Scores: score=0.61, curiosity=0.00, punch=0.00, semantic=0.00
   History:
     → Created by hook_hunter at 176.0s-178.3s
     → Finalized as output: passed_validation

📌 c_0011 | 172.4s - 174.0s | Status: passed_validation
   Text: "how he builds businesses...."
   Scores: score=0.59, curiosity=0.00, punch=0.00, semantic=0.00
   History:
     → Created by hook_hunter at 172.4s-174.0s
     → Finalized as output: passed_validation

📌 c_0012 | 822.8s - 824.2s | Status: passed_validation
   Text: "You can decide to be rich right now...."
   Scores: score=0.58, curiosity=0.00, punch=0.00, semantic=0.00
   History:
     → Created by hook_hunter at 822.8s-824.2s
     → Finalized as output: passed_validation

📌 c_0013 | 449.7s - 452.5s | Status: passed_validation
   Text: "Most people think, no, I worked on this all week, I worked on this all week...."
   Scores: score=0.58, curiosity=0.00, punch=0.00, semantic=0.00
   History:
     → Created by hook_hunter at 449.7s-452.5s
     → Finalized as output: passed_validation

📌 c_0014 | 938.5s - 940.5s | Status: passed_validation
   Text: "why things aren't going their way...."
   Scores: score=0.55, curiosity=0.00, punch=0.00, semantic=0.00
   History:
     → Created by hook_hunter at 938.5s-940.5s
     → Finalized as output: passed_validation

📌 c_0015 | 899.8s - 900.9s | Status: passed_validation
   Text: "I got an idea...."
   Scores: score=0.54, curiosity=0.00, punch=0.00, semantic=0.00
   History:
     → Created by hook_hunter at 899.8s-900.9s
     → Finalized as output: passed_validation

📌 c_0016 | 414.5s - 415.7s | Status: passed_validation
   Text: "the team knows about it...."
   Scores: score=0.53, curiosity=0.00, punch=0.00, semantic=0.00
   History:
     → Created by hook_hunter at 414.5s-415.7s
     → Finalized as output: passed_validation

📌 c_0017 | 897.4s - 898.6s | Status: passed_validation
   Text: "with a little bit more confidence...."
   Scores: score=0.52, curiosity=0.00, punch=0.00, semantic=0.00
   History:
     → Created by hook_hunter at 897.4s-898.6s
     → Finalized as output: passed_validation

📌 c_0018 | 197.3s - 199.8s | Status: passed_validation
   Text: "this month to next month, what breaks?..."
   Scores: score=0.51, curiosity=0.00, punch=0.00, semantic=0.00
   History:
     → Created by hook_hunter at 197.3s-199.8s
     → Finalized as output: passed_validation

📌 c_0019 | 887.5s - 890.6s | Status: passed_validation
   Text: "imagine being there and how would you live in that energy?..."
   Scores: score=0.50, curiosity=0.00, punch=0.00, semantic=0.00
   History:
     → Created by hook_hunter at 887.5s-890.6s
     → Finalized as output: passed_validation

📌 c_0020 | 551.2s - 554.2s | Status: passed_validation
   Text: "That's the 5% that'll get you 95% of results...."
   Scores: score=0.50, curiosity=0.00, punch=0.00, semantic=0.00
   History:
     → Created by hook_hunter at 551.2s-554.2s
     → Finalized as output: passed_validation

📌 c_0021 | 754.3s - 756.1s | Status: passed_validation
   Text: "Everything is a byproduct of how we feel...."
   Scores: score=0.50, curiosity=0.00, punch=0.00, semantic=0.00
   History:
     → Created by hook_hunter at 754.3s-756.1s
     → Finalized as output: passed_validation

📌 c_0022 | 1039.7s - 1042.5s | Status: passed_validation
   Text: "when you perform and how you do it...."
   Scores: score=0.50, curiosity=0.00, punch=0.00, semantic=0.00
   History:
     → Created by hook_hunter at 1039.7s-1042.5s
     → Finalized as output: passed_validation

📌 c_0023 | 303.8s - 306.1s | Status: passed_validation
   Text: "Dan, my to do list is overflowing...."
   Scores: score=0.50, curiosity=0.00, punch=0.00, semantic=0.00
   History:
     → Created by hook_hunter at 303.8s-306.1s
     → Finalized as output: passed_validation

📌 c_0024 | 322.8s - 325.7s | Status: passed_validation
   Text: "All right, so once you find your bottleneck, awesome...."
   Scores: score=0.49, curiosity=0.00, punch=0.00, semantic=0.00
   History:
     → Created by hook_hunter at 322.8s-325.7s
     → Finalized as output: passed_validation

============================================================
======================================================================
PIPELINE COMPLETED. FOUND 8 FINAL CLIPS.
======================================================================
